[Licensing::Module] Trying to connect to existing licensing client channel...
Built from '6000.6/respin/6000.6.0f1-fa21a270ab12' branch; Version is '6000.6.0f1 (f7f8ed4d1e24) revision 16251117'; Using compiler version '194234433'; Build Type 'Release'
[Licensing::IpcConnector] Successfully connected to: "LicenseClient-CAURFESA" at "2026-10-02T17:39:38.702788Z"
OS: 'Windows 10  (10.0.19045) 64bit CoreSingleLanguage' Language: 'es' Physical Memory: 6099 MB
BatchMode: 1, IsHumanControllingUs: 0, StartBugReporterOnCrash: 0, Is64bit: 1
System  architecture: x64
Process architecture: x64
Date: 2026-10-02T17:39:38Z

COMMAND LINE ARGUMENTS:
C:\Program Files\Unity\Hub\Editor\6000.6.0f1\Editor\Unity.exe
-adb2
-batchMode
-noUpm
-name
AssetImportWorkerHW0
-projectPath
C:/Users/kimji/Ingenieria_MisionKonstruir
-logFile
Logs/AssetImportWorkerHW0.log
-srvPort
55184
-parentPid
21176
-analyticsCloudUserId
anonymous
-analyticsCloudProjectId
568c27f6-37e2-4d04-a3cc-cd50cd05e909
-analyticsLocalProjectId
4e79b41e5f1da024cbd23a0f0c5a5061
-editorAnalyticsEnabled
1
-cbmEditorLicense
71d61510579783903c3100b92f9b49cf9fb41097
-cbmMachineId
olCXLNDLr2tGng5msl/O74yqVd0=
-licensingIpc
LicenseClient-CAURFESA
-noDiagnosticSwitchPersistentStore
-job-worker-count
3
-background-job-worker-count
8
-asset-garbage-collectors
1
-force-d3d12
-name
AssetImport
Successfully changed project path to: C:/Users/kimji/Ingenieria_MisionKonstruir
[Licensing::Client] Code 10 while verifying Licensing Client signature (process Id: 3428, path: "C:/Program Files/Unity Hub/UnityLicensingClient_V1/Unity.Licensing.Client.exe")
[Licensing::Module] LicensingClient has failed validation; ignoring
C:/Users/kimji/Ingenieria_MisionKonstruir
[Licensing::Client] Handshaking with LicensingClient:
  Version:                 1.18.3+d7ffd15
  Session Id:              07fb703ac13c46d49dc45199715571da
  Correlation Id:          6670af51ee1ef093ebd8b8510a7ca2a7
  External correlation Id: 1489256591785819184
  Machine Id:              olCXLNDLr2tGng5msl/O74yqVd0=
[UnityMemory] Configuration Parameters - Can be set up in boot.config
    "memorysetup-temp-allocator-size-gi-baking-worker=262144"
    "memorysetup-temp-allocator-size-gi-baking-worker=262144"
    "memorysetup-temp-allocator-size-gi-baking-worker=262144"
    "memorysetup-temp-allocator-size-gi-baking-worker=262144"
    "memorysetup-temp-allocator-size-gi-baking-worker=262144"
[Licensing::Module] Successfully connected to LicensingClient on channel: "LicenseClient-CAURFESA" (connect: 0.00s, validation: 0.01s, handshake: 0.62s)
    "memorysetup-temp-allocator-size-nav-mesh-worker=65536"
    "memorysetup-temp-allocator-size-audio-worker=65536"
    "memorysetup-temp-allocator-size-cloud-worker=32768"
    "memorysetup-temp-allocator-size-gfx=262144"
    "memorysetup-remapper-allocator-initial-capacity=32768"
    "memorysetup-temp-allocator-size-preload-manager=33554432"
    "memorysetup-allocator-temp-initial-block-size-main=262144"
    "memorysetup-allocator-temp-initial-block-size-worker=262144"
    "memorysetup-temp-allocator-size-job-worker=262144"
    "memorysetup-temp-allocator-size-background-worker=32768"
    "memorysetup-bucket-allocator-granularity=16"
    "memorysetup-bucket-allocator-bucket-count=8"
[Licensing::IpcConnector] Successfully connected to: "LicenseClient-CAURFESA-notifications" at "2026-10-02T17:39:39.328166Z"
[Licensing::Module] Licensing Background thread has ended after 0.63s
    "memorysetup-bucket-allocator-block-size=33554432"
    "memorysetup-bucket-allocator-block-count=8"
    "memorysetup-main-allocator-block-size=16777216"
    "memorysetup-thread-allocator-block-size=16777216"
    "memorysetup-main-allocator-mimalloc-enabled=1"
    "memorysetup-gfx-main-allocator-block-size=16777216"
    "memorysetup-gfx-thread-allocator-block-size=16777216"
    "memorysetup-cache-allocator-block-size=4194304"
    "memorysetup-typetree-allocator-block-size=2097152"
    "memorysetup-profiler-bucket-allocator-granularity=16"
    "memorysetup-profiler-bucket-allocator-bucket-count=8"
    "memorysetup-profiler-bucket-allocator-block-size=33554432"
    "memorysetup-profiler-bucket-allocator-block-count=8"
    "memorysetup-profiler-allocator-block-size=16777216"
    "memorysetup-profiler-editor-allocator-block-size=1048576"
    "memorysetup-temp-allocator-size-main=16777216"
    "memorysetup-job-temp-allocator-block-size=2097152"
    "memorysetup-job-temp-allocator-block-size-background=1048576"
    "memorysetup-job-temp-allocator-reduction-small-platforms=262144"
Player connection [5380]  Target information:

Player connection [5380]  * "[IP] 192.168.47.1 [Port] 0 [Flags] 2 [Guid] 2283976238 [EditorId] 2283976238 [Version] 1048832 [Id] WindowsEditor(7,DESKTOP-3HPLMV0) [Debug] 1 [PackageName] WindowsEditor [ProjectName] Editor" 

Player connection [5380]  * "[IP] 192.168.163.1 [Port] 0 [Flags] 2 [Guid] 2283976238 [EditorId] 2283976238 [Version] 1048832 [Id] WindowsEditor(7,DESKTOP-3HPLMV0) [Debug] 1 [PackageName] WindowsEditor [ProjectName] Editor" 

Player connection [5380]  * "[IP] 192.168.56.1 [Port] 0 [Flags] 2 [Guid] 2283976238 [EditorId] 2283976238 [Version] 1048832 [Id] WindowsEditor(7,DESKTOP-3HPLMV0) [Debug] 1 [PackageName] WindowsEditor [ProjectName] Editor" 

Player connection [5380]  * "[IP] 169.254.62.158 [Port] 0 [Flags] 2 [Guid] 2283976238 [EditorId] 2283976238 [Version] 1048832 [Id] WindowsEditor(7,DESKTOP-3HPLMV0) [Debug] 1 [PackageName] WindowsEditor [ProjectName] Editor" 

Player connection [5380]  * "[IP] 192.168.100.122 [Port] 0 [Flags] 2 [Guid] 2283976238 [EditorId] 2283976238 [Version] 1048832 [Id] WindowsEditor(7,DESKTOP-3HPLMV0) [Debug] 1 [PackageName] WindowsEditor [ProjectName] Editor" 

Player connection [5380] Host joined multi-casting on [225.0.0.222:54997]...
Player connection [5380] Host joined alternative multi-casting on [225.0.0.222:34997]...
JobSystem: Creating JobQueue using job-worker-count value 3
Input System module state changed to: Initialized.
[Physics::Module] Initialized fallback backend.
[Physics::Module] Id: 0xdecafbad
Library Redirect Path: Library/
Initialising UDS system complete:
  - System type: Client
  - Resource namespace: 40e3c16f32eb00e1da9559442c698f73
  - Shared memory size: 1073741824
  - Command buffer id: 1052576
  - Command buffer size: 8192
  - Hashmap size: 4194304
  - Service connected: true
  - Service working directory: Library/DataStore/
[Physics::Module] Selected backend.
[Physics::Module] Name: PhysX
[Physics::Module] Id: 0xf2b8ea05
[Physics::Module] SDK Version: 4.1.2
[Physics::Module] Integration Version: 1.0.0
[Physics::Module] Threading Mode: Multi-Threaded
Refreshing native plugins compatible for Editor in 221.47 ms, found 5 plugins.
Initialize engine version: 6000.6.0f1 (f7f8ed4d1e24)
[EntityIdStore] init: VM path (explicit commit), pageSize=4096, blockCount=1048576, entitiesPerBlock=256, slots reserved=4294967296 bytes
[Subsystems] Discovering subsystems at path C:/Program Files/Unity/Hub/Editor/6000.6.0f1/Editor/Data/Resources/UnitySubsystems
[Subsystems] Discovering subsystems at path C:/Users/kimji/Ingenieria_MisionKonstruir/Assets
Forcing GfxDevice: Direct3D 12
GfxDevice: creating device client; kGfxThreadingModeNonThreaded
d3d12: failed to query info queue interface (0x80004002).
Direct3D:
    Version:         Direct3D 12 [level 12.1]
    Renderer:        AMD Radeon(TM) Vega 8 Graphics (ID=0x15dd)
    Vendor:          ATI
    VRAM:            3049 MB
    App VRAM Budget: 4574 MB
    Driver:          26.20.11008.6001
    Unified Memory Architecture
Initialize mono
Mono path[0] = 'C:/Program Files/Unity/Hub/Editor/6000.6.0f1/Editor/Data/Managed'
Mono path[1] = 'C:/Program Files/Unity/Hub/Editor/6000.6.0f1/Editor/Data/BCLExtensions/runtime/netstandard2.1'
Mono path[2] = 'C:/Program Files/Unity/Hub/Editor/6000.6.0f1/Editor/Data/MonoBleedingEdge/lib/mono/unityjit-win32'
Mono config path = 'C:/Program Files/Unity/Hub/Editor/6000.6.0f1/Editor/Data/MonoBleedingEdge/etc'
Using monoOptions --debugger-agent=transport=dt_socket,embedding=1,server=y,suspend=n,address=127.0.0.1:56296
CodeReloadManager initialized
Begin MonoManager ReloadAssembly
Registering precompiled unity dll's ...
Register platform support module: C:/Program Files/Unity/Hub/Editor/6000.6.0f1/Editor/Data/PlaybackEngines/WebGLSupport/UnityEditor.WebGL.Extensions.dll
Register platform support module: C:/Program Files/Unity/Hub/Editor/6000.6.0f1/Editor/Data/PlaybackEngines/WindowsStandaloneSupport/UnityEditor.WindowsStandalone.Extensions.dll
Registered in 0.023745 seconds.
Native extension for WindowsStandalone target not found
Native extension for WebGL target not found
Package Manager log level set to [2]
[Package Manager] Failed to launch server process. Reason: Unity was launched with the -noUpm command-line argument
[Package Manager] Unable to send message (not connected to server process).
[Package Manager] Cannot connect to Unity Package Manager local server
ScheduleIndexationOnStartup MainProcess:False IndexOnStartup:True
Scripting: successfully reloaded assembly
- Finished resetting the current domain, in  7.238 seconds
Domain Reload Profiling: 13640ms
	BeginReloadAssembly (1597ms)
		CreateAndSetChildDomain (17ms)
	RebuildCommonClasses (55ms)
	RebuildNativeTypeToScriptingClass (272ms)
	initialDomainReloadingComplete (1098ms)
	LoadAllAssembliesAndSetupDomain (3377ms)
		LoadAssemblies (1555ms)
		TypeCache.Refresh (2283ms)
			TypeCache.ScanAssembly (2028ms)
		AnalyzeDomain (3ms)
	FinalizeReload (7242ms)
		SetupLoadedEditorAssemblies (0ms)
			LogAssemblyErrors (8ms)
			InitializePlatformSupportModulesInManaged (34ms)
			BeforeProcessingInitializeOnLoad (2521ms)
			ProcessInitializeOnLoadAttributes (1435ms)
			ProcessInitializeOnLoadMethodAttributes (2509ms)
			EditorAssembliesLoaded (3ms)
Assembly reference Packages/com.unity.cinemachine/Editor/Samples/ExposeHDRPInternals/HDRP-Editor-ref.asmref has no target assembly definition
Initializing Unity extensions:
[Licensing::Client] Successfully resolved entitlement details
[Licensing::Module] License group:
  Id: 4674240122532-UnityPersXXXX
  Product: Unity Personal
  Type: Assigned
  Expiration: Unlimited
========================================================================
Worker process is ready to serve import requests
Import Worker Mode flag is 0x00
Assembly reference Packages/com.unity.cinemachine/Editor/Samples/ExposeHDRPInternals/HDRP-Editor-ref.asmref has no target assembly definition
Assembly reference Packages/com.unity.cinemachine/Editor/Samples/ExposeHDRPInternals/HDRP-Editor-ref.asmref has no target assembly definition
Begin MonoManager ReloadAssembly
Assembly reference Packages/com.unity.cinemachine/Editor/Samples/ExposeHDRPInternals/HDRP-Editor-ref.asmref has no target assembly definition
Assembly reference Packages/com.unity.cinemachine/Editor/Samples/ExposeHDRPInternals/HDRP-Editor-ref.asmref has no target assembly definition
'Packages/com.unity.cinemachine/Editor/Obsolete/CinemachineVirtualCameraBaseEditor.cs' contains partial class of Unity.Object, exactly 1 of the partial classes needs to be in a file with the same filename. This is to know the one that can be referenced from ie. GameObjects
'Packages/com.unity.cinemachine/Editor/Editors/CinemachineVirtualCameraBaseEditor.cs' contains partial class of Unity.Object, exactly 1 of the partial classes needs to be in a file with the same filename. This is to know the one that can be referenced from ie. GameObjects
Refreshing native plugins compatible for Editor in 16.85 ms, found 5 plugins.
Native extension for WindowsStandalone target not found
Native extension for WebGL target not found
[Package Manager] Failed to launch server process. Reason: Unity was launched with the -noUpm command-line argument
[Package Manager] Unable to send message (not connected to server process).
[Package Manager] Cannot connect to Unity Package Manager local server
[Package Manager] Failed to launch server process. Reason: Unity was launched with the -noUpm command-line argument
[Package Manager] Unable to send message (not connected to server process).
[Package Manager] Cannot connect to Unity Package Manager local server
[Package Manager] Failed to launch server process. Reason: Unity was launched with the -noUpm command-line argument
[Package Manager] Unable to send message (not connected to server process).
[Package Manager] Cannot connect to Unity Package Manager local server
Refreshing native plugins compatible for Editor in 10.70 ms, found 5 plugins.
ScheduleIndexationOnStartup MainProcess:False IndexOnStartup:True
Scripting: successfully reloaded assembly
- Finished resetting the current domain, in  3.286 seconds
Domain Reload Profiling: 11278ms
	BeginReloadAssembly (1922ms)
		DisableScriptedObjects (44ms)
		CreateAndSetChildDomain (242ms)
	RebuildCommonClasses (253ms)
	RebuildNativeTypeToScriptingClass (427ms)
	initialDomainReloadingComplete (915ms)
	LoadAllAssembliesAndSetupDomain (4470ms)
		LoadAssemblies (3644ms)
		TypeCache.Refresh (987ms)
			TypeCache.ScanAssembly (913ms)
		AnalyzeDomain (417ms)
			BuildScriptInfoCaches (385ms)
			ResolveRequiredComponents (24ms)
	FinalizeReload (3291ms)
		SetupLoadedEditorAssemblies (0ms)
			LogAssemblyErrors (6ms)
			InitializePlatformSupportModulesInManaged (28ms)
			BeforeProcessingInitializeOnLoad (518ms)
			ProcessInitializeOnLoadAttributes (1605ms)
			ProcessInitializeOnLoadMethodAttributes (265ms)
			AfterProcessingInitializeOnLoad (52ms)
			EditorAssembliesLoaded (6ms)
		AwakeInstancesAfterBackupRestoration (37ms)
AcceleratorClientConnectionCallback - disconnected - :0
Launched and connected shader compiler UnityShaderCompiler.exe after 0.05 seconds
Refreshing native plugins compatible for Editor in 13.79 ms, found 5 plugins.
Unloading 1 Unused Serialized files (Serialized files now loaded: 0)
Unloading 5601 unused Assets / (2.1 MB). Loaded Objects now: 6280.
Memory consumption went from 290.3 MB to 288.3 MB.
Total: 51.226900 ms (FindLiveObjects: 7.692200 ms CreateObjectMapping: 2.341200 ms MarkObjects: 29.848400 ms  DeleteObjects: 10.113700 ms)

========================================================================
Received Import Request.
  Time of request: 2026-10-02T17:42:00.1006287Z
  Time since last request: 11356.99089070000082 seconds.
  importAddress: GUID: c2ef4fce340df7043ae59c1a11cd39d8 - Path: Assets/Scripts/Player/PlayerCameraJuice.cs - Importer: PreviewImporter
Importing 'GUID: c2ef4fce340df7043ae59c1a11cd39d8 - Path: Assets/Scripts/Player/PlayerCameraJuice.cs - Importer: PreviewImporter' with importer (PreviewImporter)
Imported 'GUID: c2ef4fce340df7043ae59c1a11cd39d8' -> (Import Result ID: '0ac3af47ace2717b36cb92fa691b1d5c') in 0.247 seconds [static and dynamic dependencies]. Details - ImportResultOutputID=0cdca3c03de8dc029169d79e97610bd7 DependenciesID=b251c2034f97c6d33c120be159331b70 StaticDependenciesID=0ea7990e33b50fbb1665433d04d026ca 
Number of updated asset objects reloaded before import = 0
Number of asset objects unloaded after import = 0
========================================================================
Received Prepare
AcceleratorClientConnectionCallback - disconnected - :0
Assembly reference Packages/com.unity.cinemachine/Editor/Samples/ExposeHDRPInternals/HDRP-Editor-ref.asmref has no target assembly definition
Assembly reference Packages/com.unity.cinemachine/Editor/Samples/ExposeHDRPInternals/HDRP-Editor-ref.asmref has no target assembly definition
[Licensing::Client] Successfully resolved entitlement details
Begin MonoManager ReloadAssembly
Assembly reference Packages/com.unity.cinemachine/Editor/Samples/ExposeHDRPInternals/HDRP-Editor-ref.asmref has no target assembly definition
Assembly reference Packages/com.unity.cinemachine/Editor/Samples/ExposeHDRPInternals/HDRP-Editor-ref.asmref has no target assembly definition
'Packages/com.unity.cinemachine/Editor/Obsolete/CinemachineVirtualCameraBaseEditor.cs' contains partial class of Unity.Object, exactly 1 of the partial classes needs to be in a file with the same filename. This is to know the one that can be referenced from ie. GameObjects
'Packages/com.unity.cinemachine/Editor/Editors/CinemachineVirtualCameraBaseEditor.cs' contains partial class of Unity.Object, exactly 1 of the partial classes needs to be in a file with the same filename. This is to know the one that can be referenced from ie. GameObjects
Refreshing native plugins compatible for Editor in 24.41 ms, found 5 plugins.
Native extension for WindowsStandalone target not found
Native extension for WebGL target not found
[Package Manager] Failed to launch server process. Reason: Unity was launched with the -noUpm command-line argument
[Package Manager] Unable to send message (not connected to server process).
[Package Manager] Cannot connect to Unity Package Manager local server
[Package Manager] Failed to launch server process. Reason: Unity was launched with the -noUpm command-line argument
[Package Manager] Unable to send message (not connected to server process).
[Package Manager] Cannot connect to Unity Package Manager local server
[Package Manager] Failed to launch server process. Reason: Unity was launched with the -noUpm command-line argument
[Package Manager] Unable to send message (not connected to server process).
[Package Manager] Cannot connect to Unity Package Manager local server
ScheduleIndexationOnStartup MainProcess:False IndexOnStartup:True
Scripting: successfully reloaded assembly
- Finished resetting the current domain, in  4.217 seconds
Domain Reload Profiling: 19184ms
	BeginReloadAssembly (9891ms)
		ExecutionOrderSort (4ms)
		DisableScriptedObjects (754ms)
		ReleaseScriptingObjects (7ms)
		CreateAndSetChildDomain (2666ms)
	RebuildCommonClasses (46ms)
	RebuildNativeTypeToScriptingClass (82ms)
	initialDomainReloadingComplete (423ms)
	LoadAllAssembliesAndSetupDomain (4521ms)
		LoadAssemblies (4150ms)
		TypeCache.Refresh (70ms)
		AnalyzeDomain (1216ms)
			BuildScriptInfoCaches (1159ms)
			ResolveRequiredComponents (27ms)
	FinalizeReload (4221ms)
		SetupLoadedEditorAssemblies (0ms)
			LogAssemblyErrors (12ms)
			InitializePlatformSupportModulesInManaged (9ms)
			BeforeProcessingInitializeOnLoad (778ms)
			ProcessInitializeOnLoadAttributes (1561ms)
			ProcessInitializeOnLoadMethodAttributes (390ms)
			AfterProcessingInitializeOnLoad (51ms)
			EditorAssembliesLoaded (9ms)
		AwakeInstancesAfterBackupRestoration (44ms)
Refreshing native plugins compatible for Editor in 10.68 ms, found 5 plugins.
Unloading 1 Unused Serialized files (Serialized files now loaded: 0)
Unloading 5599 unused Assets / (2.2 MB). Loaded Objects now: 6286.
Memory consumption went from 291.8 MB to 289.6 MB.
Total: 32.187900 ms (FindLiveObjects: 1.472700 ms CreateObjectMapping: 1.522200 ms MarkObjects: 24.993100 ms  DeleteObjects: 3.531200 ms)

Prepare: number of updated asset objects reloaded= 0
========================================================================
Received Prepare
AcceleratorClientConnectionCallback - disconnected - :0
Refreshing native plugins compatible for Editor in 10.95 ms, found 5 plugins.
Unloading 1 Unused Serialized files (Serialized files now loaded: 0)
Unloading 1 unused Assets / (61.4 KB). Loaded Objects now: 6286.
Memory consumption went from 288.0 MB to 287.9 MB.
Total: 535.725100 ms (FindLiveObjects: 4.633700 ms CreateObjectMapping: 2.254400 ms MarkObjects: 525.612700 ms  DeleteObjects: 2.280000 ms)

Prepare: number of updated asset objects reloaded= 0
========================================================================
Received Import Request.
  Time of request: 2026-10-02T19:41:13.5476373Z
  Time since last request: 7153.13573189999988 seconds.
  importAddress: GUID: c2ef4fce340df7043ae59c1a11cd39d8 - Path: Assets/Scripts/Player/PlayerCameraJuice.cs - Importer: ScriptedImporter/UnityEditor.QuickSearchModule:UnityEditor.Search:ASIAI0B
Importing 'GUID: c2ef4fce340df7043ae59c1a11cd39d8 - Path: Assets/Scripts/Player/PlayerCameraJuice.cs - Importer: ScriptedImporter/UnityEditor.QuickSearchModule:UnityEditor.Search:ASIAI0B' with importer (ScriptedImporter : UnityEditor.QuickSearchModule:UnityEditor.Search:ASIAI0B)
Imported 'GUID: c2ef4fce340df7043ae59c1a11cd39d8' -> (Import Result ID: '40b8fb8a73f55d77c28982ef06db819b') in 1.248 seconds [static and dynamic dependencies]. Details - ImportResultOutputID=2a69439e6427d533b5ff1e8fbb93e1a7 DependenciesID=bd716a707c05450547cf3966a1fdd921 StaticDependenciesID=c07d14517ac42d1d08e45603361ebb88 
Number of updated asset objects reloaded before import = 0
Number of asset objects unloaded after import = 0
========================================================================
Received Prepare
AcceleratorClientConnectionCallback - disconnected - :0
'Packages/com.unity.cinemachine/Editor/Obsolete/CinemachineVirtualCameraBaseEditor.cs' contains partial class of Unity.Object, exactly 1 of the partial classes needs to be in a file with the same filename. This is to know the one that can be referenced from ie. GameObjects
'Packages/com.unity.cinemachine/Editor/Editors/CinemachineVirtualCameraBaseEditor.cs' contains partial class of Unity.Object, exactly 1 of the partial classes needs to be in a file with the same filename. This is to know the one that can be referenced from ie. GameObjects
Refreshing native plugins compatible for Editor in 10.58 ms, found 5 plugins.
Unloading 1 Unused Serialized files (Serialized files now loaded: 0)
Unloading 5585 unused Assets / (2.1 MB). Loaded Objects now: 6287.
Memory consumption went from 294.3 MB to 292.2 MB.
Total: 27.228900 ms (FindLiveObjects: 1.417500 ms CreateObjectMapping: 2.300500 ms MarkObjects: 17.476200 ms  DeleteObjects: 5.400900 ms)

Prepare: number of updated asset objects reloaded= 0
========================================================================
Received Import Request.
  Time of request: 2026-10-02T19:41:19.6698724Z
  Time since last request: 4.7680484 seconds.
  importAddress: GUID: dfe622eff79493d4d88af947c3f6a198 - Path: Assets/Scripts/Environment/Parallax.cs - Importer: ScriptedImporter/UnityEditor.QuickSearchModule:UnityEditor.Search:ASIAI0B
Importing 'GUID: dfe622eff79493d4d88af947c3f6a198 - Path: Assets/Scripts/Environment/Parallax.cs - Importer: ScriptedImporter/UnityEditor.QuickSearchModule:UnityEditor.Search:ASIAI0B' with importer (ScriptedImporter : UnityEditor.QuickSearchModule:UnityEditor.Search:ASIAI0B)
Imported 'GUID: dfe622eff79493d4d88af947c3f6a198' -> (Import Result ID: '1c8c9c9ed92bb47e88e21fba2b46d24a') in 0.026 seconds [static and dynamic dependencies]. Details - ImportResultOutputID=736a3e923f56bec7176d0804d111ae48 DependenciesID=c1e12a24f20694cfdeec447ab07fda2c StaticDependenciesID=b12d945894a584031e04f52e5523f6d5 
Number of updated asset objects reloaded before import = 0
Number of asset objects unloaded after import = 0
========================================================================
Received Import Request.
  Time of request: 2026-10-02T19:41:19.7958836Z
  Time since last request: 0.0961377 seconds.
  importAddress: GUID: dfe622eff79493d4d88af947c3f6a198 - Path: Assets/Scripts/Environment/Parallax.cs - Importer: PreviewImporter
Importing 'GUID: dfe622eff79493d4d88af947c3f6a198 - Path: Assets/Scripts/Environment/Parallax.cs - Importer: PreviewImporter' with importer (PreviewImporter)
Imported 'GUID: dfe622eff79493d4d88af947c3f6a198' -> (Import Result ID: '6f9b3c0dd6aa5b8969eb8d47283bc86e') in 0.004 seconds [static and dynamic dependencies]. Details - ImportResultOutputID=6c026a406a10a7af495860ef6c249de6 DependenciesID=5cdc42815d5bd9062f24f0f3c4779d50 StaticDependenciesID=f1621671a5028d14032d6311ae999542 
Number of updated asset objects reloaded before import = 0
Number of asset objects unloaded after import = 0
========================================================================
Received Prepare
AcceleratorClientConnectionCallback - disconnected - :0
Assembly reference Packages/com.unity.cinemachine/Editor/Samples/ExposeHDRPInternals/HDRP-Editor-ref.asmref has no target assembly definition
Assembly reference Packages/com.unity.cinemachine/Editor/Samples/ExposeHDRPInternals/HDRP-Editor-ref.asmref has no target assembly definition
[Licensing::Client] Successfully resolved entitlement details
Begin MonoManager ReloadAssembly
Assembly reference Packages/com.unity.cinemachine/Editor/Samples/ExposeHDRPInternals/HDRP-Editor-ref.asmref has no target assembly definition
Assembly reference Packages/com.unity.cinemachine/Editor/Samples/ExposeHDRPInternals/HDRP-Editor-ref.asmref has no target assembly definition
'Packages/com.unity.cinemachine/Editor/Obsolete/CinemachineVirtualCameraBaseEditor.cs' contains partial class of Unity.Object, exactly 1 of the partial classes needs to be in a file with the same filename. This is to know the one that can be referenced from ie. GameObjects
'Packages/com.unity.cinemachine/Editor/Editors/CinemachineVirtualCameraBaseEditor.cs' contains partial class of Unity.Object, exactly 1 of the partial classes needs to be in a file with the same filename. This is to know the one that can be referenced from ie. GameObjects
Refreshing native plugins compatible for Editor in 16.98 ms, found 5 plugins.
Native extension for WindowsStandalone target not found
Native extension for WebGL target not found
[Package Manager] Failed to launch server process. Reason: Unity was launched with the -noUpm command-line argument
[Package Manager] Unable to send message (not connected to server process).
[Package Manager] Cannot connect to Unity Package Manager local server
[Package Manager] Failed to launch server process. Reason: Unity was launched with the -noUpm command-line argument
[Package Manager] Unable to send message (not connected to server process).
[Package Manager] Cannot connect to Unity Package Manager local server
[Package Manager] Failed to launch server process. Reason: Unity was launched with the -noUpm command-line argument
[Package Manager] Unable to send message (not connected to server process).
[Package Manager] Cannot connect to Unity Package Manager local server
ScheduleIndexationOnStartup MainProcess:False IndexOnStartup:True
Scripting: successfully reloaded assembly
- Finished resetting the current domain, in  3.158 seconds
Domain Reload Profiling: 21640ms
	BeginReloadAssembly (7441ms)
		DisableScriptedObjects (1662ms)
		ReleaseScriptingObjects (4ms)
		CreateAndSetChildDomain (1321ms)
	RebuildCommonClasses (50ms)
	RebuildNativeTypeToScriptingClass (78ms)
	initialDomainReloadingComplete (656ms)
	LoadAllAssembliesAndSetupDomain (10253ms)
		LoadAssemblies (9317ms)
		TypeCache.Refresh (515ms)
			TypeCache.ScanAssembly (9ms)
		AnalyzeDomain (936ms)
			BuildScriptInfoCaches (874ms)
			ResolveRequiredComponents (36ms)
	FinalizeReload (3161ms)
		SetupLoadedEditorAssemblies (0ms)
			LogAssemblyErrors (12ms)
			InitializePlatformSupportModulesInManaged (9ms)
			BeforeProcessingInitializeOnLoad (647ms)
			ProcessInitializeOnLoadAttributes (1239ms)
			ProcessInitializeOnLoadMethodAttributes (246ms)
			AfterProcessingInitializeOnLoad (38ms)
			EditorAssembliesLoaded (6ms)
		AwakeInstancesAfterBackupRestoration (33ms)
Refreshing native plugins compatible for Editor in 10.24 ms, found 5 plugins.
Unloading 1 Unused Serialized files (Serialized files now loaded: 0)
Unloading 5600 unused Assets / (2.6 MB). Loaded Objects now: 6290.
Memory consumption went from 298.1 MB to 295.5 MB.
Total: 29.300500 ms (FindLiveObjects: 4.005900 ms CreateObjectMapping: 0.936400 ms MarkObjects: 18.732400 ms  DeleteObjects: 4.968300 ms)

Prepare: number of updated asset objects reloaded= 0
========================================================================
Received Import Request.
  Time of request: 2026-10-02T20:02:14.491641Z
  Time since last request: 1254.69036520000009 seconds.
  importAddress: GUID: dfe622eff79493d4d88af947c3f6a198 - Path: Assets/Scripts/Environment/Parallax.cs - Importer: PreviewImporter
Importing 'GUID: dfe622eff79493d4d88af947c3f6a198 - Path: Assets/Scripts/Environment/Parallax.cs - Importer: PreviewImporter' with importer (PreviewImporter)
Imported 'GUID: dfe622eff79493d4d88af947c3f6a198' -> (Import Result ID: 'ec0813b13c7a2435aa1b9108fb7952a0') in 0.043 seconds [static and dynamic dependencies]. Details - ImportResultOutputID=6c026a406a10a7af495860ef6c249de6 DependenciesID=9b710d0d5303f6688acc9bdaf43ea1fa StaticDependenciesID=f1621671a5028d14032d6311ae999542 
Number of updated asset objects reloaded before import = 0
Number of asset objects unloaded after import = 0
========================================================================
Received Prepare
AcceleratorClientConnectionCallback - disconnected - :0
Assembly reference Packages/com.unity.cinemachine/Editor/Samples/ExposeHDRPInternals/HDRP-Editor-ref.asmref has no target assembly definition
Assembly reference Packages/com.unity.cinemachine/Editor/Samples/ExposeHDRPInternals/HDRP-Editor-ref.asmref has no target assembly definition
[Licensing::Client] Successfully resolved entitlement details
Begin MonoManager ReloadAssembly
Assembly reference Packages/com.unity.cinemachine/Editor/Samples/ExposeHDRPInternals/HDRP-Editor-ref.asmref has no target assembly definition
Assembly reference Packages/com.unity.cinemachine/Editor/Samples/ExposeHDRPInternals/HDRP-Editor-ref.asmref has no target assembly definition
'Packages/com.unity.cinemachine/Editor/Obsolete/CinemachineVirtualCameraBaseEditor.cs' contains partial class of Unity.Object, exactly 1 of the partial classes needs to be in a file with the same filename. This is to know the one that can be referenced from ie. GameObjects
'Packages/com.unity.cinemachine/Editor/Editors/CinemachineVirtualCameraBaseEditor.cs' contains partial class of Unity.Object, exactly 1 of the partial classes needs to be in a file with the same filename. This is to know the one that can be referenced from ie. GameObjects
Refreshing native plugins compatible for Editor in 17.30 ms, found 5 plugins.
Native extension for WindowsStandalone target not found
Native extension for WebGL target not found
[Package Manager] Failed to launch server process. Reason: Unity was launched with the -noUpm command-line argument
[Package Manager] Unable to send message (not connected to server process).
[Package Manager] Cannot connect to Unity Package Manager local server
[Package Manager] Failed to launch server process. Reason: Unity was launched with the -noUpm command-line argument
[Package Manager] Unable to send message (not connected to server process).
[Package Manager] Cannot connect to Unity Package Manager local server
[Package Manager] Failed to launch server process. Reason: Unity was launched with the -noUpm command-line argument
[Package Manager] Unable to send message (not connected to server process).
[Package Manager] Cannot connect to Unity Package Manager local server
ScheduleIndexationOnStartup MainProcess:False IndexOnStartup:True
Scripting: successfully reloaded assembly
- Finished resetting the current domain, in  7.739 seconds
Domain Reload Profiling: 42848ms
	BeginReloadAssembly (9017ms)
		ExecutionOrderSort (8ms)
		DisableScriptedObjects (1195ms)
		ReleaseScriptingObjects (8ms)
		CreateAndSetChildDomain (3213ms)
	RebuildCommonClasses (57ms)
	RebuildNativeTypeToScriptingClass (96ms)
	initialDomainReloadingComplete (1120ms)
	LoadAllAssembliesAndSetupDomain (24803ms)
		LoadAssemblies (22566ms)
		TypeCache.Refresh (669ms)
			TypeCache.ScanAssembly (6ms)
		AnalyzeDomain (1896ms)
			BuildScriptInfoCaches (1786ms)
			ResolveRequiredComponents (43ms)
	FinalizeReload (7755ms)
		SetupLoadedEditorAssemblies (0ms)
			LogAssemblyErrors (51ms)
			InitializePlatformSupportModulesInManaged (19ms)
			BeforeProcessingInitializeOnLoad (809ms)
			ProcessInitializeOnLoadAttributes (3568ms)
			ProcessInitializeOnLoadMethodAttributes (1541ms)
			AfterProcessingInitializeOnLoad (57ms)
			EditorAssembliesLoaded (20ms)
		AwakeInstancesAfterBackupRestoration (48ms)
Refreshing native plugins compatible for Editor in 20.67 ms, found 5 plugins.
Unloading 1 Unused Serialized files (Serialized files now loaded: 0)
Unloading 5600 unused Assets / (4.1 MB). Loaded Objects now: 6293.
Memory consumption went from 303.5 MB to 299.4 MB.
Total: 105.280600 ms (FindLiveObjects: 2.994300 ms CreateObjectMapping: 1.665800 ms MarkObjects: 50.325800 ms  DeleteObjects: 49.238300 ms)

Prepare: number of updated asset objects reloaded= 0
========================================================================
Received Prepare
AcceleratorClientConnectionCallback - disconnected - :0
Assembly reference Packages/com.unity.cinemachine/Editor/Samples/ExposeHDRPInternals/HDRP-Editor-ref.asmref has no target assembly definition
Assembly reference Packages/com.unity.cinemachine/Editor/Samples/ExposeHDRPInternals/HDRP-Editor-ref.asmref has no target assembly definition
[Licensing::Client] Successfully resolved entitlement details
Begin MonoManager ReloadAssembly
Assembly reference Packages/com.unity.cinemachine/Editor/Samples/ExposeHDRPInternals/HDRP-Editor-ref.asmref has no target assembly definition
Assembly reference Packages/com.unity.cinemachine/Editor/Samples/ExposeHDRPInternals/HDRP-Editor-ref.asmref has no target assembly definition
'Packages/com.unity.cinemachine/Editor/Obsolete/CinemachineVirtualCameraBaseEditor.cs' contains partial class of Unity.Object, exactly 1 of the partial classes needs to be in a file with the same filename. This is to know the one that can be referenced from ie. GameObjects
'Packages/com.unity.cinemachine/Editor/Editors/CinemachineVirtualCameraBaseEditor.cs' contains partial class of Unity.Object, exactly 1 of the partial classes needs to be in a file with the same filename. This is to know the one that can be referenced from ie. GameObjects
Refreshing native plugins compatible for Editor in 15.19 ms, found 5 plugins.
Native extension for WindowsStandalone target not found
Native extension for WebGL target not found
[Package Manager] Failed to launch server process. Reason: Unity was launched with the -noUpm command-line argument
[Package Manager] Unable to send message (not connected to server process).
[Package Manager] Cannot connect to Unity Package Manager local server
[Package Manager] Failed to launch server process. Reason: Unity was launched with the -noUpm command-line argument
[Package Manager] Unable to send message (not connected to server process).
[Package Manager] Cannot connect to Unity Package Manager local server
[Package Manager] Failed to launch server process. Reason: Unity was launched with the -noUpm command-line argument
[Package Manager] Unable to send message (not connected to server process).
[Package Manager] Cannot connect to Unity Package Manager local server
ScheduleIndexationOnStartup MainProcess:False IndexOnStartup:True
Scripting: successfully reloaded assembly
- Finished resetting the current domain, in  5.036 seconds
Domain Reload Profiling: 29219ms
	BeginReloadAssembly (8918ms)
		ExecutionOrderSort (5ms)
		DisableScriptedObjects (799ms)
		ReleaseScriptingObjects (7ms)
		CreateAndSetChildDomain (1207ms)
	RebuildCommonClasses (79ms)
	RebuildNativeTypeToScriptingClass (131ms)
	initialDomainReloadingComplete (754ms)
	LoadAllAssembliesAndSetupDomain (14296ms)
		LoadAssemblies (15820ms)
		TypeCache.Refresh (309ms)
		AnalyzeDomain (132ms)
			ResolveRequiredComponents (58ms)
	FinalizeReload (5042ms)
		SetupLoadedEditorAssemblies (0ms)
			LogAssemblyErrors (46ms)
			InitializePlatformSupportModulesInManaged (11ms)
			BeforeProcessingInitializeOnLoad (923ms)
			ProcessInitializeOnLoadAttributes (1632ms)
			ProcessInitializeOnLoadMethodAttributes (305ms)
			AfterProcessingInitializeOnLoad (56ms)
			EditorAssembliesLoaded (6ms)
		AwakeInstancesAfterBackupRestoration (65ms)
Refreshing native plugins compatible for Editor in 13.79 ms, found 5 plugins.
Unloading 1 Unused Serialized files (Serialized files now loaded: 0)
Unloading 5600 unused Assets / (2.2 MB). Loaded Objects now: 6296.
Memory consumption went from 304.9 MB to 302.6 MB.
Total: 38.699600 ms (FindLiveObjects: 2.530600 ms CreateObjectMapping: 1.632200 ms MarkObjects: 27.696900 ms  DeleteObjects: 5.814300 ms)

Prepare: number of updated asset objects reloaded= 0
========================================================================
Received Prepare
AcceleratorClientConnectionCallback - disconnected - :0
Assembly reference Packages/com.unity.cinemachine/Editor/Samples/ExposeHDRPInternals/HDRP-Editor-ref.asmref has no target assembly definition
Assembly reference Packages/com.unity.cinemachine/Editor/Samples/ExposeHDRPInternals/HDRP-Editor-ref.asmref has no target assembly definition
Begin MonoManager ReloadAssembly
Assembly reference Packages/com.unity.cinemachine/Editor/Samples/ExposeHDRPInternals/HDRP-Editor-ref.asmref has no target assembly definition
Assembly reference Packages/com.unity.cinemachine/Editor/Samples/ExposeHDRPInternals/HDRP-Editor-ref.asmref has no target assembly definition
'Packages/com.unity.cinemachine/Editor/Obsolete/CinemachineVirtualCameraBaseEditor.cs' contains partial class of Unity.Object, exactly 1 of the partial classes needs to be in a file with the same filename. This is to know the one that can be referenced from ie. GameObjects
'Packages/com.unity.cinemachine/Editor/Editors/CinemachineVirtualCameraBaseEditor.cs' contains partial class of Unity.Object, exactly 1 of the partial classes needs to be in a file with the same filename. This is to know the one that can be referenced from ie. GameObjects
Refreshing native plugins compatible for Editor in 15.19 ms, found 5 plugins.
Native extension for WindowsStandalone target not found
Native extension for WebGL target not found
[Package Manager] Failed to launch server process. Reason: Unity was launched with the -noUpm command-line argument
[Package Manager] Unable to send message (not connected to server process).
[Package Manager] Cannot connect to Unity Package Manager local server
[Package Manager] Failed to launch server process. Reason: Unity was launched with the -noUpm command-line argument
[Package Manager] Unable to send message (not connected to server process).
[Package Manager] Cannot connect to Unity Package Manager local server
[Package Manager] Failed to launch server process. Reason: Unity was launched with the -noUpm command-line argument
[Package Manager] Unable to send message (not connected to server process).
[Package Manager] Cannot connect to Unity Package Manager local server
ScheduleIndexationOnStartup MainProcess:False IndexOnStartup:True
Scripting: successfully reloaded assembly
- Finished resetting the current domain, in  6.132 seconds
Domain Reload Profiling: 11600ms
	BeginReloadAssembly (2077ms)
		DisableScriptedObjects (446ms)
		CreateAndSetChildDomain (298ms)
	RebuildCommonClasses (85ms)
	RebuildNativeTypeToScriptingClass (108ms)
	initialDomainReloadingComplete (323ms)
	LoadAllAssembliesAndSetupDomain (2871ms)
		LoadAssemblies (2084ms)
		TypeCache.Refresh (68ms)
		AnalyzeDomain (99ms)
			ResolveRequiredComponents (72ms)
	FinalizeReload (6137ms)
		SetupLoadedEditorAssemblies (0ms)
			LogAssemblyErrors (10ms)
			InitializePlatformSupportModulesInManaged (13ms)
			BeforeProcessingInitializeOnLoad (1021ms)
			ProcessInitializeOnLoadAttributes (3123ms)
			ProcessInitializeOnLoadMethodAttributes (382ms)
			AfterProcessingInitializeOnLoad (58ms)
			EditorAssembliesLoaded (5ms)
		AwakeInstancesAfterBackupRestoration (65ms)
Refreshing native plugins compatible for Editor in 24.53 ms, found 5 plugins.
Unloading 1 Unused Serialized files (Serialized files now loaded: 0)
Unloading 5600 unused Assets / (2.2 MB). Loaded Objects now: 6299.
Memory consumption went from 305.1 MB to 302.8 MB.
Total: 50.344700 ms (FindLiveObjects: 3.260500 ms CreateObjectMapping: 4.485800 ms MarkObjects: 34.794500 ms  DeleteObjects: 6.715500 ms)

Prepare: number of updated asset objects reloaded= 0
========================================================================
Received Prepare
AcceleratorClientConnectionCallback - disconnected - :0
Assembly reference Packages/com.unity.cinemachine/Editor/Samples/ExposeHDRPInternals/HDRP-Editor-ref.asmref has no target assembly definition
Assembly reference Packages/com.unity.cinemachine/Editor/Samples/ExposeHDRPInternals/HDRP-Editor-ref.asmref has no target assembly definition
[Licensing::Client] Successfully resolved entitlement details
Begin MonoManager ReloadAssembly
Assembly reference Packages/com.unity.cinemachine/Editor/Samples/ExposeHDRPInternals/HDRP-Editor-ref.asmref has no target assembly definition
Assembly reference Packages/com.unity.cinemachine/Editor/Samples/ExposeHDRPInternals/HDRP-Editor-ref.asmref has no target assembly definition
'Packages/com.unity.cinemachine/Editor/Obsolete/CinemachineVirtualCameraBaseEditor.cs' contains partial class of Unity.Object, exactly 1 of the partial classes needs to be in a file with the same filename. This is to know the one that can be referenced from ie. GameObjects
'Packages/com.unity.cinemachine/Editor/Editors/CinemachineVirtualCameraBaseEditor.cs' contains partial class of Unity.Object, exactly 1 of the partial classes needs to be in a file with the same filename. This is to know the one that can be referenced from ie. GameObjects
Refreshing native plugins compatible for Editor in 21.33 ms, found 5 plugins.
Native extension for WindowsStandalone target not found
Native extension for WebGL target not found
[Package Manager] Failed to launch server process. Reason: Unity was launched with the -noUpm command-line argument
[Package Manager] Unable to send message (not connected to server process).
[Package Manager] Cannot connect to Unity Package Manager local server
[Package Manager] Failed to launch server process. Reason: Unity was launched with the -noUpm command-line argument
[Package Manager] Unable to send message (not connected to server process).
[Package Manager] Cannot connect to Unity Package Manager local server
[Package Manager] Failed to launch server process. Reason: Unity was launched with the -noUpm command-line argument
[Package Manager] Unable to send message (not connected to server process).
[Package Manager] Cannot connect to Unity Package Manager local server
ScheduleIndexationOnStartup MainProcess:False IndexOnStartup:True
Scripting: successfully reloaded assembly
- Finished resetting the current domain, in  6.584 seconds
Domain Reload Profiling: 15750ms
	BeginReloadAssembly (3048ms)
		DisableScriptedObjects (421ms)
		ReleaseScriptingObjects (5ms)
		CreateAndSetChildDomain (844ms)
	RebuildCommonClasses (51ms)
	RebuildNativeTypeToScriptingClass (94ms)
	initialDomainReloadingComplete (502ms)
	LoadAllAssembliesAndSetupDomain (5457ms)
		LoadAssemblies (4231ms)
		TypeCache.Refresh (409ms)
		AnalyzeDomain (96ms)
			ResolveRequiredComponents (46ms)
	FinalizeReload (6597ms)
		SetupLoadedEditorAssemblies (0ms)
			LogAssemblyErrors (16ms)
			InitializePlatformSupportModulesInManaged (20ms)
			BeforeProcessingInitializeOnLoad (1314ms)
			ProcessInitializeOnLoadAttributes (2503ms)
			ProcessInitializeOnLoadMethodAttributes (623ms)
			AfterProcessingInitializeOnLoad (105ms)
			EditorAssembliesLoaded (25ms)
		AwakeInstancesAfterBackupRestoration (129ms)
Refreshing native plugins compatible for Editor in 36.05 ms, found 5 plugins.
Unloading 1 Unused Serialized files (Serialized files now loaded: 0)
Unloading 5600 unused Assets / (2.1 MB). Loaded Objects now: 6302.
Memory consumption went from 305.2 MB to 303.1 MB.
Total: 76.182900 ms (FindLiveObjects: 4.816400 ms CreateObjectMapping: 2.787400 ms MarkObjects: 49.081900 ms  DeleteObjects: 17.958000 ms)

Prepare: number of updated asset objects reloaded= 0
========================================================================
Received Prepare
AcceleratorClientConnectionCallback - disconnected - :0
Refreshing native plugins compatible for Editor in 8.84 ms, found 5 plugins.
Unloading 1 Unused Serialized files (Serialized files now loaded: 0)
Unloading 1 unused Assets / (83.8 KB). Loaded Objects now: 6302.
Memory consumption went from 301.4 MB to 301.4 MB.
Total: 22.396100 ms (FindLiveObjects: 0.885300 ms CreateObjectMapping: 0.410700 ms MarkObjects: 20.418800 ms  DeleteObjects: 0.098300 ms)

Prepare: number of updated asset objects reloaded= 0
========================================================================
Received Import Request.
  Time of request: 2026-10-02T20:42:22.5648347Z
  Time since last request: 2407.89842709999994 seconds.
  importAddress: GUID: e2819c9b9e0847a4fa42d4fd73e9a38a - Path: Assets/Prefabs/PiedraPeligro/PiedraPeligro.prefab - Importer: PreviewImporter
Importing 'GUID: e2819c9b9e0847a4fa42d4fd73e9a38a - Path: Assets/Prefabs/PiedraPeligro/PiedraPeligro.prefab - Importer: PreviewImporter' with importer (PreviewImporter)
Imported 'GUID: e2819c9b9e0847a4fa42d4fd73e9a38a' -> (Import Result ID: 'aad6da66ed00a6f6222e714f8864aa99') in 1.577 seconds [static and dynamic dependencies]. Details - ImportResultOutputID=2b8778607a49e8149b5dad80610ba3af DependenciesID=665cb7f6abd1fc12c701a6a08272a6f8 StaticDependenciesID=588758e6fed329a69c08bf8ec03178c1 
Number of updated asset objects reloaded before import = 0
Number of asset objects unloaded after import = 9
========================================================================
Received Import Request.
  Time of request: 2026-10-02T20:44:07.8663166Z
  Time since last request: 103.6149712 seconds.
  importAddress: GUID: dfe622eff79493d4d88af947c3f6a198 - Path: Assets/Scripts/Environment/Parallax.cs - Importer: ScriptedImporter/UnityEditor.QuickSearchModule:UnityEditor.Search:ASIAI0B
Importing 'GUID: dfe622eff79493d4d88af947c3f6a198 - Path: Assets/Scripts/Environment/Parallax.cs - Importer: ScriptedImporter/UnityEditor.QuickSearchModule:UnityEditor.Search:ASIAI0B' with importer (ScriptedImporter : UnityEditor.QuickSearchModule:UnityEditor.Search:ASIAI0B)
Imported 'GUID: dfe622eff79493d4d88af947c3f6a198' -> (Import Result ID: 'fe3df17f04e2d27c7c3d750d93633727') in 0.668 seconds [static and dynamic dependencies]. Details - ImportResultOutputID=078efcae8a62e7e5eae6e823499ef7f4 DependenciesID=f8e624ed3b62357bb36091698ed5db90 StaticDependenciesID=0d2a259b889718e60fa25be961418f4a 
Number of updated asset objects reloaded before import = 0
Number of asset objects unloaded after import = 0
========================================================================
Received Import Request.
  Time of request: 2026-10-02T20:44:08.5407677Z
  Time since last request: 0.0023299 seconds.
  importAddress: GUID: e2819c9b9e0847a4fa42d4fd73e9a38a - Path: Assets/Prefabs/PiedraPeligro/PiedraPeligro.prefab - Importer: ScriptedImporter/UnityEditor.QuickSearchModule:UnityEditor.Search:ASIAI0B
Importing 'GUID: e2819c9b9e0847a4fa42d4fd73e9a38a - Path: Assets/Prefabs/PiedraPeligro/PiedraPeligro.prefab - Importer: ScriptedImporter/UnityEditor.QuickSearchModule:UnityEditor.Search:ASIAI0B' with importer (ScriptedImporter : UnityEditor.QuickSearchModule:UnityEditor.Search:ASIAI0B)
Imported 'GUID: e2819c9b9e0847a4fa42d4fd73e9a38a' -> (Import Result ID: 'c8a1c0a6896c32dec2350d484c82082b') in 0.754 seconds [static and dynamic dependencies]. Details - ImportResultOutputID=6badbd5f15c77d851bb29452f3bba21f DependenciesID=69a704d687cb0eb274736da9f01db017 StaticDependenciesID=5b198a5cd860263a88b9b9026de74d4e 
Number of updated asset objects reloaded before import = 0
Number of asset objects unloaded after import = 9
========================================================================
Received Prepare
AcceleratorClientConnectionCallback - disconnected - :0
'Packages/com.unity.cinemachine/Editor/Obsolete/CinemachineVirtualCameraBaseEditor.cs' contains partial class of Unity.Object, exactly 1 of the partial classes needs to be in a file with the same filename. This is to know the one that can be referenced from ie. GameObjects
'Packages/com.unity.cinemachine/Editor/Editors/CinemachineVirtualCameraBaseEditor.cs' contains partial class of Unity.Object, exactly 1 of the partial classes needs to be in a file with the same filename. This is to know the one that can be referenced from ie. GameObjects
Refreshing native plugins compatible for Editor in 9.45 ms, found 5 plugins.
Unloading 1 Unused Serialized files (Serialized files now loaded: 0)
Unloading 5586 unused Assets / (2.0 MB). Loaded Objects now: 6311.
Memory consumption went from 307.7 MB to 305.7 MB.
Total: 92.282000 ms (FindLiveObjects: 4.840400 ms CreateObjectMapping: 3.277300 ms MarkObjects: 73.907500 ms  DeleteObjects: 8.672500 ms)

Prepare: number of updated asset objects reloaded= 0
========================================================================
Received Import Request.
  Time of request: 2026-10-02T20:44:12.6826519Z
  Time since last request: 3.3867137 seconds.
  importAddress: GUID: d494c7fba14330749912000ec248be40 - Path: Assets/Scripts/Core/PiedraPool.cs - Importer: ScriptedImporter/UnityEditor.QuickSearchModule:UnityEditor.Search:ASIAI0B
Importing 'GUID: d494c7fba14330749912000ec248be40 - Path: Assets/Scripts/Core/PiedraPool.cs - Importer: ScriptedImporter/UnityEditor.QuickSearchModule:UnityEditor.Search:ASIAI0B' with importer (ScriptedImporter : UnityEditor.QuickSearchModule:UnityEditor.Search:ASIAI0B)
Imported 'GUID: d494c7fba14330749912000ec248be40' -> (Import Result ID: '477617126175dbf1c458a6e58ef5e3fe') in 0.008 seconds [static and dynamic dependencies]. Details - ImportResultOutputID=4dba431ede684acfce337dd07fb28eb9 DependenciesID=f4e9fd756bec12d754e2f44d916d8a28 StaticDependenciesID=f317c1fc37a6d176d831f8cd3e01e356 
Number of updated asset objects reloaded before import = 0
Number of asset objects unloaded after import = 0
========================================================================
Received Prepare
AcceleratorClientConnectionCallback - disconnected - :0
Assembly reference Packages/com.unity.cinemachine/Editor/Samples/ExposeHDRPInternals/HDRP-Editor-ref.asmref has no target assembly definition
Assembly reference Packages/com.unity.cinemachine/Editor/Samples/ExposeHDRPInternals/HDRP-Editor-ref.asmref has no target assembly definition
[Licensing::Client] Successfully resolved entitlement details
Begin MonoManager ReloadAssembly
Assembly reference Packages/com.unity.cinemachine/Editor/Samples/ExposeHDRPInternals/HDRP-Editor-ref.asmref has no target assembly definition
Assembly reference Packages/com.unity.cinemachine/Editor/Samples/ExposeHDRPInternals/HDRP-Editor-ref.asmref has no target assembly definition
'Packages/com.unity.cinemachine/Editor/Obsolete/CinemachineVirtualCameraBaseEditor.cs' contains partial class of Unity.Object, exactly 1 of the partial classes needs to be in a file with the same filename. This is to know the one that can be referenced from ie. GameObjects
'Packages/com.unity.cinemachine/Editor/Editors/CinemachineVirtualCameraBaseEditor.cs' contains partial class of Unity.Object, exactly 1 of the partial classes needs to be in a file with the same filename. This is to know the one that can be referenced from ie. GameObjects
Refreshing native plugins compatible for Editor in 2484.18 ms, found 5 plugins.
Native extension for WindowsStandalone target not found
Native extension for WebGL target not found
[Package Manager] Failed to launch server process. Reason: Unity was launched with the -noUpm command-line argument
[Package Manager] Unable to send message (not connected to server process).
[Package Manager] Cannot connect to Unity Package Manager local server
[Package Manager] Failed to launch server process. Reason: Unity was launched with the -noUpm command-line argument
[Package Manager] Unable to send message (not connected to server process).
[Package Manager] Cannot connect to Unity Package Manager local server
[Package Manager] Failed to launch server process. Reason: Unity was launched with the -noUpm command-line argument
[Package Manager] Unable to send message (not connected to server process).
[Package Manager] Cannot connect to Unity Package Manager local server
ScheduleIndexationOnStartup MainProcess:False IndexOnStartup:True
Scripting: successfully reloaded assembly
- Finished resetting the current domain, in  7.384 seconds
Domain Reload Profiling: 31262ms
	BeginReloadAssembly (5890ms)
		DisableScriptedObjects (381ms)
		ReleaseScriptingObjects (6ms)
		CreateAndSetChildDomain (2041ms)
	RebuildCommonClasses (62ms)
	RebuildNativeTypeToScriptingClass (114ms)
	initialDomainReloadingComplete (844ms)
	LoadAllAssembliesAndSetupDomain (16964ms)
		LoadAssemblies (8163ms)
		TypeCache.Refresh (1719ms)
			TypeCache.ScanAssembly (7ms)
		AnalyzeDomain (6879ms)
			BuildScriptInfoCaches (6625ms)
			ResolveRequiredComponents (120ms)
	FinalizeReload (7388ms)
		SetupLoadedEditorAssemblies (0ms)
			LogAssemblyErrors (15ms)
			InitializePlatformSupportModulesInManaged (17ms)
			BeforeProcessingInitializeOnLoad (1210ms)
			ProcessInitializeOnLoadAttributes (1673ms)
			ProcessInitializeOnLoadMethodAttributes (481ms)
			AfterProcessingInitializeOnLoad (105ms)
			EditorAssembliesLoaded (7ms)
		AwakeInstancesAfterBackupRestoration (46ms)
Refreshing native plugins compatible for Editor in 10.92 ms, found 5 plugins.
Unloading 1 Unused Serialized files (Serialized files now loaded: 0)
Unloading 5601 unused Assets / (2.5 MB). Loaded Objects now: 6313.
Memory consumption went from 315.8 MB to 313.3 MB.
Total: 29.874700 ms (FindLiveObjects: 2.322000 ms CreateObjectMapping: 0.883300 ms MarkObjects: 20.302500 ms  DeleteObjects: 5.598200 ms)

Prepare: number of updated asset objects reloaded= 0
========================================================================
Received Import Request.
  Time of request: 2026-10-02T20:45:35.4404914Z
  Time since last request: 82.7486112 seconds.
  importAddress: GUID: d494c7fba14330749912000ec248be40 - Path: Assets/Scripts/Core/PiedraPool.cs - Importer: PreviewImporter
Importing 'GUID: d494c7fba14330749912000ec248be40 - Path: Assets/Scripts/Core/PiedraPool.cs - Importer: PreviewImporter' with importer (PreviewImporter)
Imported 'GUID: d494c7fba14330749912000ec248be40' -> (Import Result ID: '00000000000000000000000000000000') in 0.013 seconds
Import Error Code:(4)
Message: Build asset version error: assets/scripts/core/piedrapool.cs in SourceAssetDB has modification time of '2026-10-02T20:44:10.614866Z' while content on disk has modification time of '2026-10-02T20:45:31.1262392Z'
  ERROR: Build asset version error: assets/scripts/core/piedrapool.cs in SourceAssetDB has modification time of '2026-10-02T20:44:10.614866Z' while content on disk has modification time of '2026-10-02T20:45:31.1262392Z'
Number of updated asset objects reloaded before import = 0
Number of asset objects unloaded after import = 0
========================================================================
Received Prepare
AcceleratorClientConnectionCallback - disconnected - :0
Assembly reference Packages/com.unity.cinemachine/Editor/Samples/ExposeHDRPInternals/HDRP-Editor-ref.asmref has no target assembly definition
Assembly reference Packages/com.unity.cinemachine/Editor/Samples/ExposeHDRPInternals/HDRP-Editor-ref.asmref has no target assembly definition
[Licensing::Client] Successfully resolved entitlement details
Begin MonoManager ReloadAssembly
Assembly reference Packages/com.unity.cinemachine/Editor/Samples/ExposeHDRPInternals/HDRP-Editor-ref.asmref has no target assembly definition
Assembly reference Packages/com.unity.cinemachine/Editor/Samples/ExposeHDRPInternals/HDRP-Editor-ref.asmref has no target assembly definition
'Packages/com.unity.cinemachine/Editor/Obsolete/CinemachineVirtualCameraBaseEditor.cs' contains partial class of Unity.Object, exactly 1 of the partial classes needs to be in a file with the same filename. This is to know the one that can be referenced from ie. GameObjects
'Packages/com.unity.cinemachine/Editor/Editors/CinemachineVirtualCameraBaseEditor.cs' contains partial class of Unity.Object, exactly 1 of the partial classes needs to be in a file with the same filename. This is to know the one that can be referenced from ie. GameObjects
Refreshing native plugins compatible for Editor in 14.81 ms, found 5 plugins.
Native extension for WindowsStandalone target not found
Native extension for WebGL target not found
[Package Manager] Failed to launch server process. Reason: Unity was launched with the -noUpm command-line argument
[Package Manager] Unable to send message (not connected to server process).
[Package Manager] Cannot connect to Unity Package Manager local server
[Package Manager] Failed to launch server process. Reason: Unity was launched with the -noUpm command-line argument
[Package Manager] Unable to send message (not connected to server process).
[Package Manager] Cannot connect to Unity Package Manager local server
[Package Manager] Failed to launch server process. Reason: Unity was launched with the -noUpm command-line argument
[Package Manager] Unable to send message (not connected to server process).
[Package Manager] Cannot connect to Unity Package Manager local server
ScheduleIndexationOnStartup MainProcess:False IndexOnStartup:True
Scripting: successfully reloaded assembly
- Finished resetting the current domain, in  4.165 seconds
Domain Reload Profiling: 10810ms
	BeginReloadAssembly (1232ms)
		DisableScriptedObjects (104ms)
		CreateAndSetChildDomain (290ms)
	RebuildCommonClasses (43ms)
	RebuildNativeTypeToScriptingClass (75ms)
	initialDomainReloadingComplete (337ms)
	LoadAllAssembliesAndSetupDomain (4952ms)
		LoadAssemblies (2417ms)
		TypeCache.Refresh (62ms)
		AnalyzeDomain (1396ms)
			BuildScriptInfoCaches (1339ms)
			ResolveRequiredComponents (35ms)
	FinalizeReload (4170ms)
		SetupLoadedEditorAssemblies (0ms)
			LogAssemblyErrors (10ms)
			InitializePlatformSupportModulesInManaged (9ms)
			BeforeProcessingInitializeOnLoad (708ms)
			ProcessInitializeOnLoadAttributes (1510ms)
			ProcessInitializeOnLoadMethodAttributes (525ms)
			AfterProcessingInitializeOnLoad (95ms)
			EditorAssembliesLoaded (6ms)
		AwakeInstancesAfterBackupRestoration (45ms)
Refreshing native plugins compatible for Editor in 98.69 ms, found 5 plugins.
Unloading 1 Unused Serialized files (Serialized files now loaded: 0)
Unloading 5601 unused Assets / (1.4 MB). Loaded Objects now: 6316.
Memory consumption went from 318.8 MB to 317.4 MB.
Total: 67.027400 ms (FindLiveObjects: 3.433300 ms CreateObjectMapping: 2.721500 ms MarkObjects: 50.917700 ms  DeleteObjects: 9.036300 ms)

Prepare: number of updated asset objects reloaded= 0
========================================================================
Received Prepare
AcceleratorClientConnectionCallback - disconnected - :0
Refreshing native plugins compatible for Editor in 10.68 ms, found 5 plugins.
Unloading 1 Unused Serialized files (Serialized files now loaded: 0)
Unloading 1 unused Assets / (61.5 KB). Loaded Objects now: 6316.
Memory consumption went from 315.0 MB to 314.9 MB.
Total: 159.349500 ms (FindLiveObjects: 3.362200 ms CreateObjectMapping: 2.087100 ms MarkObjects: 151.433900 ms  DeleteObjects: 1.074700 ms)

Prepare: number of updated asset objects reloaded= 0
========================================================================
Received Prepare
AcceleratorClientConnectionCallback - disconnected - :0
Refreshing native plugins compatible for Editor in 156.99 ms, found 5 plugins.
Unloading 1 Unused Serialized files (Serialized files now loaded: 0)
Unloading 1 unused Assets / (83.9 KB). Loaded Objects now: 6316.
Memory consumption went from 315.2 MB to 315.1 MB.
Total: 440.299400 ms (FindLiveObjects: 1.341500 ms CreateObjectMapping: 16.075800 ms MarkObjects: 421.400800 ms  DeleteObjects: 0.139600 ms)

Prepare: number of updated asset objects reloaded= 0
========================================================================
Received Import Request.
  Time of request: 2026-10-02T21:26:42.7749762Z
  Time since last request: 2467.31141170000001 seconds.
  importAddress: GUID: d494c7fba14330749912000ec248be40 - Path: Assets/Scripts/Core/PiedraPool.cs - Importer: ScriptedImporter/UnityEditor.QuickSearchModule:UnityEditor.Search:ASIAI0B
Importing 'GUID: d494c7fba14330749912000ec248be40 - Path: Assets/Scripts/Core/PiedraPool.cs - Importer: ScriptedImporter/UnityEditor.QuickSearchModule:UnityEditor.Search:ASIAI0B' with importer (ScriptedImporter : UnityEditor.QuickSearchModule:UnityEditor.Search:ASIAI0B)
Imported 'GUID: d494c7fba14330749912000ec248be40' -> (Import Result ID: '26530840395dc506baaccd6083ac1cb6') in 1.885 seconds [static and dynamic dependencies]. Details - ImportResultOutputID=788c384ba2657073194788d0ef6bd632 DependenciesID=aa27cdc1741c809956e02dbe239bc36f StaticDependenciesID=d58b712f1795c984d6c637f51c53d960 
Number of updated asset objects reloaded before import = 0
Number of asset objects unloaded after import = 0
========================================================================
Received Prepare
AcceleratorClientConnectionCallback - disconnected - :0
'Packages/com.unity.cinemachine/Editor/Obsolete/CinemachineVirtualCameraBaseEditor.cs' contains partial class of Unity.Object, exactly 1 of the partial classes needs to be in a file with the same filename. This is to know the one that can be referenced from ie. GameObjects
'Packages/com.unity.cinemachine/Editor/Editors/CinemachineVirtualCameraBaseEditor.cs' contains partial class of Unity.Object, exactly 1 of the partial classes needs to be in a file with the same filename. This is to know the one that can be referenced from ie. GameObjects
Refreshing native plugins compatible for Editor in 16.45 ms, found 5 plugins.
Unloading 1 Unused Serialized files (Serialized files now loaded: 0)
Unloading 5587 unused Assets / (2.7 MB). Loaded Objects now: 6317.
Memory consumption went from 320.9 MB to 318.3 MB.
Total: 182.471700 ms (FindLiveObjects: 9.575200 ms CreateObjectMapping: 3.922600 ms MarkObjects: 153.763100 ms  DeleteObjects: 11.388400 ms)

Prepare: number of updated asset objects reloaded= 0
========================================================================
Received Prepare
AcceleratorClientConnectionCallback - disconnected - :0
Assembly reference Packages/com.unity.cinemachine/Editor/Samples/ExposeHDRPInternals/HDRP-Editor-ref.asmref has no target assembly definition
Assembly reference Packages/com.unity.cinemachine/Editor/Samples/ExposeHDRPInternals/HDRP-Editor-ref.asmref has no target assembly definition
[Licensing::Client] Successfully resolved entitlement details
Begin MonoManager ReloadAssembly
Assembly reference Packages/com.unity.cinemachine/Editor/Samples/ExposeHDRPInternals/HDRP-Editor-ref.asmref has no target assembly definition
Assembly reference Packages/com.unity.cinemachine/Editor/Samples/ExposeHDRPInternals/HDRP-Editor-ref.asmref has no target assembly definition
'Packages/com.unity.cinemachine/Editor/Obsolete/CinemachineVirtualCameraBaseEditor.cs' contains partial class of Unity.Object, exactly 1 of the partial classes needs to be in a file with the same filename. This is to know the one that can be referenced from ie. GameObjects
'Packages/com.unity.cinemachine/Editor/Editors/CinemachineVirtualCameraBaseEditor.cs' contains partial class of Unity.Object, exactly 1 of the partial classes needs to be in a file with the same filename. This is to know the one that can be referenced from ie. GameObjects
Refreshing native plugins compatible for Editor in 9.29 ms, found 5 plugins.
Native extension for WindowsStandalone target not found
Native extension for WebGL target not found
[Package Manager] Failed to launch server process. Reason: Unity was launched with the -noUpm command-line argument
[Package Manager] Unable to send message (not connected to server process).
[Package Manager] Cannot connect to Unity Package Manager local server
[Package Manager] Failed to launch server process. Reason: Unity was launched with the -noUpm command-line argument
[Package Manager] Unable to send message (not connected to server process).
[Package Manager] Cannot connect to Unity Package Manager local server
[Package Manager] Failed to launch server process. Reason: Unity was launched with the -noUpm command-line argument
[Package Manager] Unable to send message (not connected to server process).
[Package Manager] Cannot connect to Unity Package Manager local server
ScheduleIndexationOnStartup MainProcess:False IndexOnStartup:True
Scripting: successfully reloaded assembly
- Finished resetting the current domain, in  3.576 seconds
Domain Reload Profiling: 19839ms
	BeginReloadAssembly (8934ms)
		ExecutionOrderSort (8ms)
		DisableScriptedObjects (1129ms)
		ReleaseScriptingObjects (10ms)
		CreateAndSetChildDomain (1939ms)
	RebuildCommonClasses (59ms)
	RebuildNativeTypeToScriptingClass (86ms)
	initialDomainReloadingComplete (1265ms)
	LoadAllAssembliesAndSetupDomain (5917ms)
		LoadAssemblies (6204ms)
		TypeCache.Refresh (70ms)
		AnalyzeDomain (1141ms)
			BuildScriptInfoCaches (1081ms)
			ResolveRequiredComponents (32ms)
	FinalizeReload (3578ms)
		SetupLoadedEditorAssemblies (0ms)
			LogAssemblyErrors (12ms)
			InitializePlatformSupportModulesInManaged (10ms)
			BeforeProcessingInitializeOnLoad (634ms)
			ProcessInitializeOnLoadAttributes (1476ms)
			ProcessInitializeOnLoadMethodAttributes (238ms)
			AfterProcessingInitializeOnLoad (38ms)
			EditorAssembliesLoaded (6ms)
		AwakeInstancesAfterBackupRestoration (36ms)
Refreshing native plugins compatible for Editor in 7.98 ms, found 5 plugins.
Unloading 1 Unused Serialized files (Serialized files now loaded: 0)
Unloading 5602 unused Assets / (1.7 MB). Loaded Objects now: 6320.
Memory consumption went from 322.7 MB to 321.0 MB.
Total: 20.877500 ms (FindLiveObjects: 1.063800 ms CreateObjectMapping: 0.591200 ms MarkObjects: 15.674200 ms  DeleteObjects: 3.048400 ms)

Prepare: number of updated asset objects reloaded= 0
========================================================================
Received Import Request.
  Time of request: 2026-10-02T21:28:37.4510091Z
  Time since last request: 112.5884483 seconds.
  importAddress: GUID: 1d86699bf0622864ca9f1148ed538d2b - Path: Assets/Scripts/Environment/GeneradorPiedras.cs - Importer: PreviewImporter
Importing 'GUID: 1d86699bf0622864ca9f1148ed538d2b - Path: Assets/Scripts/Environment/GeneradorPiedras.cs - Importer: PreviewImporter' with importer (PreviewImporter)
Imported 'GUID: 1d86699bf0622864ca9f1148ed538d2b' -> (Import Result ID: 'd95950a75410c85e100f290bb0a804ec') in 0.042 seconds [static and dynamic dependencies]. Details - ImportResultOutputID=21a7c10f1377f0ac5c69c11bed44e137 DependenciesID=579606361e9faf371bf8b0a07796827b StaticDependenciesID=0e55d4cb117534007ea8608c0407d529 
Number of updated asset objects reloaded before import = 0
Number of asset objects unloaded after import = 0
========================================================================
Received Prepare
AcceleratorClientConnectionCallback - disconnected - :0
Assembly reference Packages/com.unity.cinemachine/Editor/Samples/ExposeHDRPInternals/HDRP-Editor-ref.asmref has no target assembly definition
Assembly reference Packages/com.unity.cinemachine/Editor/Samples/ExposeHDRPInternals/HDRP-Editor-ref.asmref has no target assembly definition
[Licensing::Client] Successfully resolved entitlement details
Begin MonoManager ReloadAssembly
Assembly reference Packages/com.unity.cinemachine/Editor/Samples/ExposeHDRPInternals/HDRP-Editor-ref.asmref has no target assembly definition
Assembly reference Packages/com.unity.cinemachine/Editor/Samples/ExposeHDRPInternals/HDRP-Editor-ref.asmref has no target assembly definition
'Packages/com.unity.cinemachine/Editor/Obsolete/CinemachineVirtualCameraBaseEditor.cs' contains partial class of Unity.Object, exactly 1 of the partial classes needs to be in a file with the same filename. This is to know the one that can be referenced from ie. GameObjects
'Packages/com.unity.cinemachine/Editor/Editors/CinemachineVirtualCameraBaseEditor.cs' contains partial class of Unity.Object, exactly 1 of the partial classes needs to be in a file with the same filename. This is to know the one that can be referenced from ie. GameObjects
Refreshing native plugins compatible for Editor in 21.38 ms, found 5 plugins.
Native extension for WindowsStandalone target not found
Native extension for WebGL target not found
[Package Manager] Failed to launch server process. Reason: Unity was launched with the -noUpm command-line argument
[Package Manager] Unable to send message (not connected to server process).
[Package Manager] Cannot connect to Unity Package Manager local server
[Package Manager] Failed to launch server process. Reason: Unity was launched with the -noUpm command-line argument
[Package Manager] Unable to send message (not connected to server process).
[Package Manager] Cannot connect to Unity Package Manager local server
[Package Manager] Failed to launch server process. Reason: Unity was launched with the -noUpm command-line argument
[Package Manager] Unable to send message (not connected to server process).
[Package Manager] Cannot connect to Unity Package Manager local server
ScheduleIndexationOnStartup MainProcess:False IndexOnStartup:True
Scripting: successfully reloaded assembly
- Finished resetting the current domain, in  3.787 seconds
Domain Reload Profiling: 23978ms
	BeginReloadAssembly (7539ms)
		ExecutionOrderSort (5ms)
		DisableScriptedObjects (638ms)
		ReleaseScriptingObjects (15ms)
		CreateAndSetChildDomain (1806ms)
	RebuildCommonClasses (122ms)
	RebuildNativeTypeToScriptingClass (142ms)
	initialDomainReloadingComplete (952ms)
	LoadAllAssembliesAndSetupDomain (11428ms)
		LoadAssemblies (8140ms)
		TypeCache.Refresh (527ms)
			TypeCache.ScanAssembly (23ms)
		AnalyzeDomain (2397ms)
			BuildScriptInfoCaches (2325ms)
			ResolveRequiredComponents (32ms)
	FinalizeReload (3796ms)
		SetupLoadedEditorAssemblies (0ms)
			LogAssemblyErrors (35ms)
			InitializePlatformSupportModulesInManaged (8ms)
			BeforeProcessingInitializeOnLoad (710ms)
			ProcessInitializeOnLoadAttributes (1520ms)
			ProcessInitializeOnLoadMethodAttributes (330ms)
			AfterProcessingInitializeOnLoad (43ms)
			EditorAssembliesLoaded (18ms)
		AwakeInstancesAfterBackupRestoration (42ms)
Refreshing native plugins compatible for Editor in 11.08 ms, found 5 plugins.
Unloading 1 Unused Serialized files (Serialized files now loaded: 0)
Unloading 5602 unused Assets / (2.1 MB). Loaded Objects now: 6323.
Memory consumption went from 324.4 MB to 322.3 MB.
Total: 33.688000 ms (FindLiveObjects: 2.685300 ms CreateObjectMapping: 1.299900 ms MarkObjects: 23.600400 ms  DeleteObjects: 4.292700 ms)

Prepare: number of updated asset objects reloaded= 0
========================================================================
Received Import Request.
  Time of request: 2026-10-02T21:43:47.5234416Z
  Time since last request: 910.02246809999997 seconds.
  importAddress: GUID: e2819c9b9e0847a4fa42d4fd73e9a38a - Path: Assets/Prefabs/PiedraPeligro/PiedraPeligro.prefab - Importer: PreviewImporter
Importing 'GUID: e2819c9b9e0847a4fa42d4fd73e9a38a - Path: Assets/Prefabs/PiedraPeligro/PiedraPeligro.prefab - Importer: PreviewImporter' with importer (PreviewImporter)
Imported 'GUID: e2819c9b9e0847a4fa42d4fd73e9a38a' -> (Import Result ID: 'e575878d4d0ba4072b57adce0e6e4cff') in 0.857 seconds [static and dynamic dependencies]. Details - ImportResultOutputID=2b8778607a49e8149b5dad80610ba3af DependenciesID=ac77b0d6e8abca5309e69361d50205e0 StaticDependenciesID=1a6f38aaec281793a335ac36cd0cd9d9 
Number of updated asset objects reloaded before import = 0
Number of asset objects unloaded after import = 10
========================================================================
Received Prepare
AcceleratorClientConnectionCallback - disconnected - :0
Assembly reference Packages/com.unity.cinemachine/Editor/Samples/ExposeHDRPInternals/HDRP-Editor-ref.asmref has no target assembly definition
Assembly reference Packages/com.unity.cinemachine/Editor/Samples/ExposeHDRPInternals/HDRP-Editor-ref.asmref has no target assembly definition
[Licensing::Client] Successfully resolved entitlement details
Begin MonoManager ReloadAssembly
Assembly reference Packages/com.unity.cinemachine/Editor/Samples/ExposeHDRPInternals/HDRP-Editor-ref.asmref has no target assembly definition
Assembly reference Packages/com.unity.cinemachine/Editor/Samples/ExposeHDRPInternals/HDRP-Editor-ref.asmref has no target assembly definition
'Packages/com.unity.cinemachine/Editor/Obsolete/CinemachineVirtualCameraBaseEditor.cs' contains partial class of Unity.Object, exactly 1 of the partial classes needs to be in a file with the same filename. This is to know the one that can be referenced from ie. GameObjects
'Packages/com.unity.cinemachine/Editor/Editors/CinemachineVirtualCameraBaseEditor.cs' contains partial class of Unity.Object, exactly 1 of the partial classes needs to be in a file with the same filename. This is to know the one that can be referenced from ie. GameObjects
Refreshing native plugins compatible for Editor in 35.95 ms, found 5 plugins.
Native extension for WindowsStandalone target not found
Native extension for WebGL target not found
[Package Manager] Failed to launch server process. Reason: Unity was launched with the -noUpm command-line argument
[Package Manager] Unable to send message (not connected to server process).
[Package Manager] Cannot connect to Unity Package Manager local server
[Package Manager] Failed to launch server process. Reason: Unity was launched with the -noUpm command-line argument
[Package Manager] Unable to send message (not connected to server process).
[Package Manager] Cannot connect to Unity Package Manager local server
[Package Manager] Failed to launch server process. Reason: Unity was launched with the -noUpm command-line argument
[Package Manager] Unable to send message (not connected to server process).
[Package Manager] Cannot connect to Unity Package Manager local server
ScheduleIndexationOnStartup MainProcess:False IndexOnStartup:True
Scripting: successfully reloaded assembly
- Finished resetting the current domain, in  7.739 seconds
Domain Reload Profiling: 20307ms
	BeginReloadAssembly (3715ms)
		DisableScriptedObjects (887ms)
		ReleaseScriptingObjects (6ms)
		CreateAndSetChildDomain (1079ms)
	RebuildCommonClasses (59ms)
	RebuildNativeTypeToScriptingClass (86ms)
	initialDomainReloadingComplete (758ms)
	LoadAllAssembliesAndSetupDomain (7943ms)
		LoadAssemblies (7010ms)
		TypeCache.Refresh (91ms)
		AnalyzeDomain (182ms)
			ResolveRequiredComponents (82ms)
	FinalizeReload (7746ms)
		SetupLoadedEditorAssemblies (0ms)
			LogAssemblyErrors (22ms)
			InitializePlatformSupportModulesInManaged (15ms)
			BeforeProcessingInitializeOnLoad (1296ms)
			ProcessInitializeOnLoadAttributes (2837ms)
			ProcessInitializeOnLoadMethodAttributes (587ms)
			AfterProcessingInitializeOnLoad (118ms)
			EditorAssembliesLoaded (9ms)
		AwakeInstancesAfterBackupRestoration (61ms)
Refreshing native plugins compatible for Editor in 27.12 ms, found 5 plugins.
Unloading 1 Unused Serialized files (Serialized files now loaded: 0)
Unloading 5602 unused Assets / (2.9 MB). Loaded Objects now: 6326.
Memory consumption went from 326.9 MB to 324.0 MB.
Total: 59.932500 ms (FindLiveObjects: 2.665200 ms CreateObjectMapping: 2.044900 ms MarkObjects: 39.939500 ms  DeleteObjects: 14.098300 ms)

Prepare: number of updated asset objects reloaded= 0
========================================================================
Received Import Request.
  Time of request: 2026-10-02T22:05:52.6877323Z
  Time since last request: 1324.19428809999999 seconds.
  importAddress: GUID: 1d86699bf0622864ca9f1148ed538d2b - Path: Assets/Scripts/Environment/GeneradorPiedras.cs - Importer: ScriptedImporter/UnityEditor.QuickSearchModule:UnityEditor.Search:ASIAI0B
Importing 'GUID: 1d86699bf0622864ca9f1148ed538d2b - Path: Assets/Scripts/Environment/GeneradorPiedras.cs - Importer: ScriptedImporter/UnityEditor.QuickSearchModule:UnityEditor.Search:ASIAI0B' with importer (ScriptedImporter : UnityEditor.QuickSearchModule:UnityEditor.Search:ASIAI0B)
Imported 'GUID: 1d86699bf0622864ca9f1148ed538d2b' -> (Import Result ID: '450bbb033fa13e5c5d38690607dc5bb3') in 0.742 seconds [static and dynamic dependencies]. Details - ImportResultOutputID=5b3cc128e413514fa579484b51ed3b77 DependenciesID=1c99bd6b25d2c5fb39b463ea4453fd90 StaticDependenciesID=4e330d9a4285e960d8b22375b7146733 
Number of updated asset objects reloaded before import = 0
Number of asset objects unloaded after import = 0
========================================================================
Received Prepare
AcceleratorClientConnectionCallback - disconnected - :0
'Packages/com.unity.cinemachine/Editor/Obsolete/CinemachineVirtualCameraBaseEditor.cs' contains partial class of Unity.Object, exactly 1 of the partial classes needs to be in a file with the same filename. This is to know the one that can be referenced from ie. GameObjects
'Packages/com.unity.cinemachine/Editor/Editors/CinemachineVirtualCameraBaseEditor.cs' contains partial class of Unity.Object, exactly 1 of the partial classes needs to be in a file with the same filename. This is to know the one that can be referenced from ie. GameObjects
Refreshing native plugins compatible for Editor in 7.31 ms, found 5 plugins.
Unloading 1 Unused Serialized files (Serialized files now loaded: 0)
Unloading 5588 unused Assets / (2.8 MB). Loaded Objects now: 6327.
Memory consumption went from 327.3 MB to 324.5 MB.
Total: 116.773600 ms (FindLiveObjects: 4.067400 ms CreateObjectMapping: 2.121800 ms MarkObjects: 102.814700 ms  DeleteObjects: 5.659200 ms)

Prepare: number of updated asset objects reloaded= 0
========================================================================
Received Import Request.
  Time of request: 2026-10-02T22:05:56.9976874Z
  Time since last request: 3.2848582 seconds.
  importAddress: GUID: afd9656fbad8bf14ab4bbd78591162e4 - Path: Assets/Scripts/Environment/Coleccionable.cs - Importer: ScriptedImporter/UnityEditor.QuickSearchModule:UnityEditor.Search:ASIAI0B
Importing 'GUID: afd9656fbad8bf14ab4bbd78591162e4 - Path: Assets/Scripts/Environment/Coleccionable.cs - Importer: ScriptedImporter/UnityEditor.QuickSearchModule:UnityEditor.Search:ASIAI0B' with importer (ScriptedImporter : UnityEditor.QuickSearchModule:UnityEditor.Search:ASIAI0B)
Imported 'GUID: afd9656fbad8bf14ab4bbd78591162e4' -> (Import Result ID: '25a966378024422b83c365cdbeb6c6e1') in 0.016 seconds [static and dynamic dependencies]. Details - ImportResultOutputID=d95fdeed4ac801925c692dd1ce9cb1c1 DependenciesID=5dbc499fed860b3c1e84ac7fd3afadca StaticDependenciesID=48bba45f8dfa54b1d0fe467df5378f07 
Number of updated asset objects reloaded before import = 0
Number of asset objects unloaded after import = 0
========================================================================
Received Import Request.
  Time of request: 2026-10-02T22:05:57.0323954Z
  Time since last request: 0.0160712 seconds.
  importAddress: GUID: afd9656fbad8bf14ab4bbd78591162e4 - Path: Assets/Scripts/Environment/Coleccionable.cs - Importer: PreviewImporter
Importing 'GUID: afd9656fbad8bf14ab4bbd78591162e4 - Path: Assets/Scripts/Environment/Coleccionable.cs - Importer: PreviewImporter' with importer (PreviewImporter)
Imported 'GUID: afd9656fbad8bf14ab4bbd78591162e4' -> (Import Result ID: 'ab68a55d66a76f2eb677f17387d14776') in 0.007 seconds [static and dynamic dependencies]. Details - ImportResultOutputID=cbdcb4946e282454996370ee424bf907 DependenciesID=068dac84051e1d3c4eaca7c6cb27143d StaticDependenciesID=d99244b3f0e8269310b0dba253fbf7d7 
Number of updated asset objects reloaded before import = 0
Number of asset objects unloaded after import = 0
========================================================================
Received Prepare
AcceleratorClientConnectionCallback - disconnected - :0
Assembly reference Packages/com.unity.cinemachine/Editor/Samples/ExposeHDRPInternals/HDRP-Editor-ref.asmref has no target assembly definition
Assembly reference Packages/com.unity.cinemachine/Editor/Samples/ExposeHDRPInternals/HDRP-Editor-ref.asmref has no target assembly definition
[Licensing::Client] Successfully resolved entitlement details
Begin MonoManager ReloadAssembly
Assembly reference Packages/com.unity.cinemachine/Editor/Samples/ExposeHDRPInternals/HDRP-Editor-ref.asmref has no target assembly definition
Assembly reference Packages/com.unity.cinemachine/Editor/Samples/ExposeHDRPInternals/HDRP-Editor-ref.asmref has no target assembly definition
'Packages/com.unity.cinemachine/Editor/Obsolete/CinemachineVirtualCameraBaseEditor.cs' contains partial class of Unity.Object, exactly 1 of the partial classes needs to be in a file with the same filename. This is to know the one that can be referenced from ie. GameObjects
'Packages/com.unity.cinemachine/Editor/Editors/CinemachineVirtualCameraBaseEditor.cs' contains partial class of Unity.Object, exactly 1 of the partial classes needs to be in a file with the same filename. This is to know the one that can be referenced from ie. GameObjects
Refreshing native plugins compatible for Editor in 10.12 ms, found 5 plugins.
Native extension for WindowsStandalone target not found
Native extension for WebGL target not found
[Package Manager] Failed to launch server process. Reason: Unity was launched with the -noUpm command-line argument
[Package Manager] Unable to send message (not connected to server process).
[Package Manager] Cannot connect to Unity Package Manager local server
[Package Manager] Failed to launch server process. Reason: Unity was launched with the -noUpm command-line argument
[Package Manager] Unable to send message (not connected to server process).
[Package Manager] Cannot connect to Unity Package Manager local server
[Package Manager] Failed to launch server process. Reason: Unity was launched with the -noUpm command-line argument
[Package Manager] Unable to send message (not connected to server process).
[Package Manager] Cannot connect to Unity Package Manager local server
ScheduleIndexationOnStartup MainProcess:False IndexOnStartup:True
Scripting: successfully reloaded assembly
- Finished resetting the current domain, in  3.685 seconds
Domain Reload Profiling: 17427ms
	BeginReloadAssembly (4091ms)
		DisableScriptedObjects (182ms)
		CreateAndSetChildDomain (1201ms)
	RebuildCommonClasses (71ms)
	RebuildNativeTypeToScriptingClass (123ms)
	initialDomainReloadingComplete (1465ms)
	LoadAllAssembliesAndSetupDomain (7989ms)
		LoadAssemblies (5619ms)
		TypeCache.Refresh (955ms)
			TypeCache.ScanAssembly (11ms)
		AnalyzeDomain (1877ms)
			BuildScriptInfoCaches (1681ms)
			ResolveRequiredComponents (64ms)
	FinalizeReload (3689ms)
		SetupLoadedEditorAssemblies (0ms)
			LogAssemblyErrors (14ms)
			InitializePlatformSupportModulesInManaged (14ms)
			BeforeProcessingInitializeOnLoad (659ms)
			ProcessInitializeOnLoadAttributes (1414ms)
			ProcessInitializeOnLoadMethodAttributes (364ms)
			AfterProcessingInitializeOnLoad (36ms)
			EditorAssembliesLoaded (14ms)
		AwakeInstancesAfterBackupRestoration (30ms)
Refreshing native plugins compatible for Editor in 9.83 ms, found 5 plugins.
Unloading 1 Unused Serialized files (Serialized files now loaded: 0)
Unloading 5603 unused Assets / (1.5 MB). Loaded Objects now: 6330.
Memory consumption went from 329.6 MB to 328.1 MB.
Total: 23.563800 ms (FindLiveObjects: 1.708100 ms CreateObjectMapping: 0.849000 ms MarkObjects: 16.444500 ms  DeleteObjects: 3.147600 ms)

Prepare: number of updated asset objects reloaded= 0
========================================================================
Received Import Request.
  Time of request: 2026-10-02T22:07:53.2089736Z
  Time since last request: 116.1679369 seconds.
  importAddress: GUID: afd9656fbad8bf14ab4bbd78591162e4 - Path: Assets/Scripts/Environment/Coleccionable.cs - Importer: PreviewImporter
Importing 'GUID: afd9656fbad8bf14ab4bbd78591162e4 - Path: Assets/Scripts/Environment/Coleccionable.cs - Importer: PreviewImporter' with importer (PreviewImporter)
Imported 'GUID: afd9656fbad8bf14ab4bbd78591162e4' -> (Import Result ID: '8be0ee3b169a2bc7d2fbe5e4d4293242') in 0.009 seconds [static and dynamic dependencies]. Details - ImportResultOutputID=cbdcb4946e282454996370ee424bf907 DependenciesID=35e2db804b056387954514a73d3785bf StaticDependenciesID=d99244b3f0e8269310b0dba253fbf7d7 
Number of updated asset objects reloaded before import = 0
Number of asset objects unloaded after import = 0
========================================================================
Received Prepare
AcceleratorClientConnectionCallback - disconnected - :0
Assembly reference Packages/com.unity.cinemachine/Editor/Samples/ExposeHDRPInternals/HDRP-Editor-ref.asmref has no target assembly definition
Assembly reference Packages/com.unity.cinemachine/Editor/Samples/ExposeHDRPInternals/HDRP-Editor-ref.asmref has no target assembly definition
[Licensing::Client] Successfully resolved entitlement details
Begin MonoManager ReloadAssembly
Assembly reference Packages/com.unity.cinemachine/Editor/Samples/ExposeHDRPInternals/HDRP-Editor-ref.asmref has no target assembly definition
Assembly reference Packages/com.unity.cinemachine/Editor/Samples/ExposeHDRPInternals/HDRP-Editor-ref.asmref has no target assembly definition
'Packages/com.unity.cinemachine/Editor/Obsolete/CinemachineVirtualCameraBaseEditor.cs' contains partial class of Unity.Object, exactly 1 of the partial classes needs to be in a file with the same filename. This is to know the one that can be referenced from ie. GameObjects
'Packages/com.unity.cinemachine/Editor/Editors/CinemachineVirtualCameraBaseEditor.cs' contains partial class of Unity.Object, exactly 1 of the partial classes needs to be in a file with the same filename. This is to know the one that can be referenced from ie. GameObjects
Refreshing native plugins compatible for Editor in 22.57 ms, found 5 plugins.
Native extension for WindowsStandalone target not found
Native extension for WebGL target not found
[Package Manager] Failed to launch server process. Reason: Unity was launched with the -noUpm command-line argument
[Package Manager] Unable to send message (not connected to server process).
[Package Manager] Cannot connect to Unity Package Manager local server
[Package Manager] Failed to launch server process. Reason: Unity was launched with the -noUpm command-line argument
[Package Manager] Unable to send message (not connected to server process).
[Package Manager] Cannot connect to Unity Package Manager local server
[Package Manager] Failed to launch server process. Reason: Unity was launched with the -noUpm command-line argument
[Package Manager] Unable to send message (not connected to server process).
[Package Manager] Cannot connect to Unity Package Manager local server
ScheduleIndexationOnStartup MainProcess:False IndexOnStartup:True
Scripting: successfully reloaded assembly
- Finished resetting the current domain, in  3.477 seconds
Domain Reload Profiling: 15024ms
	BeginReloadAssembly (5837ms)
		ExecutionOrderSort (74ms)
		DisableScriptedObjects (702ms)
		ReleaseScriptingObjects (27ms)
		CreateAndSetChildDomain (1592ms)
	RebuildCommonClasses (57ms)
	RebuildNativeTypeToScriptingClass (133ms)
	initialDomainReloadingComplete (655ms)
	LoadAllAssembliesAndSetupDomain (4860ms)
		LoadAssemblies (4183ms)
		TypeCache.Refresh (124ms)
			TypeCache.ScanAssembly (5ms)
		AnalyzeDomain (1351ms)
			BuildScriptInfoCaches (1233ms)
			ResolveRequiredComponents (29ms)
	FinalizeReload (3482ms)
		SetupLoadedEditorAssemblies (0ms)
			LogAssemblyErrors (27ms)
			InitializePlatformSupportModulesInManaged (16ms)
			BeforeProcessingInitializeOnLoad (645ms)
			ProcessInitializeOnLoadAttributes (1220ms)
			ProcessInitializeOnLoadMethodAttributes (278ms)
			AfterProcessingInitializeOnLoad (50ms)
			EditorAssembliesLoaded (18ms)
		AwakeInstancesAfterBackupRestoration (35ms)
Refreshing native plugins compatible for Editor in 9.25 ms, found 5 plugins.
Unloading 1 Unused Serialized files (Serialized files now loaded: 0)
Unloading 5603 unused Assets / (2.1 MB). Loaded Objects now: 6333.
Memory consumption went from 332.3 MB to 330.2 MB.
Total: 32.969200 ms (FindLiveObjects: 2.237000 ms CreateObjectMapping: 1.484000 ms MarkObjects: 23.538200 ms  DeleteObjects: 4.654200 ms)

Prepare: number of updated asset objects reloaded= 0
========================================================================
Received Prepare
AcceleratorClientConnectionCallback - disconnected - :0
Refreshing native plugins compatible for Editor in 13.21 ms, found 5 plugins.
Unloading 1 Unused Serialized files (Serialized files now loaded: 0)
Unloading 1 unused Assets / (61.4 KB). Loaded Objects now: 6333.
Memory consumption went from 328.5 MB to 328.4 MB.
Total: 846.543000 ms (FindLiveObjects: 11.171000 ms CreateObjectMapping: 2.496800 ms MarkObjects: 827.856700 ms  DeleteObjects: 2.159900 ms)

Prepare: number of updated asset objects reloaded= 0
========================================================================
Received Import Request.
  Time of request: 2026-10-02T23:31:15.4635542Z
  Time since last request: 5002.2396448999998 seconds.
  importAddress: GUID: c311d4111700c264885e30d101442bb7 - Path: Assets/Prefabs/Insumos/Insumo_Fierro.prefab - Importer: PreviewImporter
Importing 'GUID: c311d4111700c264885e30d101442bb7 - Path: Assets/Prefabs/Insumos/Insumo_Fierro.prefab - Importer: PreviewImporter' with importer (PreviewImporter)
Imported 'GUID: c311d4111700c264885e30d101442bb7' -> (Import Result ID: 'f6719ff006a771336ec2bca19caa0f6a') in 1.941 seconds [static and dynamic dependencies]. Details - ImportResultOutputID=386c93328c45d6699dd97fb4898f4938 DependenciesID=4f966797de6fda2b841b7e3fce9843c0 StaticDependenciesID=246b27e007b3003dcfb23609a31703ac 
Number of updated asset objects reloaded before import = 0
Number of asset objects unloaded after import = 9
========================================================================
Received Import Request.
  Time of request: 2026-10-02T23:31:24.2794326Z
  Time since last request: 6.5390683 seconds.
  importAddress: GUID: 4fc040891bbee3841bcffe91f9b8fd3f - Path: Assets/Prefabs/Insumos/Insumo_Piedra.prefab - Importer: PreviewImporter
Importing 'GUID: 4fc040891bbee3841bcffe91f9b8fd3f - Path: Assets/Prefabs/Insumos/Insumo_Piedra.prefab - Importer: PreviewImporter' with importer (PreviewImporter)
Imported 'GUID: 4fc040891bbee3841bcffe91f9b8fd3f' -> (Import Result ID: '50d7dba354f0e03bd5a0e7b367117641') in 0.028 seconds [static and dynamic dependencies]. Details - ImportResultOutputID=8257fd4c518291608f8ac2b6fdd549e9 DependenciesID=067dc95f519666154cc460a0931e08de StaticDependenciesID=d71480961ee7f01b5642c7334341b99f 
Number of updated asset objects reloaded before import = 0
Number of asset objects unloaded after import = 9
========================================================================
Received Import Request.
  Time of request: 2026-10-02T23:31:27.8648606Z
  Time since last request: 3.5518871 seconds.
  importAddress: GUID: 2d9f11ed9e1063344bc9c51e52da2b8e - Path: Assets/Prefabs/Insumos/Insumo_Asfalto.prefab - Importer: PreviewImporter
Importing 'GUID: 2d9f11ed9e1063344bc9c51e52da2b8e - Path: Assets/Prefabs/Insumos/Insumo_Asfalto.prefab - Importer: PreviewImporter' with importer (PreviewImporter)
Imported 'GUID: 2d9f11ed9e1063344bc9c51e52da2b8e' -> (Import Result ID: 'c753394810b11e1fecf9902be369f2ba') in 0.027 seconds [static and dynamic dependencies]. Details - ImportResultOutputID=6ce5b370d2c3bbd1d67fe9e80868c722 DependenciesID=c4b6aa765bdf429834740de6cfb43a77 StaticDependenciesID=b1e187a720a03e45ea82e825e4d3e85d 
Number of updated asset objects reloaded before import = 0
Number of asset objects unloaded after import = 9
========================================================================
Received Import Request.
  Time of request: 2026-10-02T23:35:26.9378987Z
  Time since last request: 239.04326760000001 seconds.
  importAddress: GUID: 2d9f11ed9e1063344bc9c51e52da2b8e - Path: Assets/Prefabs/Insumos/Insumo_Asfalto.prefab - Importer: ScriptedImporter/UnityEditor.QuickSearchModule:UnityEditor.Search:ASIAI0B
Importing 'GUID: 2d9f11ed9e1063344bc9c51e52da2b8e - Path: Assets/Prefabs/Insumos/Insumo_Asfalto.prefab - Importer: ScriptedImporter/UnityEditor.QuickSearchModule:UnityEditor.Search:ASIAI0B' with importer (ScriptedImporter : UnityEditor.QuickSearchModule:UnityEditor.Search:ASIAI0B)
Imported 'GUID: 2d9f11ed9e1063344bc9c51e52da2b8e' -> (Import Result ID: '679f744a0758e10454d7a2ad8eabed71') in 2.036 seconds [static and dynamic dependencies]. Details - ImportResultOutputID=39594ca9c069029f37a7d794d321409e DependenciesID=f2b1a4e13ea39656625d65210442f91e StaticDependenciesID=49db0732ae467175798cc5e7c337ced2 
Number of updated asset objects reloaded before import = 0
Number of asset objects unloaded after import = 9
========================================================================
Received Import Request.
  Time of request: 2026-10-02T23:35:28.9786932Z
  Time since last request: 0.001533 seconds.
  importAddress: GUID: 1e40d3baecb2d0a428f06b0aa53ed173 - Path: Assets/Scenes/Nivel_1.unity - Importer: ScriptedImporter/UnityEditor.QuickSearchModule:UnityEditor.Search:ASIAI0B
Importing 'GUID: 1e40d3baecb2d0a428f06b0aa53ed173 - Path: Assets/Scenes/Nivel_1.unity - Importer: ScriptedImporter/UnityEditor.QuickSearchModule:UnityEditor.Search:ASIAI0B' with importer (ScriptedImporter : UnityEditor.QuickSearchModule:UnityEditor.Search:ASIAI0B)
Imported 'GUID: 1e40d3baecb2d0a428f06b0aa53ed173' -> (Import Result ID: '37437bec10428e4a25661f57d4648893') in 0.042 seconds [static and dynamic dependencies]. Details - ImportResultOutputID=d2900d738d9a8a5da797b573f555f866 DependenciesID=8d0d2952ec924458b6f57615857c5d80 StaticDependenciesID=e5a0a4c9d925d62ecf17faa13996dfa9 
Number of updated asset objects reloaded before import = 0
Number of asset objects unloaded after import = 1
========================================================================
Received Import Request.
  Time of request: 2026-10-02T23:35:29.0245164Z
  Time since last request: 0.0017261 seconds.
  importAddress: GUID: afd9656fbad8bf14ab4bbd78591162e4 - Path: Assets/Scripts/Environment/Coleccionable.cs - Importer: ScriptedImporter/UnityEditor.QuickSearchModule:UnityEditor.Search:ASIAI0B
Importing 'GUID: afd9656fbad8bf14ab4bbd78591162e4 - Path: Assets/Scripts/Environment/Coleccionable.cs - Importer: ScriptedImporter/UnityEditor.QuickSearchModule:UnityEditor.Search:ASIAI0B' with importer (ScriptedImporter : UnityEditor.QuickSearchModule:UnityEditor.Search:ASIAI0B)
Imported 'GUID: afd9656fbad8bf14ab4bbd78591162e4' -> (Import Result ID: '2437d2f6414d1c2c099ce04f2f1607f8') in 0.052 seconds [static and dynamic dependencies]. Details - ImportResultOutputID=2b57e0da0d9943ce38bf4eba5ef5f572 DependenciesID=09618fdf3be167a23519dea5b7c378a9 StaticDependenciesID=113c87ea156044e20c516806a19bbbc3 
Number of updated asset objects reloaded before import = 0
Number of asset objects unloaded after import = 0
========================================================================
Received Import Request.
  Time of request: 2026-10-02T23:35:29.0807161Z
  Time since last request: 0.0022903 seconds.
  importAddress: GUID: c311d4111700c264885e30d101442bb7 - Path: Assets/Prefabs/Insumos/Insumo_Fierro.prefab - Importer: ScriptedImporter/UnityEditor.QuickSearchModule:UnityEditor.Search:ASIAI0B
Importing 'GUID: c311d4111700c264885e30d101442bb7 - Path: Assets/Prefabs/Insumos/Insumo_Fierro.prefab - Importer: ScriptedImporter/UnityEditor.QuickSearchModule:UnityEditor.Search:ASIAI0B' with importer (ScriptedImporter : UnityEditor.QuickSearchModule:UnityEditor.Search:ASIAI0B)
Imported 'GUID: c311d4111700c264885e30d101442bb7' -> (Import Result ID: '6d96204ed6e7685677a689cbe2ff3c3b') in 0.064 seconds [static and dynamic dependencies]. Details - ImportResultOutputID=7341e43cff3f70a3d402d776cb1d4cab DependenciesID=bc3fbe31532bba41cd98c63a45cdb41a StaticDependenciesID=654f260fbf9893f7d014eca347a82dc1 
Number of updated asset objects reloaded before import = 0
Number of asset objects unloaded after import = 9
========================================================================
Received Prepare
AcceleratorClientConnectionCallback - disconnected - :0
'Packages/com.unity.cinemachine/Editor/Obsolete/CinemachineVirtualCameraBaseEditor.cs' contains partial class of Unity.Object, exactly 1 of the partial classes needs to be in a file with the same filename. This is to know the one that can be referenced from ie. GameObjects
'Packages/com.unity.cinemachine/Editor/Editors/CinemachineVirtualCameraBaseEditor.cs' contains partial class of Unity.Object, exactly 1 of the partial classes needs to be in a file with the same filename. This is to know the one that can be referenced from ie. GameObjects
Refreshing native plugins compatible for Editor in 29.50 ms, found 5 plugins.
Unloading 1 Unused Serialized files (Serialized files now loaded: 0)
Unloading 5589 unused Assets / (1.3 MB). Loaded Objects now: 6335.
Memory consumption went from 335.8 MB to 334.4 MB.
Total: 517.835800 ms (FindLiveObjects: 6.482400 ms CreateObjectMapping: 3.406500 ms MarkObjects: 493.200800 ms  DeleteObjects: 12.725600 ms)

Prepare: number of updated asset objects reloaded= 0
========================================================================
Received Import Request.
  Time of request: 2026-10-02T23:35:36.436032Z
  Time since last request: 7.2897507 seconds.
  importAddress: GUID: 04f4acf1dec95ad449b86f03f93ee818 - Path: Assets/Scripts/Environment/CajaHerramientas.cs - Importer: PreviewImporter
Importing 'GUID: 04f4acf1dec95ad449b86f03f93ee818 - Path: Assets/Scripts/Environment/CajaHerramientas.cs - Importer: PreviewImporter' with importer (PreviewImporter)
Imported 'GUID: 04f4acf1dec95ad449b86f03f93ee818' -> (Import Result ID: '669f6e5a2781838966dc1c0a5abc5a3c') in 0.002 seconds [static and dynamic dependencies]. Details - ImportResultOutputID=008ad5856b3f85ae939bc133d0ae2de3 DependenciesID=1f49e87e1c6d4242245e3f0b27cedbee StaticDependenciesID=dcd17f0cb87d7e02bf87ff738af4cbf2 
Number of updated asset objects reloaded before import = 0
Number of asset objects unloaded after import = 0
========================================================================
Received Import Request.
  Time of request: 2026-10-02T23:35:39.6839431Z
  Time since last request: 3.2437249 seconds.
  importAddress: GUID: 04f4acf1dec95ad449b86f03f93ee818 - Path: Assets/Scripts/Environment/CajaHerramientas.cs - Importer: ScriptedImporter/UnityEditor.QuickSearchModule:UnityEditor.Search:ASIAI0B
Importing 'GUID: 04f4acf1dec95ad449b86f03f93ee818 - Path: Assets/Scripts/Environment/CajaHerramientas.cs - Importer: ScriptedImporter/UnityEditor.QuickSearchModule:UnityEditor.Search:ASIAI0B' with importer (ScriptedImporter : UnityEditor.QuickSearchModule:UnityEditor.Search:ASIAI0B)
Imported 'GUID: 04f4acf1dec95ad449b86f03f93ee818' -> (Import Result ID: '220beee620129ea781d8220f803b941c') in 0.008 seconds [static and dynamic dependencies]. Details - ImportResultOutputID=e0af956d59706a1ce3b9b750ba398eb0 DependenciesID=c2f1319915c803edda181fd3c453c2b6 StaticDependenciesID=1d1bb5b17705bac0ce3c2f0b99a0351a 
Number of updated asset objects reloaded before import = 0
Number of asset objects unloaded after import = 0
========================================================================
Received Prepare
AcceleratorClientConnectionCallback - disconnected - :0
Assembly reference Packages/com.unity.cinemachine/Editor/Samples/ExposeHDRPInternals/HDRP-Editor-ref.asmref has no target assembly definition
Assembly reference Packages/com.unity.cinemachine/Editor/Samples/ExposeHDRPInternals/HDRP-Editor-ref.asmref has no target assembly definition
[Licensing::Client] Successfully resolved entitlement details
Begin MonoManager ReloadAssembly
Assembly reference Packages/com.unity.cinemachine/Editor/Samples/ExposeHDRPInternals/HDRP-Editor-ref.asmref has no target assembly definition
Assembly reference Packages/com.unity.cinemachine/Editor/Samples/ExposeHDRPInternals/HDRP-Editor-ref.asmref has no target assembly definition
'Packages/com.unity.cinemachine/Editor/Obsolete/CinemachineVirtualCameraBaseEditor.cs' contains partial class of Unity.Object, exactly 1 of the partial classes needs to be in a file with the same filename. This is to know the one that can be referenced from ie. GameObjects
'Packages/com.unity.cinemachine/Editor/Editors/CinemachineVirtualCameraBaseEditor.cs' contains partial class of Unity.Object, exactly 1 of the partial classes needs to be in a file with the same filename. This is to know the one that can be referenced from ie. GameObjects
Refreshing native plugins compatible for Editor in 36.48 ms, found 5 plugins.
Native extension for WindowsStandalone target not found
Native extension for WebGL target not found
[Package Manager] Failed to launch server process. Reason: Unity was launched with the -noUpm command-line argument
[Package Manager] Unable to send message (not connected to server process).
[Package Manager] Cannot connect to Unity Package Manager local server
[Package Manager] Failed to launch server process. Reason: Unity was launched with the -noUpm command-line argument
[Package Manager] Unable to send message (not connected to server process).
[Package Manager] Cannot connect to Unity Package Manager local server
[Package Manager] Failed to launch server process. Reason: Unity was launched with the -noUpm command-line argument
[Package Manager] Unable to send message (not connected to server process).
[Package Manager] Cannot connect to Unity Package Manager local server
ScheduleIndexationOnStartup MainProcess:False IndexOnStartup:True
Scripting: successfully reloaded assembly
- Finished resetting the current domain, in  4.233 seconds
Domain Reload Profiling: 44886ms
	BeginReloadAssembly (10466ms)
		DisableScriptedObjects (998ms)
		ReleaseScriptingObjects (10ms)
		CreateAndSetChildDomain (1942ms)
	RebuildCommonClasses (116ms)
	RebuildNativeTypeToScriptingClass (90ms)
	initialDomainReloadingComplete (1350ms)
	LoadAllAssembliesAndSetupDomain (28626ms)
		LoadAssemblies (29019ms)
		TypeCache.Refresh (550ms)
			TypeCache.ScanAssembly (40ms)
		AnalyzeDomain (3303ms)
			BuildScriptInfoCaches (3236ms)
			ResolveRequiredComponents (32ms)
	FinalizeReload (4238ms)
		SetupLoadedEditorAssemblies (0ms)
			LogAssemblyErrors (16ms)
			InitializePlatformSupportModulesInManaged (11ms)
			BeforeProcessingInitializeOnLoad (735ms)
			ProcessInitializeOnLoadAttributes (1696ms)
			ProcessInitializeOnLoadMethodAttributes (395ms)
			AfterProcessingInitializeOnLoad (33ms)
			EditorAssembliesLoaded (5ms)
		AwakeInstancesAfterBackupRestoration (32ms)
Refreshing native plugins compatible for Editor in 23.44 ms, found 5 plugins.
Unloading 1 Unused Serialized files (Serialized files now loaded: 0)
Unloading 5604 unused Assets / (1.7 MB). Loaded Objects now: 6337.
Memory consumption went from 336.9 MB to 335.2 MB.
Total: 25.604300 ms (FindLiveObjects: 2.790100 ms CreateObjectMapping: 0.704500 ms MarkObjects: 17.966300 ms  DeleteObjects: 3.542900 ms)

Prepare: number of updated asset objects reloaded= 0
========================================================================
Received Import Request.
  Time of request: 2026-10-02T23:38:04.2925137Z
  Time since last request: 144.59916630000001 seconds.
  importAddress: GUID: 04f4acf1dec95ad449b86f03f93ee818 - Path: Assets/Scripts/Environment/CajaHerramientas.cs - Importer: PreviewImporter
Importing 'GUID: 04f4acf1dec95ad449b86f03f93ee818 - Path: Assets/Scripts/Environment/CajaHerramientas.cs - Importer: PreviewImporter' with importer (PreviewImporter)
Imported 'GUID: 04f4acf1dec95ad449b86f03f93ee818' -> (Import Result ID: '92082c265a951bde8d297b7286ffab14') in 0.025 seconds [static and dynamic dependencies]. Details - ImportResultOutputID=008ad5856b3f85ae939bc133d0ae2de3 DependenciesID=b78ab11b8aa5c6c0c8e7abf24df4cfc4 StaticDependenciesID=dcd17f0cb87d7e02bf87ff738af4cbf2 
Number of updated asset objects reloaded before import = 0
Number of asset objects unloaded after import = 0
========================================================================
Received Prepare
AcceleratorClientConnectionCallback - disconnected - :0
Assembly reference Packages/com.unity.cinemachine/Editor/Samples/ExposeHDRPInternals/HDRP-Editor-ref.asmref has no target assembly definition
Assembly reference Packages/com.unity.cinemachine/Editor/Samples/ExposeHDRPInternals/HDRP-Editor-ref.asmref has no target assembly definition
[Licensing::Client] Successfully resolved entitlement details
Begin MonoManager ReloadAssembly
Assembly reference Packages/com.unity.cinemachine/Editor/Samples/ExposeHDRPInternals/HDRP-Editor-ref.asmref has no target assembly definition
Assembly reference Packages/com.unity.cinemachine/Editor/Samples/ExposeHDRPInternals/HDRP-Editor-ref.asmref has no target assembly definition
'Packages/com.unity.cinemachine/Editor/Obsolete/CinemachineVirtualCameraBaseEditor.cs' contains partial class of Unity.Object, exactly 1 of the partial classes needs to be in a file with the same filename. This is to know the one that can be referenced from ie. GameObjects
'Packages/com.unity.cinemachine/Editor/Editors/CinemachineVirtualCameraBaseEditor.cs' contains partial class of Unity.Object, exactly 1 of the partial classes needs to be in a file with the same filename. This is to know the one that can be referenced from ie. GameObjects
Refreshing native plugins compatible for Editor in 42.48 ms, found 5 plugins.
Native extension for WindowsStandalone target not found
Native extension for WebGL target not found
[Package Manager] Failed to launch server process. Reason: Unity was launched with the -noUpm command-line argument
[Package Manager] Unable to send message (not connected to server process).
[Package Manager] Cannot connect to Unity Package Manager local server
[Package Manager] Failed to launch server process. Reason: Unity was launched with the -noUpm command-line argument
[Package Manager] Unable to send message (not connected to server process).
[Package Manager] Cannot connect to Unity Package Manager local server
[Package Manager] Failed to launch server process. Reason: Unity was launched with the -noUpm command-line argument
[Package Manager] Unable to send message (not connected to server process).
[Package Manager] Cannot connect to Unity Package Manager local server
ScheduleIndexationOnStartup MainProcess:False IndexOnStartup:True
Scripting: successfully reloaded assembly
- Finished resetting the current domain, in  4.803 seconds
Domain Reload Profiling: 17804ms
	BeginReloadAssembly (5787ms)
		ExecutionOrderSort (10ms)
		DisableScriptedObjects (1107ms)
		ReleaseScriptingObjects (11ms)
		CreateAndSetChildDomain (1351ms)
	RebuildCommonClasses (39ms)
	RebuildNativeTypeToScriptingClass (82ms)
	initialDomainReloadingComplete (671ms)
	LoadAllAssembliesAndSetupDomain (6415ms)
		LoadAssemblies (3948ms)
		TypeCache.Refresh (109ms)
			TypeCache.ScanAssembly (3ms)
		AnalyzeDomain (1959ms)
			BuildScriptInfoCaches (1739ms)
			ResolveRequiredComponents (40ms)
	FinalizeReload (4810ms)
		SetupLoadedEditorAssemblies (0ms)
			LogAssemblyErrors (39ms)
			InitializePlatformSupportModulesInManaged (10ms)
			BeforeProcessingInitializeOnLoad (946ms)
			ProcessInitializeOnLoadAttributes (1747ms)
			ProcessInitializeOnLoadMethodAttributes (366ms)
			AfterProcessingInitializeOnLoad (35ms)
			EditorAssembliesLoaded (18ms)
		AwakeInstancesAfterBackupRestoration (45ms)
Refreshing native plugins compatible for Editor in 13.80 ms, found 5 plugins.
Unloading 1 Unused Serialized files (Serialized files now loaded: 0)
Unloading 5604 unused Assets / (2.7 MB). Loaded Objects now: 6340.
Memory consumption went from 338.6 MB to 335.9 MB.
Total: 53.873600 ms (FindLiveObjects: 3.873300 ms CreateObjectMapping: 2.295000 ms MarkObjects: 35.440400 ms  DeleteObjects: 10.715200 ms)

Prepare: number of updated asset objects reloaded= 0
========================================================================
Received Prepare
AcceleratorClientConnectionCallback - disconnected - :0
Refreshing native plugins compatible for Editor in 28.84 ms, found 5 plugins.
Unloading 1 Unused Serialized files (Serialized files now loaded: 0)
Unloading 1 unused Assets / (61.5 KB). Loaded Objects now: 6340.
Memory consumption went from 334.8 MB to 334.8 MB.
Total: 891.251300 ms (FindLiveObjects: 16.874100 ms CreateObjectMapping: 9.481400 ms MarkObjects: 859.197500 ms  DeleteObjects: 3.940400 ms)

Prepare: number of updated asset objects reloaded= 0
========================================================================
Received Prepare
AcceleratorClientConnectionCallback - disconnected - :0
Assembly reference Packages/com.unity.cinemachine/Editor/Samples/ExposeHDRPInternals/HDRP-Editor-ref.asmref has no target assembly definition
Assembly reference Packages/com.unity.cinemachine/Editor/Samples/ExposeHDRPInternals/HDRP-Editor-ref.asmref has no target assembly definition
[Licensing::Client] Successfully resolved entitlement details
Begin MonoManager ReloadAssembly
Assembly reference Packages/com.unity.cinemachine/Editor/Samples/ExposeHDRPInternals/HDRP-Editor-ref.asmref has no target assembly definition
Assembly reference Packages/com.unity.cinemachine/Editor/Samples/ExposeHDRPInternals/HDRP-Editor-ref.asmref has no target assembly definition
'Packages/com.unity.cinemachine/Editor/Obsolete/CinemachineVirtualCameraBaseEditor.cs' contains partial class of Unity.Object, exactly 1 of the partial classes needs to be in a file with the same filename. This is to know the one that can be referenced from ie. GameObjects
'Packages/com.unity.cinemachine/Editor/Editors/CinemachineVirtualCameraBaseEditor.cs' contains partial class of Unity.Object, exactly 1 of the partial classes needs to be in a file with the same filename. This is to know the one that can be referenced from ie. GameObjects
Refreshing native plugins compatible for Editor in 19.22 ms, found 5 plugins.
Native extension for WindowsStandalone target not found
Native extension for WebGL target not found
[Package Manager] Failed to launch server process. Reason: Unity was launched with the -noUpm command-line argument
[Package Manager] Unable to send message (not connected to server process).
[Package Manager] Cannot connect to Unity Package Manager local server
[Package Manager] Failed to launch server process. Reason: Unity was launched with the -noUpm command-line argument
[Package Manager] Unable to send message (not connected to server process).
[Package Manager] Cannot connect to Unity Package Manager local server
[Package Manager] Failed to launch server process. Reason: Unity was launched with the -noUpm command-line argument
[Package Manager] Unable to send message (not connected to server process).
[Package Manager] Cannot connect to Unity Package Manager local server
ScheduleIndexationOnStartup MainProcess:False IndexOnStartup:True
Scripting: successfully reloaded assembly
- Finished resetting the current domain, in  4.618 seconds
Domain Reload Profiling: 23669ms
	BeginReloadAssembly (8007ms)
		ExecutionOrderSort (17ms)
		DisableScriptedObjects (1386ms)
		ReleaseScriptingObjects (10ms)
		CreateAndSetChildDomain (2348ms)
	RebuildCommonClasses (83ms)
	RebuildNativeTypeToScriptingClass (166ms)
	initialDomainReloadingComplete (1278ms)
	LoadAllAssembliesAndSetupDomain (9511ms)
		LoadAssemblies (9295ms)
		TypeCache.Refresh (86ms)
		AnalyzeDomain (90ms)
			BuildScriptInfoCaches (6ms)
			ResolveRequiredComponents (40ms)
	FinalizeReload (4624ms)
		SetupLoadedEditorAssemblies (0ms)
			LogAssemblyErrors (16ms)
			InitializePlatformSupportModulesInManaged (17ms)
			BeforeProcessingInitializeOnLoad (872ms)
			ProcessInitializeOnLoadAttributes (1715ms)
			ProcessInitializeOnLoadMethodAttributes (519ms)
			AfterProcessingInitializeOnLoad (37ms)
			EditorAssembliesLoaded (15ms)
		AwakeInstancesAfterBackupRestoration (41ms)
Refreshing native plugins compatible for Editor in 18.44 ms, found 5 plugins.
Unloading 1 Unused Serialized files (Serialized files now loaded: 0)
Unloading 5604 unused Assets / (2.0 MB). Loaded Objects now: 6343.
Memory consumption went from 340.2 MB to 338.2 MB.
Total: 50.849900 ms (FindLiveObjects: 2.992700 ms CreateObjectMapping: 1.381900 ms MarkObjects: 35.718000 ms  DeleteObjects: 9.404800 ms)

Prepare: number of updated asset objects reloaded= 0
========================================================================
Received Prepare
AcceleratorClientConnectionCallback - disconnected - :0
Assembly reference Packages/com.unity.cinemachine/Editor/Samples/ExposeHDRPInternals/HDRP-Editor-ref.asmref has no target assembly definition
Assembly reference Packages/com.unity.cinemachine/Editor/Samples/ExposeHDRPInternals/HDRP-Editor-ref.asmref has no target assembly definition
Begin MonoManager ReloadAssembly
Assembly reference Packages/com.unity.cinemachine/Editor/Samples/ExposeHDRPInternals/HDRP-Editor-ref.asmref has no target assembly definition
Assembly reference Packages/com.unity.cinemachine/Editor/Samples/ExposeHDRPInternals/HDRP-Editor-ref.asmref has no target assembly definition
'Packages/com.unity.cinemachine/Editor/Obsolete/CinemachineVirtualCameraBaseEditor.cs' contains partial class of Unity.Object, exactly 1 of the partial classes needs to be in a file with the same filename. This is to know the one that can be referenced from ie. GameObjects
'Packages/com.unity.cinemachine/Editor/Editors/CinemachineVirtualCameraBaseEditor.cs' contains partial class of Unity.Object, exactly 1 of the partial classes needs to be in a file with the same filename. This is to know the one that can be referenced from ie. GameObjects
Refreshing native plugins compatible for Editor in 15.94 ms, found 5 plugins.
Native extension for WindowsStandalone target not found
Native extension for WebGL target not found
[Package Manager] Failed to launch server process. Reason: Unity was launched with the -noUpm command-line argument
[Package Manager] Unable to send message (not connected to server process).
[Package Manager] Cannot connect to Unity Package Manager local server
[Package Manager] Failed to launch server process. Reason: Unity was launched with the -noUpm command-line argument
[Package Manager] Unable to send message (not connected to server process).
[Package Manager] Cannot connect to Unity Package Manager local server
[Package Manager] Failed to launch server process. Reason: Unity was launched with the -noUpm command-line argument
[Package Manager] Unable to send message (not connected to server process).
[Package Manager] Cannot connect to Unity Package Manager local server
ScheduleIndexationOnStartup MainProcess:False IndexOnStartup:True
Scripting: successfully reloaded assembly
- Finished resetting the current domain, in  6.020 seconds
Domain Reload Profiling: 15018ms
	BeginReloadAssembly (2386ms)
		DisableScriptedObjects (108ms)
		CreateAndSetChildDomain (842ms)
	RebuildCommonClasses (51ms)
	RebuildNativeTypeToScriptingClass (192ms)
	initialDomainReloadingComplete (929ms)
	LoadAllAssembliesAndSetupDomain (5435ms)
		LoadAssemblies (4031ms)
		TypeCache.Refresh (49ms)
		AnalyzeDomain (171ms)
			ResolveRequiredComponents (29ms)
	FinalizeReload (6026ms)
		SetupLoadedEditorAssemblies (0ms)
			LogAssemblyErrors (34ms)
			InitializePlatformSupportModulesInManaged (45ms)
			BeforeProcessingInitializeOnLoad (948ms)
			ProcessInitializeOnLoadAttributes (1756ms)
			ProcessInitializeOnLoadMethodAttributes (617ms)
			AfterProcessingInitializeOnLoad (58ms)
			EditorAssembliesLoaded (29ms)
		AwakeInstancesAfterBackupRestoration (70ms)
Refreshing native plugins compatible for Editor in 18.93 ms, found 5 plugins.
Unloading 1 Unused Serialized files (Serialized files now loaded: 0)
Unloading 5604 unused Assets / (2.0 MB). Loaded Objects now: 6346.
Memory consumption went from 340.2 MB to 338.2 MB.
Total: 51.705400 ms (FindLiveObjects: 2.802000 ms CreateObjectMapping: 1.679600 ms MarkObjects: 38.826400 ms  DeleteObjects: 7.532700 ms)

Prepare: number of updated asset objects reloaded= 0
========================================================================
Received Import Request.
  Time of request: 2026-10-03T01:06:02.2036567Z
  Time since last request: 5277.87927450000007 seconds.
  importAddress: GUID: afd9656fbad8bf14ab4bbd78591162e4 - Path: Assets/Scripts/Environment/Coleccionable.cs - Importer: PreviewImporter
Importing 'GUID: afd9656fbad8bf14ab4bbd78591162e4 - Path: Assets/Scripts/Environment/Coleccionable.cs - Importer: PreviewImporter' with importer (PreviewImporter)
Imported 'GUID: afd9656fbad8bf14ab4bbd78591162e4' -> (Import Result ID: '0cab051383814c8ed6f4e55b6a53b2c3') in 0.063 seconds [static and dynamic dependencies]. Details - ImportResultOutputID=cbdcb4946e282454996370ee424bf907 DependenciesID=eec85f05eb8bed04066452e4ba8e760d StaticDependenciesID=acd3f4ac0783702a2ade371cdc2555ed 
Number of updated asset objects reloaded before import = 0
Number of asset objects unloaded after import = 0
========================================================================
Received Import Request.
  Time of request: 2026-10-03T01:06:15.3786592Z
  Time since last request: 12.9589866 seconds.
  importAddress: GUID: 55d56917bc62f264d8167903092296fe - Path: Assets/Prefabs/CajaHerramientas/CajaHerramientas.prefab - Importer: ScriptedImporter/UnityEditor.QuickSearchModule:UnityEditor.Search:ASIAI0B
Importing 'GUID: 55d56917bc62f264d8167903092296fe - Path: Assets/Prefabs/CajaHerramientas/CajaHerramientas.prefab - Importer: ScriptedImporter/UnityEditor.QuickSearchModule:UnityEditor.Search:ASIAI0B' with importer (ScriptedImporter : UnityEditor.QuickSearchModule:UnityEditor.Search:ASIAI0B)
Imported 'GUID: 55d56917bc62f264d8167903092296fe' -> (Import Result ID: '8e0276161bc74cd99df1e69850c2110c') in 1.332 seconds [static and dynamic dependencies]. Details - ImportResultOutputID=b217005ab25f9e5a2e9ca6446bbee6f5 DependenciesID=79b9f1988ec3e85a718c906e8730d5d5 StaticDependenciesID=e0e8a47f90ef2887ab94de62076141e0 
Number of updated asset objects reloaded before import = 0
Number of asset objects unloaded after import = 9
========================================================================
Received Prepare
AcceleratorClientConnectionCallback - disconnected - :0
'Packages/com.unity.cinemachine/Editor/Obsolete/CinemachineVirtualCameraBaseEditor.cs' contains partial class of Unity.Object, exactly 1 of the partial classes needs to be in a file with the same filename. This is to know the one that can be referenced from ie. GameObjects
'Packages/com.unity.cinemachine/Editor/Editors/CinemachineVirtualCameraBaseEditor.cs' contains partial class of Unity.Object, exactly 1 of the partial classes needs to be in a file with the same filename. This is to know the one that can be referenced from ie. GameObjects
Refreshing native plugins compatible for Editor in 6.68 ms, found 5 plugins.
Unloading 1 Unused Serialized files (Serialized files now loaded: 0)
Unloading 5590 unused Assets / (3.3 MB). Loaded Objects now: 6347.
Memory consumption went from 340.1 MB to 336.7 MB.
Total: 104.211500 ms (FindLiveObjects: 4.556600 ms CreateObjectMapping: 2.061000 ms MarkObjects: 89.485800 ms  DeleteObjects: 5.838600 ms)

Prepare: number of updated asset objects reloaded= 0
========================================================================
Received Import Request.
  Time of request: 2026-10-03T01:06:21.9673544Z
  Time since last request: 5.2549091 seconds.
  importAddress: GUID: 4894376b7702cb947983b5d89189d6bf - Path: Assets/Scripts/Environment/GrietaReparacion.cs - Importer: PreviewImporter
Importing 'GUID: 4894376b7702cb947983b5d89189d6bf - Path: Assets/Scripts/Environment/GrietaReparacion.cs - Importer: PreviewImporter' with importer (PreviewImporter)
Imported 'GUID: 4894376b7702cb947983b5d89189d6bf' -> (Import Result ID: 'ae640042e4acf9687960dc9883235d91') in 0.009 seconds [static and dynamic dependencies]. Details - ImportResultOutputID=1efd005b664f010c52df6e0792980f3a DependenciesID=06a5524a79cd6bb9f9401af530b880cd StaticDependenciesID=5c05019963ae33634eb616eb95643267 
Number of updated asset objects reloaded before import = 0
Number of asset objects unloaded after import = 0
========================================================================
Received Prepare
AcceleratorClientConnectionCallback - disconnected - :0
Assembly reference Packages/com.unity.cinemachine/Editor/Samples/ExposeHDRPInternals/HDRP-Editor-ref.asmref has no target assembly definition
Assembly reference Packages/com.unity.cinemachine/Editor/Samples/ExposeHDRPInternals/HDRP-Editor-ref.asmref has no target assembly definition
[Licensing::Client] Successfully resolved entitlement details
Begin MonoManager ReloadAssembly
Assembly reference Packages/com.unity.cinemachine/Editor/Samples/ExposeHDRPInternals/HDRP-Editor-ref.asmref has no target assembly definition
Assembly reference Packages/com.unity.cinemachine/Editor/Samples/ExposeHDRPInternals/HDRP-Editor-ref.asmref has no target assembly definition
'Packages/com.unity.cinemachine/Editor/Obsolete/CinemachineVirtualCameraBaseEditor.cs' contains partial class of Unity.Object, exactly 1 of the partial classes needs to be in a file with the same filename. This is to know the one that can be referenced from ie. GameObjects
'Packages/com.unity.cinemachine/Editor/Editors/CinemachineVirtualCameraBaseEditor.cs' contains partial class of Unity.Object, exactly 1 of the partial classes needs to be in a file with the same filename. This is to know the one that can be referenced from ie. GameObjects
Refreshing native plugins compatible for Editor in 26.06 ms, found 5 plugins.
Native extension for WindowsStandalone target not found
Native extension for WebGL target not found
[Package Manager] Failed to launch server process. Reason: Unity was launched with the -noUpm command-line argument
[Package Manager] Unable to send message (not connected to server process).
[Package Manager] Cannot connect to Unity Package Manager local server
[Package Manager] Failed to launch server process. Reason: Unity was launched with the -noUpm command-line argument
[Package Manager] Unable to send message (not connected to server process).
[Package Manager] Cannot connect to Unity Package Manager local server
[Package Manager] Failed to launch server process. Reason: Unity was launched with the -noUpm command-line argument
[Package Manager] Unable to send message (not connected to server process).
[Package Manager] Cannot connect to Unity Package Manager local server
ScheduleIndexationOnStartup MainProcess:False IndexOnStartup:True
Scripting: successfully reloaded assembly
- Finished resetting the current domain, in  8.930 seconds
Domain Reload Profiling: 29436ms
	BeginReloadAssembly (9193ms)
		ExecutionOrderSort (10ms)
		DisableScriptedObjects (1767ms)
		ReleaseScriptingObjects (16ms)
		CreateAndSetChildDomain (1687ms)
	RebuildCommonClasses (87ms)
	RebuildNativeTypeToScriptingClass (113ms)
	initialDomainReloadingComplete (1652ms)
	LoadAllAssembliesAndSetupDomain (9455ms)
		LoadAssemblies (9496ms)
		TypeCache.Refresh (105ms)
		AnalyzeDomain (1217ms)
			BuildScriptInfoCaches (1145ms)
			ResolveRequiredComponents (46ms)
	FinalizeReload (8935ms)
		SetupLoadedEditorAssemblies (0ms)
			LogAssemblyErrors (37ms)
			InitializePlatformSupportModulesInManaged (9ms)
			BeforeProcessingInitializeOnLoad (4145ms)
			ProcessInitializeOnLoadAttributes (3301ms)
			ProcessInitializeOnLoadMethodAttributes (322ms)
			AfterProcessingInitializeOnLoad (54ms)
			EditorAssembliesLoaded (19ms)
		AwakeInstancesAfterBackupRestoration (40ms)
Refreshing native plugins compatible for Editor in 16.63 ms, found 5 plugins.
Unloading 1 Unused Serialized files (Serialized files now loaded: 0)
Unloading 5605 unused Assets / (1.8 MB). Loaded Objects now: 6350.
Memory consumption went from 344.9 MB to 343.1 MB.
Total: 63.388100 ms (FindLiveObjects: 5.262100 ms CreateObjectMapping: 2.226000 ms MarkObjects: 44.588900 ms  DeleteObjects: 9.965600 ms)

Prepare: number of updated asset objects reloaded= 0
========================================================================
Received Import Request.
  Time of request: 2026-10-03T01:07:42.3555157Z
  Time since last request: 80.36599579999999 seconds.
  importAddress: GUID: 4894376b7702cb947983b5d89189d6bf - Path: Assets/Scripts/Environment/GrietaReparacion.cs - Importer: PreviewImporter
Importing 'GUID: 4894376b7702cb947983b5d89189d6bf - Path: Assets/Scripts/Environment/GrietaReparacion.cs - Importer: PreviewImporter' with importer (PreviewImporter)
Imported 'GUID: 4894376b7702cb947983b5d89189d6bf' -> (Import Result ID: '00000000000000000000000000000000') in 0.016 seconds
Import Error Code:(4)
Message: Build asset version error: assets/scripts/environment/grietareparacion.cs in SourceAssetDB has modification time of '2026-10-03T01:06:19.9680304Z' while content on disk has modification time of '2026-10-03T01:06:47.2125Z'
  ERROR: Build asset version error: assets/scripts/environment/grietareparacion.cs in SourceAssetDB has modification time of '2026-10-03T01:06:19.9680304Z' while content on disk has modification time of '2026-10-03T01:06:47.2125Z'
Number of updated asset objects reloaded before import = 0
Number of asset objects unloaded after import = 0
========================================================================
Received Import Request.
  Time of request: 2026-10-03T01:07:42.5234874Z
  Time since last request: 0.144927 seconds.
  importAddress: GUID: 4894376b7702cb947983b5d89189d6bf - Path: Assets/Scripts/Environment/GrietaReparacion.cs - Importer: PreviewImporter
Importing 'GUID: 4894376b7702cb947983b5d89189d6bf - Path: Assets/Scripts/Environment/GrietaReparacion.cs - Importer: PreviewImporter' with importer (PreviewImporter)
Imported 'GUID: 4894376b7702cb947983b5d89189d6bf' -> (Import Result ID: '00000000000000000000000000000000') in 0.002 seconds
Import Error Code:(4)
Message: Build asset version error: assets/scripts/environment/grietareparacion.cs in SourceAssetDB has modification time of '2026-10-03T01:06:19.9680304Z' while content on disk has modification time of '2026-10-03T01:06:47.2125Z'
  ERROR: Build asset version error: assets/scripts/environment/grietareparacion.cs in SourceAssetDB has modification time of '2026-10-03T01:06:19.9680304Z' while content on disk has modification time of '2026-10-03T01:06:47.2125Z'
Number of updated asset objects reloaded before import = 0
Number of asset objects unloaded after import = 0
========================================================================
Received Import Request.
  Time of request: 2026-10-03T01:07:42.5334275Z
  Time since last request: 0.0062953 seconds.
  importAddress: GUID: 4894376b7702cb947983b5d89189d6bf - Path: Assets/Scripts/Environment/GrietaReparacion.cs - Importer: PreviewImporter
Importing 'GUID: 4894376b7702cb947983b5d89189d6bf - Path: Assets/Scripts/Environment/GrietaReparacion.cs - Importer: PreviewImporter' with importer (PreviewImporter)
Imported 'GUID: 4894376b7702cb947983b5d89189d6bf' -> (Import Result ID: '00000000000000000000000000000000') in 0.002 seconds
Import Error Code:(4)
Message: Build asset version error: assets/scripts/environment/grietareparacion.cs in SourceAssetDB has modification time of '2026-10-03T01:06:19.9680304Z' while content on disk has modification time of '2026-10-03T01:06:47.2125Z'
  ERROR: Build asset version error: assets/scripts/environment/grietareparacion.cs in SourceAssetDB has modification time of '2026-10-03T01:06:19.9680304Z' while content on disk has modification time of '2026-10-03T01:06:47.2125Z'
Number of updated asset objects reloaded before import = 0
Number of asset objects unloaded after import = 0
========================================================================
Received Import Request.
  Time of request: 2026-10-03T01:07:42.5800603Z
  Time since last request: 0.0432834 seconds.
  importAddress: GUID: 4894376b7702cb947983b5d89189d6bf - Path: Assets/Scripts/Environment/GrietaReparacion.cs - Importer: PreviewImporter
Importing 'GUID: 4894376b7702cb947983b5d89189d6bf - Path: Assets/Scripts/Environment/GrietaReparacion.cs - Importer: PreviewImporter' with importer (PreviewImporter)
Imported 'GUID: 4894376b7702cb947983b5d89189d6bf' -> (Import Result ID: '00000000000000000000000000000000') in 0.001 seconds
Import Error Code:(4)
Message: Build asset version error: assets/scripts/environment/grietareparacion.cs in SourceAssetDB has modification time of '2026-10-03T01:06:19.9680304Z' while content on disk has modification time of '2026-10-03T01:06:47.2125Z'
  ERROR: Build asset version error: assets/scripts/environment/grietareparacion.cs in SourceAssetDB has modification time of '2026-10-03T01:06:19.9680304Z' while content on disk has modification time of '2026-10-03T01:06:47.2125Z'
Number of updated asset objects reloaded before import = 0
Number of asset objects unloaded after import = 0
========================================================================
Received Import Request.
  Time of request: 2026-10-03T01:07:42.6125622Z
  Time since last request: 0.0298079 seconds.
  importAddress: GUID: 4894376b7702cb947983b5d89189d6bf - Path: Assets/Scripts/Environment/GrietaReparacion.cs - Importer: PreviewImporter
Importing 'GUID: 4894376b7702cb947983b5d89189d6bf - Path: Assets/Scripts/Environment/GrietaReparacion.cs - Importer: PreviewImporter' with importer (PreviewImporter)
Imported 'GUID: 4894376b7702cb947983b5d89189d6bf' -> (Import Result ID: '00000000000000000000000000000000') in 0.002 seconds
Import Error Code:(4)
Message: Build asset version error: assets/scripts/environment/grietareparacion.cs in SourceAssetDB has modification time of '2026-10-03T01:06:19.9680304Z' while content on disk has modification time of '2026-10-03T01:06:47.2125Z'
  ERROR: Build asset version error: assets/scripts/environment/grietareparacion.cs in SourceAssetDB has modification time of '2026-10-03T01:06:19.9680304Z' while content on disk has modification time of '2026-10-03T01:06:47.2125Z'
Number of updated asset objects reloaded before import = 0
Number of asset objects unloaded after import = 0
========================================================================
Received Import Request.
  Time of request: 2026-10-03T01:07:42.6521705Z
  Time since last request: 0.0360917 seconds.
  importAddress: GUID: 4894376b7702cb947983b5d89189d6bf - Path: Assets/Scripts/Environment/GrietaReparacion.cs - Importer: PreviewImporter
Importing 'GUID: 4894376b7702cb947983b5d89189d6bf - Path: Assets/Scripts/Environment/GrietaReparacion.cs - Importer: PreviewImporter' with importer (PreviewImporter)
Imported 'GUID: 4894376b7702cb947983b5d89189d6bf' -> (Import Result ID: '00000000000000000000000000000000') in 0.002 seconds
Import Error Code:(4)
Message: Build asset version error: assets/scripts/environment/grietareparacion.cs in SourceAssetDB has modification time of '2026-10-03T01:06:19.9680304Z' while content on disk has modification time of '2026-10-03T01:06:47.2125Z'
  ERROR: Build asset version error: assets/scripts/environment/grietareparacion.cs in SourceAssetDB has modification time of '2026-10-03T01:06:19.9680304Z' while content on disk has modification time of '2026-10-03T01:06:47.2125Z'
Number of updated asset objects reloaded before import = 0
Number of asset objects unloaded after import = 0
========================================================================
Received Import Request.
  Time of request: 2026-10-03T01:07:42.6935182Z
  Time since last request: 0.0366163 seconds.
  importAddress: GUID: 4894376b7702cb947983b5d89189d6bf - Path: Assets/Scripts/Environment/GrietaReparacion.cs - Importer: PreviewImporter
Importing 'GUID: 4894376b7702cb947983b5d89189d6bf - Path: Assets/Scripts/Environment/GrietaReparacion.cs - Importer: PreviewImporter' with importer (PreviewImporter)
Imported 'GUID: 4894376b7702cb947983b5d89189d6bf' -> (Import Result ID: '00000000000000000000000000000000') in 0.001 seconds
Import Error Code:(4)
Message: Build asset version error: assets/scripts/environment/grietareparacion.cs in SourceAssetDB has modification time of '2026-10-03T01:06:19.9680304Z' while content on disk has modification time of '2026-10-03T01:06:47.2125Z'
  ERROR: Build asset version error: assets/scripts/environment/grietareparacion.cs in SourceAssetDB has modification time of '2026-10-03T01:06:19.9680304Z' while content on disk has modification time of '2026-10-03T01:06:47.2125Z'
Number of updated asset objects reloaded before import = 0
Number of asset objects unloaded after import = 0
========================================================================
Received Import Request.
  Time of request: 2026-10-03T01:07:42.7308006Z
  Time since last request: 0.0341768 seconds.
  importAddress: GUID: 4894376b7702cb947983b5d89189d6bf - Path: Assets/Scripts/Environment/GrietaReparacion.cs - Importer: PreviewImporter
Importing 'GUID: 4894376b7702cb947983b5d89189d6bf - Path: Assets/Scripts/Environment/GrietaReparacion.cs - Importer: PreviewImporter' with importer (PreviewImporter)
Imported 'GUID: 4894376b7702cb947983b5d89189d6bf' -> (Import Result ID: '00000000000000000000000000000000') in 0.002 seconds
Import Error Code:(4)
Message: Build asset version error: assets/scripts/environment/grietareparacion.cs in SourceAssetDB has modification time of '2026-10-03T01:06:19.9680304Z' while content on disk has modification time of '2026-10-03T01:06:47.2125Z'
  ERROR: Build asset version error: assets/scripts/environment/grietareparacion.cs in SourceAssetDB has modification time of '2026-10-03T01:06:19.9680304Z' while content on disk has modification time of '2026-10-03T01:06:47.2125Z'
Number of updated asset objects reloaded before import = 0
Number of asset objects unloaded after import = 0
========================================================================
Received Import Request.
  Time of request: 2026-10-03T01:07:42.7728226Z
  Time since last request: 0.038023 seconds.
  importAddress: GUID: 4894376b7702cb947983b5d89189d6bf - Path: Assets/Scripts/Environment/GrietaReparacion.cs - Importer: PreviewImporter
Importing 'GUID: 4894376b7702cb947983b5d89189d6bf - Path: Assets/Scripts/Environment/GrietaReparacion.cs - Importer: PreviewImporter' with importer (PreviewImporter)
Imported 'GUID: 4894376b7702cb947983b5d89189d6bf' -> (Import Result ID: '00000000000000000000000000000000') in 0.001 seconds
Import Error Code:(4)
Message: Build asset version error: assets/scripts/environment/grietareparacion.cs in SourceAssetDB has modification time of '2026-10-03T01:06:19.9680304Z' while content on disk has modification time of '2026-10-03T01:06:47.2125Z'
  ERROR: Build asset version error: assets/scripts/environment/grietareparacion.cs in SourceAssetDB has modification time of '2026-10-03T01:06:19.9680304Z' while content on disk has modification time of '2026-10-03T01:06:47.2125Z'
Number of updated asset objects reloaded before import = 0
Number of asset objects unloaded after import = 0
========================================================================
Received Import Request.
  Time of request: 2026-10-03T01:07:42.8068679Z
  Time since last request: 0.0306004 seconds.
  importAddress: GUID: 4894376b7702cb947983b5d89189d6bf - Path: Assets/Scripts/Environment/GrietaReparacion.cs - Importer: PreviewImporter
Importing 'GUID: 4894376b7702cb947983b5d89189d6bf - Path: Assets/Scripts/Environment/GrietaReparacion.cs - Importer: PreviewImporter' with importer (PreviewImporter)
Imported 'GUID: 4894376b7702cb947983b5d89189d6bf' -> (Import Result ID: '00000000000000000000000000000000') in 0.001 seconds
Import Error Code:(4)
Message: Build asset version error: assets/scripts/environment/grietareparacion.cs in SourceAssetDB has modification time of '2026-10-03T01:06:19.9680304Z' while content on disk has modification time of '2026-10-03T01:06:47.2125Z'
  ERROR: Build asset version error: assets/scripts/environment/grietareparacion.cs in SourceAssetDB has modification time of '2026-10-03T01:06:19.9680304Z' while content on disk has modification time of '2026-10-03T01:06:47.2125Z'
Number of updated asset objects reloaded before import = 0
Number of asset objects unloaded after import = 0
========================================================================
Received Import Request.
  Time of request: 2026-10-03T01:07:42.8420272Z
  Time since last request: 0.0330808 seconds.
  importAddress: GUID: 4894376b7702cb947983b5d89189d6bf - Path: Assets/Scripts/Environment/GrietaReparacion.cs - Importer: PreviewImporter
Importing 'GUID: 4894376b7702cb947983b5d89189d6bf - Path: Assets/Scripts/Environment/GrietaReparacion.cs - Importer: PreviewImporter' with importer (PreviewImporter)
Imported 'GUID: 4894376b7702cb947983b5d89189d6bf' -> (Import Result ID: '00000000000000000000000000000000') in 0.002 seconds
Import Error Code:(4)
Message: Build asset version error: assets/scripts/environment/grietareparacion.cs in SourceAssetDB has modification time of '2026-10-03T01:06:19.9680304Z' while content on disk has modification time of '2026-10-03T01:06:47.2125Z'
  ERROR: Build asset version error: assets/scripts/environment/grietareparacion.cs in SourceAssetDB has modification time of '2026-10-03T01:06:19.9680304Z' while content on disk has modification time of '2026-10-03T01:06:47.2125Z'
Number of updated asset objects reloaded before import = 0
Number of asset objects unloaded after import = 0
========================================================================
Received Import Request.
  Time of request: 2026-10-03T01:07:42.8767482Z
  Time since last request: 0.0316147 seconds.
  importAddress: GUID: 4894376b7702cb947983b5d89189d6bf - Path: Assets/Scripts/Environment/GrietaReparacion.cs - Importer: PreviewImporter
Importing 'GUID: 4894376b7702cb947983b5d89189d6bf - Path: Assets/Scripts/Environment/GrietaReparacion.cs - Importer: PreviewImporter' with importer (PreviewImporter)
Imported 'GUID: 4894376b7702cb947983b5d89189d6bf' -> (Import Result ID: '00000000000000000000000000000000') in 0.001 seconds
Import Error Code:(4)
Message: Build asset version error: assets/scripts/environment/grietareparacion.cs in SourceAssetDB has modification time of '2026-10-03T01:06:19.9680304Z' while content on disk has modification time of '2026-10-03T01:06:47.2125Z'
  ERROR: Build asset version error: assets/scripts/environment/grietareparacion.cs in SourceAssetDB has modification time of '2026-10-03T01:06:19.9680304Z' while content on disk has modification time of '2026-10-03T01:06:47.2125Z'
Number of updated asset objects reloaded before import = 0
Number of asset objects unloaded after import = 0
========================================================================
Received Import Request.
  Time of request: 2026-10-03T01:07:42.9144228Z
  Time since last request: 0.0354583 seconds.
  importAddress: GUID: 4894376b7702cb947983b5d89189d6bf - Path: Assets/Scripts/Environment/GrietaReparacion.cs - Importer: PreviewImporter
Importing 'GUID: 4894376b7702cb947983b5d89189d6bf - Path: Assets/Scripts/Environment/GrietaReparacion.cs - Importer: PreviewImporter' with importer (PreviewImporter)
Imported 'GUID: 4894376b7702cb947983b5d89189d6bf' -> (Import Result ID: '00000000000000000000000000000000') in 0.001 seconds
Import Error Code:(4)
Message: Build asset version error: assets/scripts/environment/grietareparacion.cs in SourceAssetDB has modification time of '2026-10-03T01:06:19.9680304Z' while content on disk has modification time of '2026-10-03T01:06:47.2125Z'
  ERROR: Build asset version error: assets/scripts/environment/grietareparacion.cs in SourceAssetDB has modification time of '2026-10-03T01:06:19.9680304Z' while content on disk has modification time of '2026-10-03T01:06:47.2125Z'
Number of updated asset objects reloaded before import = 0
Number of asset objects unloaded after import = 0
========================================================================
Received Import Request.
  Time of request: 2026-10-03T01:07:42.9539374Z
  Time since last request: 0.0346107 seconds.
  importAddress: GUID: 4894376b7702cb947983b5d89189d6bf - Path: Assets/Scripts/Environment/GrietaReparacion.cs - Importer: PreviewImporter
Importing 'GUID: 4894376b7702cb947983b5d89189d6bf - Path: Assets/Scripts/Environment/GrietaReparacion.cs - Importer: PreviewImporter' with importer (PreviewImporter)
Imported 'GUID: 4894376b7702cb947983b5d89189d6bf' -> (Import Result ID: '00000000000000000000000000000000') in 0.002 seconds
Import Error Code:(4)
Message: Build asset version error: assets/scripts/environment/grietareparacion.cs in SourceAssetDB has modification time of '2026-10-03T01:06:19.9680304Z' while content on disk has modification time of '2026-10-03T01:06:47.2125Z'
  ERROR: Build asset version error: assets/scripts/environment/grietareparacion.cs in SourceAssetDB has modification time of '2026-10-03T01:06:19.9680304Z' while content on disk has modification time of '2026-10-03T01:06:47.2125Z'
Number of updated asset objects reloaded before import = 0
Number of asset objects unloaded after import = 0
========================================================================
Received Import Request.
  Time of request: 2026-10-03T01:07:42.9913806Z
  Time since last request: 0.0328819 seconds.
  importAddress: GUID: 4894376b7702cb947983b5d89189d6bf - Path: Assets/Scripts/Environment/GrietaReparacion.cs - Importer: PreviewImporter
Importing 'GUID: 4894376b7702cb947983b5d89189d6bf - Path: Assets/Scripts/Environment/GrietaReparacion.cs - Importer: PreviewImporter' with importer (PreviewImporter)
Imported 'GUID: 4894376b7702cb947983b5d89189d6bf' -> (Import Result ID: '00000000000000000000000000000000') in 0.002 seconds
Import Error Code:(4)
Message: Build asset version error: assets/scripts/environment/grietareparacion.cs in SourceAssetDB has modification time of '2026-10-03T01:06:19.9680304Z' while content on disk has modification time of '2026-10-03T01:06:47.2125Z'
  ERROR: Build asset version error: assets/scripts/environment/grietareparacion.cs in SourceAssetDB has modification time of '2026-10-03T01:06:19.9680304Z' while content on disk has modification time of '2026-10-03T01:06:47.2125Z'
Number of updated asset objects reloaded before import = 0
Number of asset objects unloaded after import = 0
========================================================================
Received Import Request.
  Time of request: 2026-10-03T01:07:43.026556Z
  Time since last request: 0.0323815 seconds.
  importAddress: GUID: 4894376b7702cb947983b5d89189d6bf - Path: Assets/Scripts/Environment/GrietaReparacion.cs - Importer: PreviewImporter
Importing 'GUID: 4894376b7702cb947983b5d89189d6bf - Path: Assets/Scripts/Environment/GrietaReparacion.cs - Importer: PreviewImporter' with importer (PreviewImporter)
Imported 'GUID: 4894376b7702cb947983b5d89189d6bf' -> (Import Result ID: '00000000000000000000000000000000') in 0.001 seconds
Import Error Code:(4)
Message: Build asset version error: assets/scripts/environment/grietareparacion.cs in SourceAssetDB has modification time of '2026-10-03T01:06:19.9680304Z' while content on disk has modification time of '2026-10-03T01:06:47.2125Z'
  ERROR: Build asset version error: assets/scripts/environment/grietareparacion.cs in SourceAssetDB has modification time of '2026-10-03T01:06:19.9680304Z' while content on disk has modification time of '2026-10-03T01:06:47.2125Z'
Number of updated asset objects reloaded before import = 0
Number of asset objects unloaded after import = 0
========================================================================
Received Import Request.
  Time of request: 2026-10-03T01:07:43.0579049Z
  Time since last request: 0.0292106 seconds.
  importAddress: GUID: 4894376b7702cb947983b5d89189d6bf - Path: Assets/Scripts/Environment/GrietaReparacion.cs - Importer: PreviewImporter
Importing 'GUID: 4894376b7702cb947983b5d89189d6bf - Path: Assets/Scripts/Environment/GrietaReparacion.cs - Importer: PreviewImporter' with importer (PreviewImporter)
Imported 'GUID: 4894376b7702cb947983b5d89189d6bf' -> (Import Result ID: '00000000000000000000000000000000') in 0.001 seconds
Import Error Code:(4)
Message: Build asset version error: assets/scripts/environment/grietareparacion.cs in SourceAssetDB has modification time of '2026-10-03T01:06:19.9680304Z' while content on disk has modification time of '2026-10-03T01:06:47.2125Z'
  ERROR: Build asset version error: assets/scripts/environment/grietareparacion.cs in SourceAssetDB has modification time of '2026-10-03T01:06:19.9680304Z' while content on disk has modification time of '2026-10-03T01:06:47.2125Z'
Number of updated asset objects reloaded before import = 0
Number of asset objects unloaded after import = 0
========================================================================
Received Import Request.
  Time of request: 2026-10-03T01:07:43.0880605Z
  Time since last request: 0.0274645 seconds.
  importAddress: GUID: 4894376b7702cb947983b5d89189d6bf - Path: Assets/Scripts/Environment/GrietaReparacion.cs - Importer: PreviewImporter
Importing 'GUID: 4894376b7702cb947983b5d89189d6bf - Path: Assets/Scripts/Environment/GrietaReparacion.cs - Importer: PreviewImporter' with importer (PreviewImporter)
Imported 'GUID: 4894376b7702cb947983b5d89189d6bf' -> (Import Result ID: '00000000000000000000000000000000') in 0.001 seconds
Import Error Code:(4)
Message: Build asset version error: assets/scripts/environment/grietareparacion.cs in SourceAssetDB has modification time of '2026-10-03T01:06:19.9680304Z' while content on disk has modification time of '2026-10-03T01:06:47.2125Z'
  ERROR: Build asset version error: assets/scripts/environment/grietareparacion.cs in SourceAssetDB has modification time of '2026-10-03T01:06:19.9680304Z' while content on disk has modification time of '2026-10-03T01:06:47.2125Z'
Number of updated asset objects reloaded before import = 0
Number of asset objects unloaded after import = 0
========================================================================
Received Import Request.
  Time of request: 2026-10-03T01:07:43.1179655Z
  Time since last request: 0.0275612 seconds.
  importAddress: GUID: 4894376b7702cb947983b5d89189d6bf - Path: Assets/Scripts/Environment/GrietaReparacion.cs - Importer: PreviewImporter
Importing 'GUID: 4894376b7702cb947983b5d89189d6bf - Path: Assets/Scripts/Environment/GrietaReparacion.cs - Importer: PreviewImporter' with importer (PreviewImporter)
Imported 'GUID: 4894376b7702cb947983b5d89189d6bf' -> (Import Result ID: '00000000000000000000000000000000') in 0.001 seconds
Import Error Code:(4)
Message: Build asset version error: assets/scripts/environment/grietareparacion.cs in SourceAssetDB has modification time of '2026-10-03T01:06:19.9680304Z' while content on disk has modification time of '2026-10-03T01:06:47.2125Z'
  ERROR: Build asset version error: assets/scripts/environment/grietareparacion.cs in SourceAssetDB has modification time of '2026-10-03T01:06:19.9680304Z' while content on disk has modification time of '2026-10-03T01:06:47.2125Z'
Number of updated asset objects reloaded before import = 0
Number of asset objects unloaded after import = 0
========================================================================
Received Import Request.
  Time of request: 2026-10-03T01:07:43.1502434Z
  Time since last request: 0.0296472 seconds.
  importAddress: GUID: 4894376b7702cb947983b5d89189d6bf - Path: Assets/Scripts/Environment/GrietaReparacion.cs - Importer: PreviewImporter
Importing 'GUID: 4894376b7702cb947983b5d89189d6bf - Path: Assets/Scripts/Environment/GrietaReparacion.cs - Importer: PreviewImporter' with importer (PreviewImporter)
Imported 'GUID: 4894376b7702cb947983b5d89189d6bf' -> (Import Result ID: '00000000000000000000000000000000') in 0.002 seconds
Import Error Code:(4)
Message: Build asset version error: assets/scripts/environment/grietareparacion.cs in SourceAssetDB has modification time of '2026-10-03T01:06:19.9680304Z' while content on disk has modification time of '2026-10-03T01:06:47.2125Z'
  ERROR: Build asset version error: assets/scripts/environment/grietareparacion.cs in SourceAssetDB has modification time of '2026-10-03T01:06:19.9680304Z' while content on disk has modification time of '2026-10-03T01:06:47.2125Z'
Number of updated asset objects reloaded before import = 0
Number of asset objects unloaded after import = 0
========================================================================
Received Import Request.
  Time of request: 2026-10-03T01:07:43.1841696Z
  Time since last request: 0.0306185 seconds.
  importAddress: GUID: 4894376b7702cb947983b5d89189d6bf - Path: Assets/Scripts/Environment/GrietaReparacion.cs - Importer: PreviewImporter
Importing 'GUID: 4894376b7702cb947983b5d89189d6bf - Path: Assets/Scripts/Environment/GrietaReparacion.cs - Importer: PreviewImporter' with importer (PreviewImporter)
Imported 'GUID: 4894376b7702cb947983b5d89189d6bf' -> (Import Result ID: '00000000000000000000000000000000') in 0.003 seconds
Import Error Code:(4)
Message: Build asset version error: assets/scripts/environment/grietareparacion.cs in SourceAssetDB has modification time of '2026-10-03T01:06:19.9680304Z' while content on disk has modification time of '2026-10-03T01:06:47.2125Z'
  ERROR: Build asset version error: assets/scripts/environment/grietareparacion.cs in SourceAssetDB has modification time of '2026-10-03T01:06:19.9680304Z' while content on disk has modification time of '2026-10-03T01:06:47.2125Z'
Number of updated asset objects reloaded before import = 0
Number of asset objects unloaded after import = 0
========================================================================
Received Import Request.
  Time of request: 2026-10-03T01:07:43.2345638Z
  Time since last request: 0.0449235 seconds.
  importAddress: GUID: 4894376b7702cb947983b5d89189d6bf - Path: Assets/Scripts/Environment/GrietaReparacion.cs - Importer: PreviewImporter
Importing 'GUID: 4894376b7702cb947983b5d89189d6bf - Path: Assets/Scripts/Environment/GrietaReparacion.cs - Importer: PreviewImporter' with importer (PreviewImporter)
Imported 'GUID: 4894376b7702cb947983b5d89189d6bf' -> (Import Result ID: '00000000000000000000000000000000') in 0.002 seconds
Import Error Code:(4)
Message: Build asset version error: assets/scripts/environment/grietareparacion.cs in SourceAssetDB has modification time of '2026-10-03T01:06:19.9680304Z' while content on disk has modification time of '2026-10-03T01:06:47.2125Z'
  ERROR: Build asset version error: assets/scripts/environment/grietareparacion.cs in SourceAssetDB has modification time of '2026-10-03T01:06:19.9680304Z' while content on disk has modification time of '2026-10-03T01:06:47.2125Z'
Number of updated asset objects reloaded before import = 0
Number of asset objects unloaded after import = 0
========================================================================
Received Import Request.
  Time of request: 2026-10-03T01:07:43.2834628Z
  Time since last request: 0.0434232 seconds.
  importAddress: GUID: 4894376b7702cb947983b5d89189d6bf - Path: Assets/Scripts/Environment/GrietaReparacion.cs - Importer: PreviewImporter
Importing 'GUID: 4894376b7702cb947983b5d89189d6bf - Path: Assets/Scripts/Environment/GrietaReparacion.cs - Importer: PreviewImporter' with importer (PreviewImporter)
Imported 'GUID: 4894376b7702cb947983b5d89189d6bf' -> (Import Result ID: '00000000000000000000000000000000') in 0.028 seconds
Import Error Code:(4)
Message: Build asset version error: assets/scripts/environment/grietareparacion.cs in SourceAssetDB has modification time of '2026-10-03T01:06:19.9680304Z' while content on disk has modification time of '2026-10-03T01:06:47.2125Z'
  ERROR: Build asset version error: assets/scripts/environment/grietareparacion.cs in SourceAssetDB has modification time of '2026-10-03T01:06:19.9680304Z' while content on disk has modification time of '2026-10-03T01:06:47.2125Z'
Number of updated asset objects reloaded before import = 0
Number of asset objects unloaded after import = 0
========================================================================
Received Import Request.
  Time of request: 2026-10-03T01:07:43.3330949Z
  Time since last request: 0.0175442 seconds.
  importAddress: GUID: 4894376b7702cb947983b5d89189d6bf - Path: Assets/Scripts/Environment/GrietaReparacion.cs - Importer: PreviewImporter
Importing 'GUID: 4894376b7702cb947983b5d89189d6bf - Path: Assets/Scripts/Environment/GrietaReparacion.cs - Importer: PreviewImporter' with importer (PreviewImporter)
Imported 'GUID: 4894376b7702cb947983b5d89189d6bf' -> (Import Result ID: '00000000000000000000000000000000') in 0.003 seconds
Import Error Code:(4)
Message: Build asset version error: assets/scripts/environment/grietareparacion.cs in SourceAssetDB has modification time of '2026-10-03T01:06:19.9680304Z' while content on disk has modification time of '2026-10-03T01:06:47.2125Z'
  ERROR: Build asset version error: assets/scripts/environment/grietareparacion.cs in SourceAssetDB has modification time of '2026-10-03T01:06:19.9680304Z' while content on disk has modification time of '2026-10-03T01:06:47.2125Z'
Number of updated asset objects reloaded before import = 0
Number of asset objects unloaded after import = 0
========================================================================
Received Import Request.
  Time of request: 2026-10-03T01:07:43.3649339Z
  Time since last request: 0.0272299 seconds.
  importAddress: GUID: 4894376b7702cb947983b5d89189d6bf - Path: Assets/Scripts/Environment/GrietaReparacion.cs - Importer: PreviewImporter
Importing 'GUID: 4894376b7702cb947983b5d89189d6bf - Path: Assets/Scripts/Environment/GrietaReparacion.cs - Importer: PreviewImporter' with importer (PreviewImporter)
Imported 'GUID: 4894376b7702cb947983b5d89189d6bf' -> (Import Result ID: '00000000000000000000000000000000') in 0.001 seconds
Import Error Code:(4)
Message: Build asset version error: assets/scripts/environment/grietareparacion.cs in SourceAssetDB has modification time of '2026-10-03T01:06:19.9680304Z' while content on disk has modification time of '2026-10-03T01:06:47.2125Z'
  ERROR: Build asset version error: assets/scripts/environment/grietareparacion.cs in SourceAssetDB has modification time of '2026-10-03T01:06:19.9680304Z' while content on disk has modification time of '2026-10-03T01:06:47.2125Z'
Number of updated asset objects reloaded before import = 0
Number of asset objects unloaded after import = 0
========================================================================
Received Import Request.
  Time of request: 2026-10-03T01:07:43.3929869Z
  Time since last request: 0.0255137 seconds.
  importAddress: GUID: 4894376b7702cb947983b5d89189d6bf - Path: Assets/Scripts/Environment/GrietaReparacion.cs - Importer: PreviewImporter
Importing 'GUID: 4894376b7702cb947983b5d89189d6bf - Path: Assets/Scripts/Environment/GrietaReparacion.cs - Importer: PreviewImporter' with importer (PreviewImporter)
Imported 'GUID: 4894376b7702cb947983b5d89189d6bf' -> (Import Result ID: '00000000000000000000000000000000') in 0.002 seconds
Import Error Code:(4)
Message: Build asset version error: assets/scripts/environment/grietareparacion.cs in SourceAssetDB has modification time of '2026-10-03T01:06:19.9680304Z' while content on disk has modification time of '2026-10-03T01:06:47.2125Z'
  ERROR: Build asset version error: assets/scripts/environment/grietareparacion.cs in SourceAssetDB has modification time of '2026-10-03T01:06:19.9680304Z' while content on disk has modification time of '2026-10-03T01:06:47.2125Z'
Number of updated asset objects reloaded before import = 0
Number of asset objects unloaded after import = 0
========================================================================
Received Import Request.
  Time of request: 2026-10-03T01:07:43.4203779Z
  Time since last request: 0.0248749 seconds.
  importAddress: GUID: 4894376b7702cb947983b5d89189d6bf - Path: Assets/Scripts/Environment/GrietaReparacion.cs - Importer: PreviewImporter
Importing 'GUID: 4894376b7702cb947983b5d89189d6bf - Path: Assets/Scripts/Environment/GrietaReparacion.cs - Importer: PreviewImporter' with importer (PreviewImporter)
Imported 'GUID: 4894376b7702cb947983b5d89189d6bf' -> (Import Result ID: '00000000000000000000000000000000') in 0.001 seconds
Import Error Code:(4)
Message: Build asset version error: assets/scripts/environment/grietareparacion.cs in SourceAssetDB has modification time of '2026-10-03T01:06:19.9680304Z' while content on disk has modification time of '2026-10-03T01:06:47.2125Z'
  ERROR: Build asset version error: assets/scripts/environment/grietareparacion.cs in SourceAssetDB has modification time of '2026-10-03T01:06:19.9680304Z' while content on disk has modification time of '2026-10-03T01:06:47.2125Z'
Number of updated asset objects reloaded before import = 0
Number of asset objects unloaded after import = 0
========================================================================
Received Import Request.
  Time of request: 2026-10-03T01:07:43.4579222Z
  Time since last request: 0.0356924 seconds.
  importAddress: GUID: 4894376b7702cb947983b5d89189d6bf - Path: Assets/Scripts/Environment/GrietaReparacion.cs - Importer: PreviewImporter
Importing 'GUID: 4894376b7702cb947983b5d89189d6bf - Path: Assets/Scripts/Environment/GrietaReparacion.cs - Importer: PreviewImporter' with importer (PreviewImporter)
Imported 'GUID: 4894376b7702cb947983b5d89189d6bf' -> (Import Result ID: '00000000000000000000000000000000') in 0.002 seconds
Import Error Code:(4)
Message: Build asset version error: assets/scripts/environment/grietareparacion.cs in SourceAssetDB has modification time of '2026-10-03T01:06:19.9680304Z' while content on disk has modification time of '2026-10-03T01:06:47.2125Z'
  ERROR: Build asset version error: assets/scripts/environment/grietareparacion.cs in SourceAssetDB has modification time of '2026-10-03T01:06:19.9680304Z' while content on disk has modification time of '2026-10-03T01:06:47.2125Z'
Number of updated asset objects reloaded before import = 0
Number of asset objects unloaded after import = 0
========================================================================
Received Import Request.
  Time of request: 2026-10-03T01:07:43.5020166Z
  Time since last request: 0.040928 seconds.
  importAddress: GUID: 4894376b7702cb947983b5d89189d6bf - Path: Assets/Scripts/Environment/GrietaReparacion.cs - Importer: PreviewImporter
Importing 'GUID: 4894376b7702cb947983b5d89189d6bf - Path: Assets/Scripts/Environment/GrietaReparacion.cs - Importer: PreviewImporter' with importer (PreviewImporter)
Imported 'GUID: 4894376b7702cb947983b5d89189d6bf' -> (Import Result ID: '00000000000000000000000000000000') in 0.009 seconds
Import Error Code:(4)
Message: Build asset version error: assets/scripts/environment/grietareparacion.cs in SourceAssetDB has modification time of '2026-10-03T01:06:19.9680304Z' while content on disk has modification time of '2026-10-03T01:06:47.2125Z'
  ERROR: Build asset version error: assets/scripts/environment/grietareparacion.cs in SourceAssetDB has modification time of '2026-10-03T01:06:19.9680304Z' while content on disk has modification time of '2026-10-03T01:06:47.2125Z'
Number of updated asset objects reloaded before import = 0
Number of asset objects unloaded after import = 0
========================================================================
Received Import Request.
  Time of request: 2026-10-03T01:07:43.5477925Z
  Time since last request: 0.0344917 seconds.
  importAddress: GUID: 4894376b7702cb947983b5d89189d6bf - Path: Assets/Scripts/Environment/GrietaReparacion.cs - Importer: PreviewImporter
Importing 'GUID: 4894376b7702cb947983b5d89189d6bf - Path: Assets/Scripts/Environment/GrietaReparacion.cs - Importer: PreviewImporter' with importer (PreviewImporter)
Imported 'GUID: 4894376b7702cb947983b5d89189d6bf' -> (Import Result ID: '00000000000000000000000000000000') in 0.002 seconds
Import Error Code:(4)
Message: Build asset version error: assets/scripts/environment/grietareparacion.cs in SourceAssetDB has modification time of '2026-10-03T01:06:19.9680304Z' while content on disk has modification time of '2026-10-03T01:06:47.2125Z'
  ERROR: Build asset version error: assets/scripts/environment/grietareparacion.cs in SourceAssetDB has modification time of '2026-10-03T01:06:19.9680304Z' while content on disk has modification time of '2026-10-03T01:06:47.2125Z'
Number of updated asset objects reloaded before import = 0
Number of asset objects unloaded after import = 0
========================================================================
Received Import Request.
  Time of request: 2026-10-03T01:07:43.5907029Z
  Time since last request: 0.0396514 seconds.
  importAddress: GUID: 4894376b7702cb947983b5d89189d6bf - Path: Assets/Scripts/Environment/GrietaReparacion.cs - Importer: PreviewImporter
Importing 'GUID: 4894376b7702cb947983b5d89189d6bf - Path: Assets/Scripts/Environment/GrietaReparacion.cs - Importer: PreviewImporter' with importer (PreviewImporter)
Imported 'GUID: 4894376b7702cb947983b5d89189d6bf' -> (Import Result ID: '00000000000000000000000000000000') in 0.001 seconds
Import Error Code:(4)
Message: Build asset version error: assets/scripts/environment/grietareparacion.cs in SourceAssetDB has modification time of '2026-10-03T01:06:19.9680304Z' while content on disk has modification time of '2026-10-03T01:06:47.2125Z'
  ERROR: Build asset version error: assets/scripts/environment/grietareparacion.cs in SourceAssetDB has modification time of '2026-10-03T01:06:19.9680304Z' while content on disk has modification time of '2026-10-03T01:06:47.2125Z'
Number of updated asset objects reloaded before import = 0
Number of asset objects unloaded after import = 0
========================================================================
Received Import Request.
  Time of request: 2026-10-03T01:07:43.618744Z
  Time since last request: 0.0262253 seconds.
  importAddress: GUID: 4894376b7702cb947983b5d89189d6bf - Path: Assets/Scripts/Environment/GrietaReparacion.cs - Importer: PreviewImporter
Importing 'GUID: 4894376b7702cb947983b5d89189d6bf - Path: Assets/Scripts/Environment/GrietaReparacion.cs - Importer: PreviewImporter' with importer (PreviewImporter)
Imported 'GUID: 4894376b7702cb947983b5d89189d6bf' -> (Import Result ID: '00000000000000000000000000000000') in 0.001 seconds
Import Error Code:(4)
Message: Build asset version error: assets/scripts/environment/grietareparacion.cs in SourceAssetDB has modification time of '2026-10-03T01:06:19.9680304Z' while content on disk has modification time of '2026-10-03T01:06:47.2125Z'
  ERROR: Build asset version error: assets/scripts/environment/grietareparacion.cs in SourceAssetDB has modification time of '2026-10-03T01:06:19.9680304Z' while content on disk has modification time of '2026-10-03T01:06:47.2125Z'
Number of updated asset objects reloaded before import = 0
Number of asset objects unloaded after import = 0
========================================================================
Received Import Request.
  Time of request: 2026-10-03T01:07:43.6447229Z
  Time since last request: 0.0240222 seconds.
  importAddress: GUID: 4894376b7702cb947983b5d89189d6bf - Path: Assets/Scripts/Environment/GrietaReparacion.cs - Importer: PreviewImporter
Importing 'GUID: 4894376b7702cb947983b5d89189d6bf - Path: Assets/Scripts/Environment/GrietaReparacion.cs - Importer: PreviewImporter' with importer (PreviewImporter)
Imported 'GUID: 4894376b7702cb947983b5d89189d6bf' -> (Import Result ID: '00000000000000000000000000000000') in 0.002 seconds
Import Error Code:(4)
Message: Build asset version error: assets/scripts/environment/grietareparacion.cs in SourceAssetDB has modification time of '2026-10-03T01:06:19.9680304Z' while content on disk has modification time of '2026-10-03T01:06:47.2125Z'
  ERROR: Build asset version error: assets/scripts/environment/grietareparacion.cs in SourceAssetDB has modification time of '2026-10-03T01:06:19.9680304Z' while content on disk has modification time of '2026-10-03T01:06:47.2125Z'
Number of updated asset objects reloaded before import = 0
Number of asset objects unloaded after import = 0
========================================================================
Received Import Request.
  Time of request: 2026-10-03T01:07:43.6706792Z
  Time since last request: 0.0233824 seconds.
  importAddress: GUID: 4894376b7702cb947983b5d89189d6bf - Path: Assets/Scripts/Environment/GrietaReparacion.cs - Importer: PreviewImporter
Importing 'GUID: 4894376b7702cb947983b5d89189d6bf - Path: Assets/Scripts/Environment/GrietaReparacion.cs - Importer: PreviewImporter' with importer (PreviewImporter)
Imported 'GUID: 4894376b7702cb947983b5d89189d6bf' -> (Import Result ID: '00000000000000000000000000000000') in 0.001 seconds
Import Error Code:(4)
Message: Build asset version error: assets/scripts/environment/grietareparacion.cs in SourceAssetDB has modification time of '2026-10-03T01:06:19.9680304Z' while content on disk has modification time of '2026-10-03T01:06:47.2125Z'
  ERROR: Build asset version error: assets/scripts/environment/grietareparacion.cs in SourceAssetDB has modification time of '2026-10-03T01:06:19.9680304Z' while content on disk has modification time of '2026-10-03T01:06:47.2125Z'
Number of updated asset objects reloaded before import = 0
Number of asset objects unloaded after import = 0
========================================================================
Received Import Request.
  Time of request: 2026-10-03T01:07:43.7097363Z
  Time since last request: 0.0366527 seconds.
  importAddress: GUID: 4894376b7702cb947983b5d89189d6bf - Path: Assets/Scripts/Environment/GrietaReparacion.cs - Importer: PreviewImporter
Importing 'GUID: 4894376b7702cb947983b5d89189d6bf - Path: Assets/Scripts/Environment/GrietaReparacion.cs - Importer: PreviewImporter' with importer (PreviewImporter)
Imported 'GUID: 4894376b7702cb947983b5d89189d6bf' -> (Import Result ID: '00000000000000000000000000000000') in 0.002 seconds
Import Error Code:(4)
Message: Build asset version error: assets/scripts/environment/grietareparacion.cs in SourceAssetDB has modification time of '2026-10-03T01:06:19.9680304Z' while content on disk has modification time of '2026-10-03T01:06:47.2125Z'
  ERROR: Build asset version error: assets/scripts/environment/grietareparacion.cs in SourceAssetDB has modification time of '2026-10-03T01:06:19.9680304Z' while content on disk has modification time of '2026-10-03T01:06:47.2125Z'
Number of updated asset objects reloaded before import = 0
Number of asset objects unloaded after import = 0
========================================================================
Received Import Request.
  Time of request: 2026-10-03T01:07:43.760046Z
  Time since last request: 0.04495 seconds.
  importAddress: GUID: 4894376b7702cb947983b5d89189d6bf - Path: Assets/Scripts/Environment/GrietaReparacion.cs - Importer: PreviewImporter
Importing 'GUID: 4894376b7702cb947983b5d89189d6bf - Path: Assets/Scripts/Environment/GrietaReparacion.cs - Importer: PreviewImporter' with importer (PreviewImporter)
Imported 'GUID: 4894376b7702cb947983b5d89189d6bf' -> (Import Result ID: '00000000000000000000000000000000') in 0.002 seconds
Import Error Code:(4)
Message: Build asset version error: assets/scripts/environment/grietareparacion.cs in SourceAssetDB has modification time of '2026-10-03T01:06:19.9680304Z' while content on disk has modification time of '2026-10-03T01:06:47.2125Z'
  ERROR: Build asset version error: assets/scripts/environment/grietareparacion.cs in SourceAssetDB has modification time of '2026-10-03T01:06:19.9680304Z' while content on disk has modification time of '2026-10-03T01:06:47.2125Z'
Number of updated asset objects reloaded before import = 0
Number of asset objects unloaded after import = 0
========================================================================
Received Import Request.
  Time of request: 2026-10-03T01:07:43.8146225Z
  Time since last request: 0.0501373 seconds.
  importAddress: GUID: 4894376b7702cb947983b5d89189d6bf - Path: Assets/Scripts/Environment/GrietaReparacion.cs - Importer: PreviewImporter
Importing 'GUID: 4894376b7702cb947983b5d89189d6bf - Path: Assets/Scripts/Environment/GrietaReparacion.cs - Importer: PreviewImporter' with importer (PreviewImporter)
Imported 'GUID: 4894376b7702cb947983b5d89189d6bf' -> (Import Result ID: '00000000000000000000000000000000') in 0.007 seconds
Import Error Code:(4)
Message: Build asset version error: assets/scripts/environment/grietareparacion.cs in SourceAssetDB has modification time of '2026-10-03T01:06:19.9680304Z' while content on disk has modification time of '2026-10-03T01:06:47.2125Z'
  ERROR: Build asset version error: assets/scripts/environment/grietareparacion.cs in SourceAssetDB has modification time of '2026-10-03T01:06:19.9680304Z' while content on disk has modification time of '2026-10-03T01:06:47.2125Z'
Number of updated asset objects reloaded before import = 0
Number of asset objects unloaded after import = 0
========================================================================
Received Import Request.
  Time of request: 2026-10-03T01:07:43.8554159Z
  Time since last request: 0.0264123 seconds.
  importAddress: GUID: 4894376b7702cb947983b5d89189d6bf - Path: Assets/Scripts/Environment/GrietaReparacion.cs - Importer: PreviewImporter
Importing 'GUID: 4894376b7702cb947983b5d89189d6bf - Path: Assets/Scripts/Environment/GrietaReparacion.cs - Importer: PreviewImporter' with importer (PreviewImporter)
Imported 'GUID: 4894376b7702cb947983b5d89189d6bf' -> (Import Result ID: '00000000000000000000000000000000') in 0.001 seconds
Import Error Code:(4)
Message: Build asset version error: assets/scripts/environment/grietareparacion.cs in SourceAssetDB has modification time of '2026-10-03T01:06:19.9680304Z' while content on disk has modification time of '2026-10-03T01:06:47.2125Z'
  ERROR: Build asset version error: assets/scripts/environment/grietareparacion.cs in SourceAssetDB has modification time of '2026-10-03T01:06:19.9680304Z' while content on disk has modification time of '2026-10-03T01:06:47.2125Z'
Number of updated asset objects reloaded before import = 0
Number of asset objects unloaded after import = 0
========================================================================
Received Import Request.
  Time of request: 2026-10-03T01:07:43.8891112Z
  Time since last request: 0.0310848 seconds.
  importAddress: GUID: 4894376b7702cb947983b5d89189d6bf - Path: Assets/Scripts/Environment/GrietaReparacion.cs - Importer: PreviewImporter
Importing 'GUID: 4894376b7702cb947983b5d89189d6bf - Path: Assets/Scripts/Environment/GrietaReparacion.cs - Importer: PreviewImporter' with importer (PreviewImporter)
Imported 'GUID: 4894376b7702cb947983b5d89189d6bf' -> (Import Result ID: '00000000000000000000000000000000') in 0.001 seconds
Import Error Code:(4)
Message: Build asset version error: assets/scripts/environment/grietareparacion.cs in SourceAssetDB has modification time of '2026-10-03T01:06:19.9680304Z' while content on disk has modification time of '2026-10-03T01:06:47.2125Z'
  ERROR: Build asset version error: assets/scripts/environment/grietareparacion.cs in SourceAssetDB has modification time of '2026-10-03T01:06:19.9680304Z' while content on disk has modification time of '2026-10-03T01:06:47.2125Z'
Number of updated asset objects reloaded before import = 0
Number of asset objects unloaded after import = 0
========================================================================
Received Import Request.
  Time of request: 2026-10-03T01:07:43.9193169Z
  Time since last request: 0.0277354 seconds.
  importAddress: GUID: 4894376b7702cb947983b5d89189d6bf - Path: Assets/Scripts/Environment/GrietaReparacion.cs - Importer: PreviewImporter
Importing 'GUID: 4894376b7702cb947983b5d89189d6bf - Path: Assets/Scripts/Environment/GrietaReparacion.cs - Importer: PreviewImporter' with importer (PreviewImporter)
Imported 'GUID: 4894376b7702cb947983b5d89189d6bf' -> (Import Result ID: '00000000000000000000000000000000') in 0.001 seconds
Import Error Code:(4)
Message: Build asset version error: assets/scripts/environment/grietareparacion.cs in SourceAssetDB has modification time of '2026-10-03T01:06:19.9680304Z' while content on disk has modification time of '2026-10-03T01:06:47.2125Z'
  ERROR: Build asset version error: assets/scripts/environment/grietareparacion.cs in SourceAssetDB has modification time of '2026-10-03T01:06:19.9680304Z' while content on disk has modification time of '2026-10-03T01:06:47.2125Z'
Number of updated asset objects reloaded before import = 0
Number of asset objects unloaded after import = 0
========================================================================
Received Import Request.
  Time of request: 2026-10-03T01:07:43.9512049Z
  Time since last request: 0.0291629 seconds.
  importAddress: GUID: 4894376b7702cb947983b5d89189d6bf - Path: Assets/Scripts/Environment/GrietaReparacion.cs - Importer: PreviewImporter
Importing 'GUID: 4894376b7702cb947983b5d89189d6bf - Path: Assets/Scripts/Environment/GrietaReparacion.cs - Importer: PreviewImporter' with importer (PreviewImporter)
Imported 'GUID: 4894376b7702cb947983b5d89189d6bf' -> (Import Result ID: '00000000000000000000000000000000') in 0.002 seconds
Import Error Code:(4)
Message: Build asset version error: assets/scripts/environment/grietareparacion.cs in SourceAssetDB has modification time of '2026-10-03T01:06:19.9680304Z' while content on disk has modification time of '2026-10-03T01:06:47.2125Z'
  ERROR: Build asset version error: assets/scripts/environment/grietareparacion.cs in SourceAssetDB has modification time of '2026-10-03T01:06:19.9680304Z' while content on disk has modification time of '2026-10-03T01:06:47.2125Z'
Number of updated asset objects reloaded before import = 0
Number of asset objects unloaded after import = 0
========================================================================
Received Import Request.
  Time of request: 2026-10-03T01:07:43.9913183Z
  Time since last request: 0.0342555 seconds.
  importAddress: GUID: 4894376b7702cb947983b5d89189d6bf - Path: Assets/Scripts/Environment/GrietaReparacion.cs - Importer: PreviewImporter
Importing 'GUID: 4894376b7702cb947983b5d89189d6bf - Path: Assets/Scripts/Environment/GrietaReparacion.cs - Importer: PreviewImporter' with importer (PreviewImporter)
Imported 'GUID: 4894376b7702cb947983b5d89189d6bf' -> (Import Result ID: '00000000000000000000000000000000') in 0.001 seconds
Import Error Code:(4)
Message: Build asset version error: assets/scripts/environment/grietareparacion.cs in SourceAssetDB has modification time of '2026-10-03T01:06:19.9680304Z' while content on disk has modification time of '2026-10-03T01:06:47.2125Z'
  ERROR: Build asset version error: assets/scripts/environment/grietareparacion.cs in SourceAssetDB has modification time of '2026-10-03T01:06:19.9680304Z' while content on disk has modification time of '2026-10-03T01:06:47.2125Z'
Number of updated asset objects reloaded before import = 0
Number of asset objects unloaded after import = 0
========================================================================
Received Import Request.
  Time of request: 2026-10-03T01:07:44.0447957Z
  Time since last request: 0.0500712 seconds.
  importAddress: GUID: 4894376b7702cb947983b5d89189d6bf - Path: Assets/Scripts/Environment/GrietaReparacion.cs - Importer: PreviewImporter
Importing 'GUID: 4894376b7702cb947983b5d89189d6bf - Path: Assets/Scripts/Environment/GrietaReparacion.cs - Importer: PreviewImporter' with importer (PreviewImporter)
Imported 'GUID: 4894376b7702cb947983b5d89189d6bf' -> (Import Result ID: '00000000000000000000000000000000') in 0.005 seconds
Import Error Code:(4)
Message: Build asset version error: assets/scripts/environment/grietareparacion.cs in SourceAssetDB has modification time of '2026-10-03T01:06:19.9680304Z' while content on disk has modification time of '2026-10-03T01:06:47.2125Z'
  ERROR: Build asset version error: assets/scripts/environment/grietareparacion.cs in SourceAssetDB has modification time of '2026-10-03T01:06:19.9680304Z' while content on disk has modification time of '2026-10-03T01:06:47.2125Z'
Number of updated asset objects reloaded before import = 0
Number of asset objects unloaded after import = 0
========================================================================
Received Import Request.
  Time of request: 2026-10-03T01:07:44.0987774Z
  Time since last request: 0.0428758 seconds.
  importAddress: GUID: 4894376b7702cb947983b5d89189d6bf - Path: Assets/Scripts/Environment/GrietaReparacion.cs - Importer: PreviewImporter
Importing 'GUID: 4894376b7702cb947983b5d89189d6bf - Path: Assets/Scripts/Environment/GrietaReparacion.cs - Importer: PreviewImporter' with importer (PreviewImporter)
Imported 'GUID: 4894376b7702cb947983b5d89189d6bf' -> (Import Result ID: '00000000000000000000000000000000') in 0.003 seconds
Import Error Code:(4)
Message: Build asset version error: assets/scripts/environment/grietareparacion.cs in SourceAssetDB has modification time of '2026-10-03T01:06:19.9680304Z' while content on disk has modification time of '2026-10-03T01:06:47.2125Z'
  ERROR: Build asset version error: assets/scripts/environment/grietareparacion.cs in SourceAssetDB has modification time of '2026-10-03T01:06:19.9680304Z' while content on disk has modification time of '2026-10-03T01:06:47.2125Z'
Number of updated asset objects reloaded before import = 0
Number of asset objects unloaded after import = 0
========================================================================
Received Import Request.
  Time of request: 2026-10-03T01:07:44.1471395Z
  Time since last request: 0.043123 seconds.
  importAddress: GUID: 4894376b7702cb947983b5d89189d6bf - Path: Assets/Scripts/Environment/GrietaReparacion.cs - Importer: PreviewImporter
Importing 'GUID: 4894376b7702cb947983b5d89189d6bf - Path: Assets/Scripts/Environment/GrietaReparacion.cs - Importer: PreviewImporter' with importer (PreviewImporter)
Imported 'GUID: 4894376b7702cb947983b5d89189d6bf' -> (Import Result ID: '00000000000000000000000000000000') in 0.002 seconds
Import Error Code:(4)
Message: Build asset version error: assets/scripts/environment/grietareparacion.cs in SourceAssetDB has modification time of '2026-10-03T01:06:19.9680304Z' while content on disk has modification time of '2026-10-03T01:06:47.2125Z'
  ERROR: Build asset version error: assets/scripts/environment/grietareparacion.cs in SourceAssetDB has modification time of '2026-10-03T01:06:19.9680304Z' while content on disk has modification time of '2026-10-03T01:06:47.2125Z'
Number of updated asset objects reloaded before import = 0
Number of asset objects unloaded after import = 0
========================================================================
Received Import Request.
  Time of request: 2026-10-03T01:07:44.1831744Z
  Time since last request: 0.0312728 seconds.
  importAddress: GUID: 4894376b7702cb947983b5d89189d6bf - Path: Assets/Scripts/Environment/GrietaReparacion.cs - Importer: PreviewImporter
Importing 'GUID: 4894376b7702cb947983b5d89189d6bf - Path: Assets/Scripts/Environment/GrietaReparacion.cs - Importer: PreviewImporter' with importer (PreviewImporter)
Imported 'GUID: 4894376b7702cb947983b5d89189d6bf' -> (Import Result ID: '00000000000000000000000000000000') in 0.001 seconds
Import Error Code:(4)
Message: Build asset version error: assets/scripts/environment/grietareparacion.cs in SourceAssetDB has modification time of '2026-10-03T01:06:19.9680304Z' while content on disk has modification time of '2026-10-03T01:06:47.2125Z'
  ERROR: Build asset version error: assets/scripts/environment/grietareparacion.cs in SourceAssetDB has modification time of '2026-10-03T01:06:19.9680304Z' while content on disk has modification time of '2026-10-03T01:06:47.2125Z'
Number of updated asset objects reloaded before import = 0
Number of asset objects unloaded after import = 0
========================================================================
Received Import Request.
  Time of request: 2026-10-03T01:07:44.2145936Z
  Time since last request: 0.0289882 seconds.
  importAddress: GUID: 4894376b7702cb947983b5d89189d6bf - Path: Assets/Scripts/Environment/GrietaReparacion.cs - Importer: PreviewImporter
Importing 'GUID: 4894376b7702cb947983b5d89189d6bf - Path: Assets/Scripts/Environment/GrietaReparacion.cs - Importer: PreviewImporter' with importer (PreviewImporter)
Imported 'GUID: 4894376b7702cb947983b5d89189d6bf' -> (Import Result ID: '00000000000000000000000000000000') in 0.001 seconds
Import Error Code:(4)
Message: Build asset version error: assets/scripts/environment/grietareparacion.cs in SourceAssetDB has modification time of '2026-10-03T01:06:19.9680304Z' while content on disk has modification time of '2026-10-03T01:06:47.2125Z'
  ERROR: Build asset version error: assets/scripts/environment/grietareparacion.cs in SourceAssetDB has modification time of '2026-10-03T01:06:19.9680304Z' while content on disk has modification time of '2026-10-03T01:06:47.2125Z'
Number of updated asset objects reloaded before import = 0
Number of asset objects unloaded after import = 0
========================================================================
Received Import Request.
  Time of request: 2026-10-03T01:07:44.2436743Z
  Time since last request: 0.0270193 seconds.
  importAddress: GUID: 4894376b7702cb947983b5d89189d6bf - Path: Assets/Scripts/Environment/GrietaReparacion.cs - Importer: PreviewImporter
Importing 'GUID: 4894376b7702cb947983b5d89189d6bf - Path: Assets/Scripts/Environment/GrietaReparacion.cs - Importer: PreviewImporter' with importer (PreviewImporter)
Imported 'GUID: 4894376b7702cb947983b5d89189d6bf' -> (Import Result ID: '00000000000000000000000000000000') in 0.001 seconds
Import Error Code:(4)
Message: Build asset version error: assets/scripts/environment/grietareparacion.cs in SourceAssetDB has modification time of '2026-10-03T01:06:19.9680304Z' while content on disk has modification time of '2026-10-03T01:06:47.2125Z'
  ERROR: Build asset version error: assets/scripts/environment/grietareparacion.cs in SourceAssetDB has modification time of '2026-10-03T01:06:19.9680304Z' while content on disk has modification time of '2026-10-03T01:06:47.2125Z'
Number of updated asset objects reloaded before import = 0
Number of asset objects unloaded after import = 0
========================================================================
Received Import Request.
  Time of request: 2026-10-03T01:07:44.2738523Z
  Time since last request: 0.0283444 seconds.
  importAddress: GUID: 4894376b7702cb947983b5d89189d6bf - Path: Assets/Scripts/Environment/GrietaReparacion.cs - Importer: PreviewImporter
Importing 'GUID: 4894376b7702cb947983b5d89189d6bf - Path: Assets/Scripts/Environment/GrietaReparacion.cs - Importer: PreviewImporter' with importer (PreviewImporter)
Imported 'GUID: 4894376b7702cb947983b5d89189d6bf' -> (Import Result ID: '00000000000000000000000000000000') in 0.002 seconds
Import Error Code:(4)
Message: Build asset version error: assets/scripts/environment/grietareparacion.cs in SourceAssetDB has modification time of '2026-10-03T01:06:19.9680304Z' while content on disk has modification time of '2026-10-03T01:06:47.2125Z'
  ERROR: Build asset version error: assets/scripts/environment/grietareparacion.cs in SourceAssetDB has modification time of '2026-10-03T01:06:19.9680304Z' while content on disk has modification time of '2026-10-03T01:06:47.2125Z'
Number of updated asset objects reloaded before import = 0
Number of asset objects unloaded after import = 0
========================================================================
Received Import Request.
  Time of request: 2026-10-03T01:07:44.3088519Z
  Time since last request: 0.03191 seconds.
  importAddress: GUID: 4894376b7702cb947983b5d89189d6bf - Path: Assets/Scripts/Environment/GrietaReparacion.cs - Importer: PreviewImporter
Importing 'GUID: 4894376b7702cb947983b5d89189d6bf - Path: Assets/Scripts/Environment/GrietaReparacion.cs - Importer: PreviewImporter' with importer (PreviewImporter)
Imported 'GUID: 4894376b7702cb947983b5d89189d6bf' -> (Import Result ID: '00000000000000000000000000000000') in 0.001 seconds
Import Error Code:(4)
Message: Build asset version error: assets/scripts/environment/grietareparacion.cs in SourceAssetDB has modification time of '2026-10-03T01:06:19.9680304Z' while content on disk has modification time of '2026-10-03T01:06:47.2125Z'
  ERROR: Build asset version error: assets/scripts/environment/grietareparacion.cs in SourceAssetDB has modification time of '2026-10-03T01:06:19.9680304Z' while content on disk has modification time of '2026-10-03T01:06:47.2125Z'
Number of updated asset objects reloaded before import = 0
Number of asset objects unloaded after import = 0
========================================================================
Received Import Request.
  Time of request: 2026-10-03T01:07:44.3478095Z
  Time since last request: 0.0363937 seconds.
  importAddress: GUID: 4894376b7702cb947983b5d89189d6bf - Path: Assets/Scripts/Environment/GrietaReparacion.cs - Importer: PreviewImporter
Importing 'GUID: 4894376b7702cb947983b5d89189d6bf - Path: Assets/Scripts/Environment/GrietaReparacion.cs - Importer: PreviewImporter' with importer (PreviewImporter)
Imported 'GUID: 4894376b7702cb947983b5d89189d6bf' -> (Import Result ID: '00000000000000000000000000000000') in 0.005 seconds
Import Error Code:(4)
Message: Build asset version error: assets/scripts/environment/grietareparacion.cs in SourceAssetDB has modification time of '2026-10-03T01:06:19.9680304Z' while content on disk has modification time of '2026-10-03T01:06:47.2125Z'
  ERROR: Build asset version error: assets/scripts/environment/grietareparacion.cs in SourceAssetDB has modification time of '2026-10-03T01:06:19.9680304Z' while content on disk has modification time of '2026-10-03T01:06:47.2125Z'
Number of updated asset objects reloaded before import = 0
Number of asset objects unloaded after import = 0
========================================================================
Received Import Request.
  Time of request: 2026-10-03T01:07:44.3977432Z
  Time since last request: 0.0427015 seconds.
  importAddress: GUID: 4894376b7702cb947983b5d89189d6bf - Path: Assets/Scripts/Environment/GrietaReparacion.cs - Importer: PreviewImporter
Importing 'GUID: 4894376b7702cb947983b5d89189d6bf - Path: Assets/Scripts/Environment/GrietaReparacion.cs - Importer: PreviewImporter' with importer (PreviewImporter)
Imported 'GUID: 4894376b7702cb947983b5d89189d6bf' -> (Import Result ID: '00000000000000000000000000000000') in 0.004 seconds
Import Error Code:(4)
Message: Build asset version error: assets/scripts/environment/grietareparacion.cs in SourceAssetDB has modification time of '2026-10-03T01:06:19.9680304Z' while content on disk has modification time of '2026-10-03T01:06:47.2125Z'
  ERROR: Build asset version error: assets/scripts/environment/grietareparacion.cs in SourceAssetDB has modification time of '2026-10-03T01:06:19.9680304Z' while content on disk has modification time of '2026-10-03T01:06:47.2125Z'
Number of updated asset objects reloaded before import = 0
Number of asset objects unloaded after import = 0
========================================================================
Received Import Request.
  Time of request: 2026-10-03T01:07:44.4527863Z
  Time since last request: 0.0364117 seconds.
  importAddress: GUID: 4894376b7702cb947983b5d89189d6bf - Path: Assets/Scripts/Environment/GrietaReparacion.cs - Importer: PreviewImporter
Importing 'GUID: 4894376b7702cb947983b5d89189d6bf - Path: Assets/Scripts/Environment/GrietaReparacion.cs - Importer: PreviewImporter' with importer (PreviewImporter)
Imported 'GUID: 4894376b7702cb947983b5d89189d6bf' -> (Import Result ID: '00000000000000000000000000000000') in 0.003 seconds
Import Error Code:(4)
Message: Build asset version error: assets/scripts/environment/grietareparacion.cs in SourceAssetDB has modification time of '2026-10-03T01:06:19.9680304Z' while content on disk has modification time of '2026-10-03T01:06:47.2125Z'
  ERROR: Build asset version error: assets/scripts/environment/grietareparacion.cs in SourceAssetDB has modification time of '2026-10-03T01:06:19.9680304Z' while content on disk has modification time of '2026-10-03T01:06:47.2125Z'
Number of updated asset objects reloaded before import = 0
Number of asset objects unloaded after import = 0
========================================================================
Received Import Request.
  Time of request: 2026-10-03T01:07:44.4992662Z
  Time since last request: 0.0378027 seconds.
  importAddress: GUID: 4894376b7702cb947983b5d89189d6bf - Path: Assets/Scripts/Environment/GrietaReparacion.cs - Importer: PreviewImporter
Importing 'GUID: 4894376b7702cb947983b5d89189d6bf - Path: Assets/Scripts/Environment/GrietaReparacion.cs - Importer: PreviewImporter' with importer (PreviewImporter)
Imported 'GUID: 4894376b7702cb947983b5d89189d6bf' -> (Import Result ID: '00000000000000000000000000000000') in 0.001 seconds
Import Error Code:(4)
Message: Build asset version error: assets/scripts/environment/grietareparacion.cs in SourceAssetDB has modification time of '2026-10-03T01:06:19.9680304Z' while content on disk has modification time of '2026-10-03T01:06:47.2125Z'
  ERROR: Build asset version error: assets/scripts/environment/grietareparacion.cs in SourceAssetDB has modification time of '2026-10-03T01:06:19.9680304Z' while content on disk has modification time of '2026-10-03T01:06:47.2125Z'
Number of updated asset objects reloaded before import = 0
Number of asset objects unloaded after import = 0
========================================================================
Received Import Request.
  Time of request: 2026-10-03T01:07:44.5331169Z
  Time since last request: 0.030935 seconds.
  importAddress: GUID: 4894376b7702cb947983b5d89189d6bf - Path: Assets/Scripts/Environment/GrietaReparacion.cs - Importer: PreviewImporter
Importing 'GUID: 4894376b7702cb947983b5d89189d6bf - Path: Assets/Scripts/Environment/GrietaReparacion.cs - Importer: PreviewImporter' with importer (PreviewImporter)
Imported 'GUID: 4894376b7702cb947983b5d89189d6bf' -> (Import Result ID: '00000000000000000000000000000000') in 0.003 seconds
Import Error Code:(4)
Message: Build asset version error: assets/scripts/environment/grietareparacion.cs in SourceAssetDB has modification time of '2026-10-03T01:06:19.9680304Z' while content on disk has modification time of '2026-10-03T01:06:47.2125Z'
  ERROR: Build asset version error: assets/scripts/environment/grietareparacion.cs in SourceAssetDB has modification time of '2026-10-03T01:06:19.9680304Z' while content on disk has modification time of '2026-10-03T01:06:47.2125Z'
Number of updated asset objects reloaded before import = 0
Number of asset objects unloaded after import = 0
========================================================================
Received Import Request.
  Time of request: 2026-10-03T01:07:44.5680241Z
  Time since last request: 0.0304928 seconds.
  importAddress: GUID: 4894376b7702cb947983b5d89189d6bf - Path: Assets/Scripts/Environment/GrietaReparacion.cs - Importer: PreviewImporter
Importing 'GUID: 4894376b7702cb947983b5d89189d6bf - Path: Assets/Scripts/Environment/GrietaReparacion.cs - Importer: PreviewImporter' with importer (PreviewImporter)
Imported 'GUID: 4894376b7702cb947983b5d89189d6bf' -> (Import Result ID: '00000000000000000000000000000000') in 0.002 seconds
Import Error Code:(4)
Message: Build asset version error: assets/scripts/environment/grietareparacion.cs in SourceAssetDB has modification time of '2026-10-03T01:06:19.9680304Z' while content on disk has modification time of '2026-10-03T01:06:47.2125Z'
  ERROR: Build asset version error: assets/scripts/environment/grietareparacion.cs in SourceAssetDB has modification time of '2026-10-03T01:06:19.9680304Z' while content on disk has modification time of '2026-10-03T01:06:47.2125Z'
Number of updated asset objects reloaded before import = 0
Number of asset objects unloaded after import = 0
========================================================================
Received Import Request.
  Time of request: 2026-10-03T01:07:44.603902Z
  Time since last request: 0.0328931 seconds.
  importAddress: GUID: 4894376b7702cb947983b5d89189d6bf - Path: Assets/Scripts/Environment/GrietaReparacion.cs - Importer: PreviewImporter
Importing 'GUID: 4894376b7702cb947983b5d89189d6bf - Path: Assets/Scripts/Environment/GrietaReparacion.cs - Importer: PreviewImporter' with importer (PreviewImporter)
Imported 'GUID: 4894376b7702cb947983b5d89189d6bf' -> (Import Result ID: '00000000000000000000000000000000') in 0.001 seconds
Import Error Code:(4)
Message: Build asset version error: assets/scripts/environment/grietareparacion.cs in SourceAssetDB has modification time of '2026-10-03T01:06:19.9680304Z' while content on disk has modification time of '2026-10-03T01:06:47.2125Z'
  ERROR: Build asset version error: assets/scripts/environment/grietareparacion.cs in SourceAssetDB has modification time of '2026-10-03T01:06:19.9680304Z' while content on disk has modification time of '2026-10-03T01:06:47.2125Z'
Number of updated asset objects reloaded before import = 0
Number of asset objects unloaded after import = 0
========================================================================
Received Import Request.
  Time of request: 2026-10-03T01:07:44.6388604Z
  Time since last request: 0.0318862 seconds.
  importAddress: GUID: 4894376b7702cb947983b5d89189d6bf - Path: Assets/Scripts/Environment/GrietaReparacion.cs - Importer: PreviewImporter
Importing 'GUID: 4894376b7702cb947983b5d89189d6bf - Path: Assets/Scripts/Environment/GrietaReparacion.cs - Importer: PreviewImporter' with importer (PreviewImporter)
Imported 'GUID: 4894376b7702cb947983b5d89189d6bf' -> (Import Result ID: '00000000000000000000000000000000') in 0.001 seconds
Import Error Code:(4)
Message: Build asset version error: assets/scripts/environment/grietareparacion.cs in SourceAssetDB has modification time of '2026-10-03T01:06:19.9680304Z' while content on disk has modification time of '2026-10-03T01:06:47.2125Z'
  ERROR: Build asset version error: assets/scripts/environment/grietareparacion.cs in SourceAssetDB has modification time of '2026-10-03T01:06:19.9680304Z' while content on disk has modification time of '2026-10-03T01:06:47.2125Z'
Number of updated asset objects reloaded before import = 0
Number of asset objects unloaded after import = 0
========================================================================
Received Import Request.
  Time of request: 2026-10-03T01:07:44.6776751Z
  Time since last request: 0.0355167 seconds.
  importAddress: GUID: 4894376b7702cb947983b5d89189d6bf - Path: Assets/Scripts/Environment/GrietaReparacion.cs - Importer: PreviewImporter
Importing 'GUID: 4894376b7702cb947983b5d89189d6bf - Path: Assets/Scripts/Environment/GrietaReparacion.cs - Importer: PreviewImporter' with importer (PreviewImporter)
Imported 'GUID: 4894376b7702cb947983b5d89189d6bf' -> (Import Result ID: '00000000000000000000000000000000') in 0.001 seconds
Import Error Code:(4)
Message: Build asset version error: assets/scripts/environment/grietareparacion.cs in SourceAssetDB has modification time of '2026-10-03T01:06:19.9680304Z' while content on disk has modification time of '2026-10-03T01:06:47.2125Z'
  ERROR: Build asset version error: assets/scripts/environment/grietareparacion.cs in SourceAssetDB has modification time of '2026-10-03T01:06:19.9680304Z' while content on disk has modification time of '2026-10-03T01:06:47.2125Z'
Number of updated asset objects reloaded before import = 0
Number of asset objects unloaded after import = 0
========================================================================
Received Import Request.
  Time of request: 2026-10-03T01:07:44.7095324Z
  Time since last request: 0.0291545 seconds.
  importAddress: GUID: 4894376b7702cb947983b5d89189d6bf - Path: Assets/Scripts/Environment/GrietaReparacion.cs - Importer: PreviewImporter
Importing 'GUID: 4894376b7702cb947983b5d89189d6bf - Path: Assets/Scripts/Environment/GrietaReparacion.cs - Importer: PreviewImporter' with importer (PreviewImporter)
Imported 'GUID: 4894376b7702cb947983b5d89189d6bf' -> (Import Result ID: '00000000000000000000000000000000') in 0.001 seconds
Import Error Code:(4)
Message: Build asset version error: assets/scripts/environment/grietareparacion.cs in SourceAssetDB has modification time of '2026-10-03T01:06:19.9680304Z' while content on disk has modification time of '2026-10-03T01:06:47.2125Z'
  ERROR: Build asset version error: assets/scripts/environment/grietareparacion.cs in SourceAssetDB has modification time of '2026-10-03T01:06:19.9680304Z' while content on disk has modification time of '2026-10-03T01:06:47.2125Z'
Number of updated asset objects reloaded before import = 0
Number of asset objects unloaded after import = 0
========================================================================
Received Import Request.
  Time of request: 2026-10-03T01:07:44.7433028Z
  Time since last request: 0.0314187 seconds.
  importAddress: GUID: 4894376b7702cb947983b5d89189d6bf - Path: Assets/Scripts/Environment/GrietaReparacion.cs - Importer: PreviewImporter
Importing 'GUID: 4894376b7702cb947983b5d89189d6bf - Path: Assets/Scripts/Environment/GrietaReparacion.cs - Importer: PreviewImporter' with importer (PreviewImporter)
Imported 'GUID: 4894376b7702cb947983b5d89189d6bf' -> (Import Result ID: '00000000000000000000000000000000') in 0.001 seconds
Import Error Code:(4)
Message: Build asset version error: assets/scripts/environment/grietareparacion.cs in SourceAssetDB has modification time of '2026-10-03T01:06:19.9680304Z' while content on disk has modification time of '2026-10-03T01:06:47.2125Z'
  ERROR: Build asset version error: assets/scripts/environment/grietareparacion.cs in SourceAssetDB has modification time of '2026-10-03T01:06:19.9680304Z' while content on disk has modification time of '2026-10-03T01:06:47.2125Z'
Number of updated asset objects reloaded before import = 0
Number of asset objects unloaded after import = 0
========================================================================
Received Import Request.
  Time of request: 2026-10-03T01:07:44.7874936Z
  Time since last request: 0.0420115 seconds.
  importAddress: GUID: 4894376b7702cb947983b5d89189d6bf - Path: Assets/Scripts/Environment/GrietaReparacion.cs - Importer: PreviewImporter
Importing 'GUID: 4894376b7702cb947983b5d89189d6bf - Path: Assets/Scripts/Environment/GrietaReparacion.cs - Importer: PreviewImporter' with importer (PreviewImporter)
Imported 'GUID: 4894376b7702cb947983b5d89189d6bf' -> (Import Result ID: '00000000000000000000000000000000') in 0.002 seconds
Import Error Code:(4)
Message: Build asset version error: assets/scripts/environment/grietareparacion.cs in SourceAssetDB has modification time of '2026-10-03T01:06:19.9680304Z' while content on disk has modification time of '2026-10-03T01:06:47.2125Z'
  ERROR: Build asset version error: assets/scripts/environment/grietareparacion.cs in SourceAssetDB has modification time of '2026-10-03T01:06:19.9680304Z' while content on disk has modification time of '2026-10-03T01:06:47.2125Z'
Number of updated asset objects reloaded before import = 0
Number of asset objects unloaded after import = 0
========================================================================
Received Import Request.
  Time of request: 2026-10-03T01:07:44.8316362Z
  Time since last request: 0.0388761 seconds.
  importAddress: GUID: 4894376b7702cb947983b5d89189d6bf - Path: Assets/Scripts/Environment/GrietaReparacion.cs - Importer: PreviewImporter
Importing 'GUID: 4894376b7702cb947983b5d89189d6bf - Path: Assets/Scripts/Environment/GrietaReparacion.cs - Importer: PreviewImporter' with importer (PreviewImporter)
Imported 'GUID: 4894376b7702cb947983b5d89189d6bf' -> (Import Result ID: '00000000000000000000000000000000') in 0.002 seconds
Import Error Code:(4)
Message: Build asset version error: assets/scripts/environment/grietareparacion.cs in SourceAssetDB has modification time of '2026-10-03T01:06:19.9680304Z' while content on disk has modification time of '2026-10-03T01:06:47.2125Z'
  ERROR: Build asset version error: assets/scripts/environment/grietareparacion.cs in SourceAssetDB has modification time of '2026-10-03T01:06:19.9680304Z' while content on disk has modification time of '2026-10-03T01:06:47.2125Z'
Number of updated asset objects reloaded before import = 0
Number of asset objects unloaded after import = 0
========================================================================
Received Import Request.
  Time of request: 2026-10-03T01:07:44.8774186Z
  Time since last request: 0.0417643 seconds.
  importAddress: GUID: 4894376b7702cb947983b5d89189d6bf - Path: Assets/Scripts/Environment/GrietaReparacion.cs - Importer: PreviewImporter
Importing 'GUID: 4894376b7702cb947983b5d89189d6bf - Path: Assets/Scripts/Environment/GrietaReparacion.cs - Importer: PreviewImporter' with importer (PreviewImporter)
Imported 'GUID: 4894376b7702cb947983b5d89189d6bf' -> (Import Result ID: '00000000000000000000000000000000') in 0.002 seconds
Import Error Code:(4)
Message: Build asset version error: assets/scripts/environment/grietareparacion.cs in SourceAssetDB has modification time of '2026-10-03T01:06:19.9680304Z' while content on disk has modification time of '2026-10-03T01:06:47.2125Z'
  ERROR: Build asset version error: assets/scripts/environment/grietareparacion.cs in SourceAssetDB has modification time of '2026-10-03T01:06:19.9680304Z' while content on disk has modification time of '2026-10-03T01:06:47.2125Z'
Number of updated asset objects reloaded before import = 0
Number of asset objects unloaded after import = 0
========================================================================
Received Import Request.
  Time of request: 2026-10-03T01:07:44.9178342Z
  Time since last request: 0.0369828 seconds.
  importAddress: GUID: 4894376b7702cb947983b5d89189d6bf - Path: Assets/Scripts/Environment/GrietaReparacion.cs - Importer: PreviewImporter
Importing 'GUID: 4894376b7702cb947983b5d89189d6bf - Path: Assets/Scripts/Environment/GrietaReparacion.cs - Importer: PreviewImporter' with importer (PreviewImporter)
Imported 'GUID: 4894376b7702cb947983b5d89189d6bf' -> (Import Result ID: '00000000000000000000000000000000') in 0.001 seconds
Import Error Code:(4)
Message: Build asset version error: assets/scripts/environment/grietareparacion.cs in SourceAssetDB has modification time of '2026-10-03T01:06:19.9680304Z' while content on disk has modification time of '2026-10-03T01:06:47.2125Z'
  ERROR: Build asset version error: assets/scripts/environment/grietareparacion.cs in SourceAssetDB has modification time of '2026-10-03T01:06:19.9680304Z' while content on disk has modification time of '2026-10-03T01:06:47.2125Z'
Number of updated asset objects reloaded before import = 0
Number of asset objects unloaded after import = 0
========================================================================
Received Import Request.
  Time of request: 2026-10-03T01:07:44.947232Z
  Time since last request: 0.027102 seconds.
  importAddress: GUID: 4894376b7702cb947983b5d89189d6bf - Path: Assets/Scripts/Environment/GrietaReparacion.cs - Importer: PreviewImporter
Importing 'GUID: 4894376b7702cb947983b5d89189d6bf - Path: Assets/Scripts/Environment/GrietaReparacion.cs - Importer: PreviewImporter' with importer (PreviewImporter)
Imported 'GUID: 4894376b7702cb947983b5d89189d6bf' -> (Import Result ID: '00000000000000000000000000000000') in 0.001 seconds
Import Error Code:(4)
Message: Build asset version error: assets/scripts/environment/grietareparacion.cs in SourceAssetDB has modification time of '2026-10-03T01:06:19.9680304Z' while content on disk has modification time of '2026-10-03T01:06:47.2125Z'
  ERROR: Build asset version error: assets/scripts/environment/grietareparacion.cs in SourceAssetDB has modification time of '2026-10-03T01:06:19.9680304Z' while content on disk has modification time of '2026-10-03T01:06:47.2125Z'
Number of updated asset objects reloaded before import = 0
Number of asset objects unloaded after import = 0
========================================================================
Received Import Request.
  Time of request: 2026-10-03T01:07:44.9771231Z
  Time since last request: 0.0275701 seconds.
  importAddress: GUID: 4894376b7702cb947983b5d89189d6bf - Path: Assets/Scripts/Environment/GrietaReparacion.cs - Importer: PreviewImporter
Importing 'GUID: 4894376b7702cb947983b5d89189d6bf - Path: Assets/Scripts/Environment/GrietaReparacion.cs - Importer: PreviewImporter' with importer (PreviewImporter)
Imported 'GUID: 4894376b7702cb947983b5d89189d6bf' -> (Import Result ID: '00000000000000000000000000000000') in 0.001 seconds
Import Error Code:(4)
Message: Build asset version error: assets/scripts/environment/grietareparacion.cs in SourceAssetDB has modification time of '2026-10-03T01:06:19.9680304Z' while content on disk has modification time of '2026-10-03T01:06:47.2125Z'
  ERROR: Build asset version error: assets/scripts/environment/grietareparacion.cs in SourceAssetDB has modification time of '2026-10-03T01:06:19.9680304Z' while content on disk has modification time of '2026-10-03T01:06:47.2125Z'
Number of updated asset objects reloaded before import = 0
Number of asset objects unloaded after import = 0
========================================================================
Received Import Request.
  Time of request: 2026-10-03T01:07:45.0072359Z
  Time since last request: 0.0280811 seconds.
  importAddress: GUID: 4894376b7702cb947983b5d89189d6bf - Path: Assets/Scripts/Environment/GrietaReparacion.cs - Importer: PreviewImporter
Importing 'GUID: 4894376b7702cb947983b5d89189d6bf - Path: Assets/Scripts/Environment/GrietaReparacion.cs - Importer: PreviewImporter' with importer (PreviewImporter)
Imported 'GUID: 4894376b7702cb947983b5d89189d6bf' -> (Import Result ID: '00000000000000000000000000000000') in 0.001 seconds
Import Error Code:(4)
Message: Build asset version error: assets/scripts/environment/grietareparacion.cs in SourceAssetDB has modification time of '2026-10-03T01:06:19.9680304Z' while content on disk has modification time of '2026-10-03T01:06:47.2125Z'
  ERROR: Build asset version error: assets/scripts/environment/grietareparacion.cs in SourceAssetDB has modification time of '2026-10-03T01:06:19.9680304Z' while content on disk has modification time of '2026-10-03T01:06:47.2125Z'
Number of updated asset objects reloaded before import = 0
Number of asset objects unloaded after import = 0
========================================================================
Received Import Request.
  Time of request: 2026-10-03T01:07:45.0401688Z
  Time since last request: 0.0302409 seconds.
  importAddress: GUID: 4894376b7702cb947983b5d89189d6bf - Path: Assets/Scripts/Environment/GrietaReparacion.cs - Importer: PreviewImporter
Importing 'GUID: 4894376b7702cb947983b5d89189d6bf - Path: Assets/Scripts/Environment/GrietaReparacion.cs - Importer: PreviewImporter' with importer (PreviewImporter)
Imported 'GUID: 4894376b7702cb947983b5d89189d6bf' -> (Import Result ID: '00000000000000000000000000000000') in 0.001 seconds
Import Error Code:(4)
Message: Build asset version error: assets/scripts/environment/grietareparacion.cs in SourceAssetDB has modification time of '2026-10-03T01:06:19.9680304Z' while content on disk has modification time of '2026-10-03T01:06:47.2125Z'
  ERROR: Build asset version error: assets/scripts/environment/grietareparacion.cs in SourceAssetDB has modification time of '2026-10-03T01:06:19.9680304Z' while content on disk has modification time of '2026-10-03T01:06:47.2125Z'
Number of updated asset objects reloaded before import = 0
Number of asset objects unloaded after import = 0
========================================================================
Received Import Request.
  Time of request: 2026-10-03T01:07:45.0741714Z
  Time since last request: 0.0313834 seconds.
  importAddress: GUID: 4894376b7702cb947983b5d89189d6bf - Path: Assets/Scripts/Environment/GrietaReparacion.cs - Importer: PreviewImporter
Importing 'GUID: 4894376b7702cb947983b5d89189d6bf - Path: Assets/Scripts/Environment/GrietaReparacion.cs - Importer: PreviewImporter' with importer (PreviewImporter)
Imported 'GUID: 4894376b7702cb947983b5d89189d6bf' -> (Import Result ID: '00000000000000000000000000000000') in 0.001 seconds
Import Error Code:(4)
Message: Build asset version error: assets/scripts/environment/grietareparacion.cs in SourceAssetDB has modification time of '2026-10-03T01:06:19.9680304Z' while content on disk has modification time of '2026-10-03T01:06:47.2125Z'
  ERROR: Build asset version error: assets/scripts/environment/grietareparacion.cs in SourceAssetDB has modification time of '2026-10-03T01:06:19.9680304Z' while content on disk has modification time of '2026-10-03T01:06:47.2125Z'
Number of updated asset objects reloaded before import = 0
Number of asset objects unloaded after import = 0
========================================================================
Received Import Request.
  Time of request: 2026-10-03T01:07:45.1301111Z
  Time since last request: 0.0533916 seconds.
  importAddress: GUID: 4894376b7702cb947983b5d89189d6bf - Path: Assets/Scripts/Environment/GrietaReparacion.cs - Importer: PreviewImporter
Importing 'GUID: 4894376b7702cb947983b5d89189d6bf - Path: Assets/Scripts/Environment/GrietaReparacion.cs - Importer: PreviewImporter' with importer (PreviewImporter)
Imported 'GUID: 4894376b7702cb947983b5d89189d6bf' -> (Import Result ID: '00000000000000000000000000000000') in 0.003 seconds
Import Error Code:(4)
Message: Build asset version error: assets/scripts/environment/grietareparacion.cs in SourceAssetDB has modification time of '2026-10-03T01:06:19.9680304Z' while content on disk has modification time of '2026-10-03T01:06:47.2125Z'
  ERROR: Build asset version error: assets/scripts/environment/grietareparacion.cs in SourceAssetDB has modification time of '2026-10-03T01:06:19.9680304Z' while content on disk has modification time of '2026-10-03T01:06:47.2125Z'
Number of updated asset objects reloaded before import = 0
Number of asset objects unloaded after import = 0
========================================================================
Received Import Request.
  Time of request: 2026-10-03T01:07:45.1706022Z
  Time since last request: 0.0347732 seconds.
  importAddress: GUID: 4894376b7702cb947983b5d89189d6bf - Path: Assets/Scripts/Environment/GrietaReparacion.cs - Importer: PreviewImporter
Importing 'GUID: 4894376b7702cb947983b5d89189d6bf - Path: Assets/Scripts/Environment/GrietaReparacion.cs - Importer: PreviewImporter' with importer (PreviewImporter)
Imported 'GUID: 4894376b7702cb947983b5d89189d6bf' -> (Import Result ID: '00000000000000000000000000000000') in 0.001 seconds
Import Error Code:(4)
Message: Build asset version error: assets/scripts/environment/grietareparacion.cs in SourceAssetDB has modification time of '2026-10-03T01:06:19.9680304Z' while content on disk has modification time of '2026-10-03T01:06:47.2125Z'
  ERROR: Build asset version error: assets/scripts/environment/grietareparacion.cs in SourceAssetDB has modification time of '2026-10-03T01:06:19.9680304Z' while content on disk has modification time of '2026-10-03T01:06:47.2125Z'
Number of updated asset objects reloaded before import = 0
Number of asset objects unloaded after import = 0
========================================================================
Received Import Request.
  Time of request: 2026-10-03T01:07:45.2270323Z
  Time since last request: 0.0534667 seconds.
  importAddress: GUID: 4894376b7702cb947983b5d89189d6bf - Path: Assets/Scripts/Environment/GrietaReparacion.cs - Importer: PreviewImporter
Importing 'GUID: 4894376b7702cb947983b5d89189d6bf - Path: Assets/Scripts/Environment/GrietaReparacion.cs - Importer: PreviewImporter' with importer (PreviewImporter)
Imported 'GUID: 4894376b7702cb947983b5d89189d6bf' -> (Import Result ID: '00000000000000000000000000000000') in 0.002 seconds
Import Error Code:(4)
Message: Build asset version error: assets/scripts/environment/grietareparacion.cs in SourceAssetDB has modification time of '2026-10-03T01:06:19.9680304Z' while content on disk has modification time of '2026-10-03T01:06:47.2125Z'
  ERROR: Build asset version error: assets/scripts/environment/grietareparacion.cs in SourceAssetDB has modification time of '2026-10-03T01:06:19.9680304Z' while content on disk has modification time of '2026-10-03T01:06:47.2125Z'
Number of updated asset objects reloaded before import = 0
Number of asset objects unloaded after import = 0
========================================================================
Received Import Request.
  Time of request: 2026-10-03T01:07:45.2754968Z
  Time since last request: 0.0438857 seconds.
  importAddress: GUID: 4894376b7702cb947983b5d89189d6bf - Path: Assets/Scripts/Environment/GrietaReparacion.cs - Importer: PreviewImporter
Importing 'GUID: 4894376b7702cb947983b5d89189d6bf - Path: Assets/Scripts/Environment/GrietaReparacion.cs - Importer: PreviewImporter' with importer (PreviewImporter)
Imported 'GUID: 4894376b7702cb947983b5d89189d6bf' -> (Import Result ID: '00000000000000000000000000000000') in 0.002 seconds
Import Error Code:(4)
Message: Build asset version error: assets/scripts/environment/grietareparacion.cs in SourceAssetDB has modification time of '2026-10-03T01:06:19.9680304Z' while content on disk has modification time of '2026-10-03T01:06:47.2125Z'
  ERROR: Build asset version error: assets/scripts/environment/grietareparacion.cs in SourceAssetDB has modification time of '2026-10-03T01:06:19.9680304Z' while content on disk has modification time of '2026-10-03T01:06:47.2125Z'
Number of updated asset objects reloaded before import = 0
Number of asset objects unloaded after import = 0
========================================================================
Received Import Request.
  Time of request: 2026-10-03T01:07:45.3199022Z
  Time since last request: 0.040969 seconds.
  importAddress: GUID: 4894376b7702cb947983b5d89189d6bf - Path: Assets/Scripts/Environment/GrietaReparacion.cs - Importer: PreviewImporter
Importing 'GUID: 4894376b7702cb947983b5d89189d6bf - Path: Assets/Scripts/Environment/GrietaReparacion.cs - Importer: PreviewImporter' with importer (PreviewImporter)
Imported 'GUID: 4894376b7702cb947983b5d89189d6bf' -> (Import Result ID: '00000000000000000000000000000000') in 0.002 seconds
Import Error Code:(4)
Message: Build asset version error: assets/scripts/environment/grietareparacion.cs in SourceAssetDB has modification time of '2026-10-03T01:06:19.9680304Z' while content on disk has modification time of '2026-10-03T01:06:47.2125Z'
  ERROR: Build asset version error: assets/scripts/environment/grietareparacion.cs in SourceAssetDB has modification time of '2026-10-03T01:06:19.9680304Z' while content on disk has modification time of '2026-10-03T01:06:47.2125Z'
Number of updated asset objects reloaded before import = 0
Number of asset objects unloaded after import = 0
========================================================================
Received Import Request.
  Time of request: 2026-10-03T01:07:45.3556569Z
  Time since last request: 0.0318946 seconds.
  importAddress: GUID: 4894376b7702cb947983b5d89189d6bf - Path: Assets/Scripts/Environment/GrietaReparacion.cs - Importer: PreviewImporter
Importing 'GUID: 4894376b7702cb947983b5d89189d6bf - Path: Assets/Scripts/Environment/GrietaReparacion.cs - Importer: PreviewImporter' with importer (PreviewImporter)
Imported 'GUID: 4894376b7702cb947983b5d89189d6bf' -> (Import Result ID: '00000000000000000000000000000000') in 0.002 seconds
Import Error Code:(4)
Message: Build asset version error: assets/scripts/environment/grietareparacion.cs in SourceAssetDB has modification time of '2026-10-03T01:06:19.9680304Z' while content on disk has modification time of '2026-10-03T01:06:47.2125Z'
  ERROR: Build asset version error: assets/scripts/environment/grietareparacion.cs in SourceAssetDB has modification time of '2026-10-03T01:06:19.9680304Z' while content on disk has modification time of '2026-10-03T01:06:47.2125Z'
Number of updated asset objects reloaded before import = 0
Number of asset objects unloaded after import = 0
========================================================================
Received Import Request.
  Time of request: 2026-10-03T01:07:45.3892354Z
  Time since last request: 0.030062 seconds.
  importAddress: GUID: 4894376b7702cb947983b5d89189d6bf - Path: Assets/Scripts/Environment/GrietaReparacion.cs - Importer: PreviewImporter
Importing 'GUID: 4894376b7702cb947983b5d89189d6bf - Path: Assets/Scripts/Environment/GrietaReparacion.cs - Importer: PreviewImporter' with importer (PreviewImporter)
Imported 'GUID: 4894376b7702cb947983b5d89189d6bf' -> (Import Result ID: '00000000000000000000000000000000') in 0.002 seconds
Import Error Code:(4)
Message: Build asset version error: assets/scripts/environment/grietareparacion.cs in SourceAssetDB has modification time of '2026-10-03T01:06:19.9680304Z' while content on disk has modification time of '2026-10-03T01:06:47.2125Z'
  ERROR: Build asset version error: assets/scripts/environment/grietareparacion.cs in SourceAssetDB has modification time of '2026-10-03T01:06:19.9680304Z' while content on disk has modification time of '2026-10-03T01:06:47.2125Z'
Number of updated asset objects reloaded before import = 0
Number of asset objects unloaded after import = 0
========================================================================
Received Import Request.
  Time of request: 2026-10-03T01:07:45.4229641Z
  Time since last request: 0.0308926 seconds.
  importAddress: GUID: 4894376b7702cb947983b5d89189d6bf - Path: Assets/Scripts/Environment/GrietaReparacion.cs - Importer: PreviewImporter
Importing 'GUID: 4894376b7702cb947983b5d89189d6bf - Path: Assets/Scripts/Environment/GrietaReparacion.cs - Importer: PreviewImporter' with importer (PreviewImporter)
Imported 'GUID: 4894376b7702cb947983b5d89189d6bf' -> (Import Result ID: '00000000000000000000000000000000') in 0.001 seconds
Import Error Code:(4)
Message: Build asset version error: assets/scripts/environment/grietareparacion.cs in SourceAssetDB has modification time of '2026-10-03T01:06:19.9680304Z' while content on disk has modification time of '2026-10-03T01:06:47.2125Z'
  ERROR: Build asset version error: assets/scripts/environment/grietareparacion.cs in SourceAssetDB has modification time of '2026-10-03T01:06:19.9680304Z' while content on disk has modification time of '2026-10-03T01:06:47.2125Z'
Number of updated asset objects reloaded before import = 0
Number of asset objects unloaded after import = 0
========================================================================
Received Import Request.
  Time of request: 2026-10-03T01:07:45.4593951Z
  Time since last request: 0.0341735 seconds.
  importAddress: GUID: 4894376b7702cb947983b5d89189d6bf - Path: Assets/Scripts/Environment/GrietaReparacion.cs - Importer: PreviewImporter
Importing 'GUID: 4894376b7702cb947983b5d89189d6bf - Path: Assets/Scripts/Environment/GrietaReparacion.cs - Importer: PreviewImporter' with importer (PreviewImporter)
Imported 'GUID: 4894376b7702cb947983b5d89189d6bf' -> (Import Result ID: '00000000000000000000000000000000') in 0.001 seconds
Import Error Code:(4)
Message: Build asset version error: assets/scripts/environment/grietareparacion.cs in SourceAssetDB has modification time of '2026-10-03T01:06:19.9680304Z' while content on disk has modification time of '2026-10-03T01:06:47.2125Z'
  ERROR: Build asset version error: assets/scripts/environment/grietareparacion.cs in SourceAssetDB has modification time of '2026-10-03T01:06:19.9680304Z' while content on disk has modification time of '2026-10-03T01:06:47.2125Z'
Number of updated asset objects reloaded before import = 0
Number of asset objects unloaded after import = 0
========================================================================
Received Import Request.
  Time of request: 2026-10-03T01:07:45.4935387Z
  Time since last request: 0.031692 seconds.
  importAddress: GUID: 4894376b7702cb947983b5d89189d6bf - Path: Assets/Scripts/Environment/GrietaReparacion.cs - Importer: PreviewImporter
Importing 'GUID: 4894376b7702cb947983b5d89189d6bf - Path: Assets/Scripts/Environment/GrietaReparacion.cs - Importer: PreviewImporter' with importer (PreviewImporter)
Imported 'GUID: 4894376b7702cb947983b5d89189d6bf' -> (Import Result ID: '00000000000000000000000000000000') in 0.001 seconds
Import Error Code:(4)
Message: Build asset version error: assets/scripts/environment/grietareparacion.cs in SourceAssetDB has modification time of '2026-10-03T01:06:19.9680304Z' while content on disk has modification time of '2026-10-03T01:06:47.2125Z'
  ERROR: Build asset version error: assets/scripts/environment/grietareparacion.cs in SourceAssetDB has modification time of '2026-10-03T01:06:19.9680304Z' while content on disk has modification time of '2026-10-03T01:06:47.2125Z'
Number of updated asset objects reloaded before import = 0
Number of asset objects unloaded after import = 0
========================================================================
Received Import Request.
  Time of request: 2026-10-03T01:07:45.5328274Z
  Time since last request: 0.0369153 seconds.
  importAddress: GUID: 4894376b7702cb947983b5d89189d6bf - Path: Assets/Scripts/Environment/GrietaReparacion.cs - Importer: PreviewImporter
Importing 'GUID: 4894376b7702cb947983b5d89189d6bf - Path: Assets/Scripts/Environment/GrietaReparacion.cs - Importer: PreviewImporter' with importer (PreviewImporter)
Imported 'GUID: 4894376b7702cb947983b5d89189d6bf' -> (Import Result ID: '00000000000000000000000000000000') in 0.001 seconds
Import Error Code:(4)
Message: Build asset version error: assets/scripts/environment/grietareparacion.cs in SourceAssetDB has modification time of '2026-10-03T01:06:19.9680304Z' while content on disk has modification time of '2026-10-03T01:06:47.2125Z'
  ERROR: Build asset version error: assets/scripts/environment/grietareparacion.cs in SourceAssetDB has modification time of '2026-10-03T01:06:19.9680304Z' while content on disk has modification time of '2026-10-03T01:06:47.2125Z'
Number of updated asset objects reloaded before import = 0
Number of asset objects unloaded after import = 0
========================================================================
Received Import Request.
  Time of request: 2026-10-03T01:07:45.5888052Z
  Time since last request: 0.0522519 seconds.
  importAddress: GUID: 4894376b7702cb947983b5d89189d6bf - Path: Assets/Scripts/Environment/GrietaReparacion.cs - Importer: PreviewImporter
Importing 'GUID: 4894376b7702cb947983b5d89189d6bf - Path: Assets/Scripts/Environment/GrietaReparacion.cs - Importer: PreviewImporter' with importer (PreviewImporter)
Imported 'GUID: 4894376b7702cb947983b5d89189d6bf' -> (Import Result ID: '00000000000000000000000000000000') in 0.001 seconds
Import Error Code:(4)
Message: Build asset version error: assets/scripts/environment/grietareparacion.cs in SourceAssetDB has modification time of '2026-10-03T01:06:19.9680304Z' while content on disk has modification time of '2026-10-03T01:06:47.2125Z'
  ERROR: Build asset version error: assets/scripts/environment/grietareparacion.cs in SourceAssetDB has modification time of '2026-10-03T01:06:19.9680304Z' while content on disk has modification time of '2026-10-03T01:06:47.2125Z'
Number of updated asset objects reloaded before import = 0
Number of asset objects unloaded after import = 0
========================================================================
Received Import Request.
  Time of request: 2026-10-03T01:07:45.6711373Z
  Time since last request: 0.0791426 seconds.
  importAddress: GUID: 4894376b7702cb947983b5d89189d6bf - Path: Assets/Scripts/Environment/GrietaReparacion.cs - Importer: PreviewImporter
Importing 'GUID: 4894376b7702cb947983b5d89189d6bf - Path: Assets/Scripts/Environment/GrietaReparacion.cs - Importer: PreviewImporter' with importer (PreviewImporter)
Imported 'GUID: 4894376b7702cb947983b5d89189d6bf' -> (Import Result ID: '00000000000000000000000000000000') in 0.007 seconds
Import Error Code:(4)
Message: Build asset version error: assets/scripts/environment/grietareparacion.cs in SourceAssetDB has modification time of '2026-10-03T01:06:19.9680304Z' while content on disk has modification time of '2026-10-03T01:06:47.2125Z'
  ERROR: Build asset version error: assets/scripts/environment/grietareparacion.cs in SourceAssetDB has modification time of '2026-10-03T01:06:19.9680304Z' while content on disk has modification time of '2026-10-03T01:06:47.2125Z'
Number of updated asset objects reloaded before import = 0
Number of asset objects unloaded after import = 0
========================================================================
Received Import Request.
  Time of request: 2026-10-03T01:07:45.7161724Z
  Time since last request: 0.0334342 seconds.
  importAddress: GUID: 4894376b7702cb947983b5d89189d6bf - Path: Assets/Scripts/Environment/GrietaReparacion.cs - Importer: PreviewImporter
Importing 'GUID: 4894376b7702cb947983b5d89189d6bf - Path: Assets/Scripts/Environment/GrietaReparacion.cs - Importer: PreviewImporter' with importer (PreviewImporter)
Imported 'GUID: 4894376b7702cb947983b5d89189d6bf' -> (Import Result ID: '00000000000000000000000000000000') in 0.004 seconds
Import Error Code:(4)
Message: Build asset version error: assets/scripts/environment/grietareparacion.cs in SourceAssetDB has modification time of '2026-10-03T01:06:19.9680304Z' while content on disk has modification time of '2026-10-03T01:06:47.2125Z'
  ERROR: Build asset version error: assets/scripts/environment/grietareparacion.cs in SourceAssetDB has modification time of '2026-10-03T01:06:19.9680304Z' while content on disk has modification time of '2026-10-03T01:06:47.2125Z'
Number of updated asset objects reloaded before import = 0
Number of asset objects unloaded after import = 0
========================================================================
Received Import Request.
  Time of request: 2026-10-03T01:07:45.7690252Z
  Time since last request: 0.0411476 seconds.
  importAddress: GUID: 4894376b7702cb947983b5d89189d6bf - Path: Assets/Scripts/Environment/GrietaReparacion.cs - Importer: PreviewImporter
Importing 'GUID: 4894376b7702cb947983b5d89189d6bf - Path: Assets/Scripts/Environment/GrietaReparacion.cs - Importer: PreviewImporter' with importer (PreviewImporter)
Imported 'GUID: 4894376b7702cb947983b5d89189d6bf' -> (Import Result ID: '00000000000000000000000000000000') in 0.002 seconds
Import Error Code:(4)
Message: Build asset version error: assets/scripts/environment/grietareparacion.cs in SourceAssetDB has modification time of '2026-10-03T01:06:19.9680304Z' while content on disk has modification time of '2026-10-03T01:06:47.2125Z'
  ERROR: Build asset version error: assets/scripts/environment/grietareparacion.cs in SourceAssetDB has modification time of '2026-10-03T01:06:19.9680304Z' while content on disk has modification time of '2026-10-03T01:06:47.2125Z'
Number of updated asset objects reloaded before import = 0
Number of asset objects unloaded after import = 0
========================================================================
Received Import Request.
  Time of request: 2026-10-03T01:07:45.8000618Z
  Time since last request: 0.0269339 seconds.
  importAddress: GUID: 4894376b7702cb947983b5d89189d6bf - Path: Assets/Scripts/Environment/GrietaReparacion.cs - Importer: PreviewImporter
Importing 'GUID: 4894376b7702cb947983b5d89189d6bf - Path: Assets/Scripts/Environment/GrietaReparacion.cs - Importer: PreviewImporter' with importer (PreviewImporter)
Imported 'GUID: 4894376b7702cb947983b5d89189d6bf' -> (Import Result ID: '00000000000000000000000000000000') in 0.001 seconds
Import Error Code:(4)
Message: Build asset version error: assets/scripts/environment/grietareparacion.cs in SourceAssetDB has modification time of '2026-10-03T01:06:19.9680304Z' while content on disk has modification time of '2026-10-03T01:06:47.2125Z'
  ERROR: Build asset version error: assets/scripts/environment/grietareparacion.cs in SourceAssetDB has modification time of '2026-10-03T01:06:19.9680304Z' while content on disk has modification time of '2026-10-03T01:06:47.2125Z'
Number of updated asset objects reloaded before import = 0
Number of asset objects unloaded after import = 0
========================================================================
Received Import Request.
  Time of request: 2026-10-03T01:07:45.8299717Z
  Time since last request: 0.0274036 seconds.
  importAddress: GUID: 4894376b7702cb947983b5d89189d6bf - Path: Assets/Scripts/Environment/GrietaReparacion.cs - Importer: PreviewImporter
Importing 'GUID: 4894376b7702cb947983b5d89189d6bf - Path: Assets/Scripts/Environment/GrietaReparacion.cs - Importer: PreviewImporter' with importer (PreviewImporter)
Imported 'GUID: 4894376b7702cb947983b5d89189d6bf' -> (Import Result ID: '00000000000000000000000000000000') in 0.001 seconds
Import Error Code:(4)
Message: Build asset version error: assets/scripts/environment/grietareparacion.cs in SourceAssetDB has modification time of '2026-10-03T01:06:19.9680304Z' while content on disk has modification time of '2026-10-03T01:06:47.2125Z'
  ERROR: Build asset version error: assets/scripts/environment/grietareparacion.cs in SourceAssetDB has modification time of '2026-10-03T01:06:19.9680304Z' while content on disk has modification time of '2026-10-03T01:06:47.2125Z'
Number of updated asset objects reloaded before import = 0
Number of asset objects unloaded after import = 0
========================================================================
Received Import Request.
  Time of request: 2026-10-03T01:07:45.8625759Z
  Time since last request: 0.0302333 seconds.
  importAddress: GUID: 4894376b7702cb947983b5d89189d6bf - Path: Assets/Scripts/Environment/GrietaReparacion.cs - Importer: PreviewImporter
Importing 'GUID: 4894376b7702cb947983b5d89189d6bf - Path: Assets/Scripts/Environment/GrietaReparacion.cs - Importer: PreviewImporter' with importer (PreviewImporter)
Imported 'GUID: 4894376b7702cb947983b5d89189d6bf' -> (Import Result ID: '00000000000000000000000000000000') in 0.001 seconds
Import Error Code:(4)
Message: Build asset version error: assets/scripts/environment/grietareparacion.cs in SourceAssetDB has modification time of '2026-10-03T01:06:19.9680304Z' while content on disk has modification time of '2026-10-03T01:06:47.2125Z'
  ERROR: Build asset version error: assets/scripts/environment/grietareparacion.cs in SourceAssetDB has modification time of '2026-10-03T01:06:19.9680304Z' while content on disk has modification time of '2026-10-03T01:06:47.2125Z'
Number of updated asset objects reloaded before import = 0
Number of asset objects unloaded after import = 0
========================================================================
Received Import Request.
  Time of request: 2026-10-03T01:07:45.8938298Z
  Time since last request: 0.0290403 seconds.
  importAddress: GUID: 4894376b7702cb947983b5d89189d6bf - Path: Assets/Scripts/Environment/GrietaReparacion.cs - Importer: PreviewImporter
Importing 'GUID: 4894376b7702cb947983b5d89189d6bf - Path: Assets/Scripts/Environment/GrietaReparacion.cs - Importer: PreviewImporter' with importer (PreviewImporter)
Imported 'GUID: 4894376b7702cb947983b5d89189d6bf' -> (Import Result ID: '00000000000000000000000000000000') in 0.001 seconds
Import Error Code:(4)
Message: Build asset version error: assets/scripts/environment/grietareparacion.cs in SourceAssetDB has modification time of '2026-10-03T01:06:19.9680304Z' while content on disk has modification time of '2026-10-03T01:06:47.2125Z'
  ERROR: Build asset version error: assets/scripts/environment/grietareparacion.cs in SourceAssetDB has modification time of '2026-10-03T01:06:19.9680304Z' while content on disk has modification time of '2026-10-03T01:06:47.2125Z'
Number of updated asset objects reloaded before import = 0
Number of asset objects unloaded after import = 0
========================================================================
Received Import Request.
  Time of request: 2026-10-03T01:07:45.9223583Z
  Time since last request: 0.0262722 seconds.
  importAddress: GUID: 4894376b7702cb947983b5d89189d6bf - Path: Assets/Scripts/Environment/GrietaReparacion.cs - Importer: PreviewImporter
Importing 'GUID: 4894376b7702cb947983b5d89189d6bf - Path: Assets/Scripts/Environment/GrietaReparacion.cs - Importer: PreviewImporter' with importer (PreviewImporter)
Imported 'GUID: 4894376b7702cb947983b5d89189d6bf' -> (Import Result ID: '00000000000000000000000000000000') in 0.001 seconds
Import Error Code:(4)
Message: Build asset version error: assets/scripts/environment/grietareparacion.cs in SourceAssetDB has modification time of '2026-10-03T01:06:19.9680304Z' while content on disk has modification time of '2026-10-03T01:06:47.2125Z'
  ERROR: Build asset version error: assets/scripts/environment/grietareparacion.cs in SourceAssetDB has modification time of '2026-10-03T01:06:19.9680304Z' while content on disk has modification time of '2026-10-03T01:06:47.2125Z'
Number of updated asset objects reloaded before import = 0
Number of asset objects unloaded after import = 0
========================================================================
Received Import Request.
  Time of request: 2026-10-03T01:07:45.9551966Z
  Time since last request: 0.030813 seconds.
  importAddress: GUID: 4894376b7702cb947983b5d89189d6bf - Path: Assets/Scripts/Environment/GrietaReparacion.cs - Importer: PreviewImporter
Importing 'GUID: 4894376b7702cb947983b5d89189d6bf - Path: Assets/Scripts/Environment/GrietaReparacion.cs - Importer: PreviewImporter' with importer (PreviewImporter)
Imported 'GUID: 4894376b7702cb947983b5d89189d6bf' -> (Import Result ID: '00000000000000000000000000000000') in 0.001 seconds
Import Error Code:(4)
Message: Build asset version error: assets/scripts/environment/grietareparacion.cs in SourceAssetDB has modification time of '2026-10-03T01:06:19.9680304Z' while content on disk has modification time of '2026-10-03T01:06:47.2125Z'
  ERROR: Build asset version error: assets/scripts/environment/grietareparacion.cs in SourceAssetDB has modification time of '2026-10-03T01:06:19.9680304Z' while content on disk has modification time of '2026-10-03T01:06:47.2125Z'
Number of updated asset objects reloaded before import = 0
Number of asset objects unloaded after import = 0
========================================================================
Received Import Request.
  Time of request: 2026-10-03T01:07:45.9897548Z
  Time since last request: 0.0319303 seconds.
  importAddress: GUID: 4894376b7702cb947983b5d89189d6bf - Path: Assets/Scripts/Environment/GrietaReparacion.cs - Importer: PreviewImporter
Importing 'GUID: 4894376b7702cb947983b5d89189d6bf - Path: Assets/Scripts/Environment/GrietaReparacion.cs - Importer: PreviewImporter' with importer (PreviewImporter)
Imported 'GUID: 4894376b7702cb947983b5d89189d6bf' -> (Import Result ID: '00000000000000000000000000000000') in 0.001 seconds
Import Error Code:(4)
Message: Build asset version error: assets/scripts/environment/grietareparacion.cs in SourceAssetDB has modification time of '2026-10-03T01:06:19.9680304Z' while content on disk has modification time of '2026-10-03T01:06:47.2125Z'
  ERROR: Build asset version error: assets/scripts/environment/grietareparacion.cs in SourceAssetDB has modification time of '2026-10-03T01:06:19.9680304Z' while content on disk has modification time of '2026-10-03T01:06:47.2125Z'
Number of updated asset objects reloaded before import = 0
Number of asset objects unloaded after import = 0
========================================================================
Received Import Request.
  Time of request: 2026-10-03T01:07:46.0250826Z
  Time since last request: 0.0322438 seconds.
  importAddress: GUID: 4894376b7702cb947983b5d89189d6bf - Path: Assets/Scripts/Environment/GrietaReparacion.cs - Importer: PreviewImporter
Importing 'GUID: 4894376b7702cb947983b5d89189d6bf - Path: Assets/Scripts/Environment/GrietaReparacion.cs - Importer: PreviewImporter' with importer (PreviewImporter)
Imported 'GUID: 4894376b7702cb947983b5d89189d6bf' -> (Import Result ID: '00000000000000000000000000000000') in 0.001 seconds
Import Error Code:(4)
Message: Build asset version error: assets/scripts/environment/grietareparacion.cs in SourceAssetDB has modification time of '2026-10-03T01:06:19.9680304Z' while content on disk has modification time of '2026-10-03T01:06:47.2125Z'
  ERROR: Build asset version error: assets/scripts/environment/grietareparacion.cs in SourceAssetDB has modification time of '2026-10-03T01:06:19.9680304Z' while content on disk has modification time of '2026-10-03T01:06:47.2125Z'
Number of updated asset objects reloaded before import = 0
Number of asset objects unloaded after import = 0
========================================================================
Received Import Request.
  Time of request: 2026-10-03T01:07:46.0613678Z
  Time since last request: 0.0335187 seconds.
  importAddress: GUID: 4894376b7702cb947983b5d89189d6bf - Path: Assets/Scripts/Environment/GrietaReparacion.cs - Importer: PreviewImporter
Importing 'GUID: 4894376b7702cb947983b5d89189d6bf - Path: Assets/Scripts/Environment/GrietaReparacion.cs - Importer: PreviewImporter' with importer (PreviewImporter)
Imported 'GUID: 4894376b7702cb947983b5d89189d6bf' -> (Import Result ID: '00000000000000000000000000000000') in 0.001 seconds
Import Error Code:(4)
Message: Build asset version error: assets/scripts/environment/grietareparacion.cs in SourceAssetDB has modification time of '2026-10-03T01:06:19.9680304Z' while content on disk has modification time of '2026-10-03T01:06:47.2125Z'
  ERROR: Build asset version error: assets/scripts/environment/grietareparacion.cs in SourceAssetDB has modification time of '2026-10-03T01:06:19.9680304Z' while content on disk has modification time of '2026-10-03T01:06:47.2125Z'
Number of updated asset objects reloaded before import = 0
Number of asset objects unloaded after import = 0
========================================================================
Received Import Request.
  Time of request: 2026-10-03T01:07:46.0970135Z
  Time since last request: 0.0328174 seconds.
  importAddress: GUID: 4894376b7702cb947983b5d89189d6bf - Path: Assets/Scripts/Environment/GrietaReparacion.cs - Importer: PreviewImporter
Importing 'GUID: 4894376b7702cb947983b5d89189d6bf - Path: Assets/Scripts/Environment/GrietaReparacion.cs - Importer: PreviewImporter' with importer (PreviewImporter)
Imported 'GUID: 4894376b7702cb947983b5d89189d6bf' -> (Import Result ID: '00000000000000000000000000000000') in 0.002 seconds
Import Error Code:(4)
Message: Build asset version error: assets/scripts/environment/grietareparacion.cs in SourceAssetDB has modification time of '2026-10-03T01:06:19.9680304Z' while content on disk has modification time of '2026-10-03T01:06:47.2125Z'
  ERROR: Build asset version error: assets/scripts/environment/grietareparacion.cs in SourceAssetDB has modification time of '2026-10-03T01:06:19.9680304Z' while content on disk has modification time of '2026-10-03T01:06:47.2125Z'
Number of updated asset objects reloaded before import = 0
Number of asset objects unloaded after import = 0
========================================================================
Received Import Request.
  Time of request: 2026-10-03T01:07:46.148738Z
  Time since last request: 0.046437 seconds.
  importAddress: GUID: 4894376b7702cb947983b5d89189d6bf - Path: Assets/Scripts/Environment/GrietaReparacion.cs - Importer: PreviewImporter
Importing 'GUID: 4894376b7702cb947983b5d89189d6bf - Path: Assets/Scripts/Environment/GrietaReparacion.cs - Importer: PreviewImporter' with importer (PreviewImporter)
Imported 'GUID: 4894376b7702cb947983b5d89189d6bf' -> (Import Result ID: '00000000000000000000000000000000') in 0.003 seconds
Import Error Code:(4)
Message: Build asset version error: assets/scripts/environment/grietareparacion.cs in SourceAssetDB has modification time of '2026-10-03T01:06:19.9680304Z' while content on disk has modification time of '2026-10-03T01:06:47.2125Z'
  ERROR: Build asset version error: assets/scripts/environment/grietareparacion.cs in SourceAssetDB has modification time of '2026-10-03T01:06:19.9680304Z' while content on disk has modification time of '2026-10-03T01:06:47.2125Z'
Number of updated asset objects reloaded before import = 0
Number of asset objects unloaded after import = 0
========================================================================
Received Import Request.
  Time of request: 2026-10-03T01:07:46.2066668Z
  Time since last request: 0.0519959 seconds.
  importAddress: GUID: 4894376b7702cb947983b5d89189d6bf - Path: Assets/Scripts/Environment/GrietaReparacion.cs - Importer: PreviewImporter
Importing 'GUID: 4894376b7702cb947983b5d89189d6bf - Path: Assets/Scripts/Environment/GrietaReparacion.cs - Importer: PreviewImporter' with importer (PreviewImporter)
Imported 'GUID: 4894376b7702cb947983b5d89189d6bf' -> (Import Result ID: '00000000000000000000000000000000') in 0.007 seconds
Import Error Code:(4)
Message: Build asset version error: assets/scripts/environment/grietareparacion.cs in SourceAssetDB has modification time of '2026-10-03T01:06:19.9680304Z' while content on disk has modification time of '2026-10-03T01:06:47.2125Z'
  ERROR: Build asset version error: assets/scripts/environment/grietareparacion.cs in SourceAssetDB has modification time of '2026-10-03T01:06:19.9680304Z' while content on disk has modification time of '2026-10-03T01:06:47.2125Z'
Number of updated asset objects reloaded before import = 0
Number of asset objects unloaded after import = 0
========================================================================
Received Import Request.
  Time of request: 2026-10-03T01:07:46.2552259Z
  Time since last request: 0.037475 seconds.
  importAddress: GUID: 4894376b7702cb947983b5d89189d6bf - Path: Assets/Scripts/Environment/GrietaReparacion.cs - Importer: PreviewImporter
Importing 'GUID: 4894376b7702cb947983b5d89189d6bf - Path: Assets/Scripts/Environment/GrietaReparacion.cs - Importer: PreviewImporter' with importer (PreviewImporter)
Imported 'GUID: 4894376b7702cb947983b5d89189d6bf' -> (Import Result ID: '00000000000000000000000000000000') in 0.002 seconds
Import Error Code:(4)
Message: Build asset version error: assets/scripts/environment/grietareparacion.cs in SourceAssetDB has modification time of '2026-10-03T01:06:19.9680304Z' while content on disk has modification time of '2026-10-03T01:06:47.2125Z'
  ERROR: Build asset version error: assets/scripts/environment/grietareparacion.cs in SourceAssetDB has modification time of '2026-10-03T01:06:19.9680304Z' while content on disk has modification time of '2026-10-03T01:06:47.2125Z'
Number of updated asset objects reloaded before import = 0
Number of asset objects unloaded after import = 0
========================================================================
Received Import Request.
  Time of request: 2026-10-03T01:07:46.2941523Z
  Time since last request: 0.0316305 seconds.
  importAddress: GUID: 4894376b7702cb947983b5d89189d6bf - Path: Assets/Scripts/Environment/GrietaReparacion.cs - Importer: PreviewImporter
Importing 'GUID: 4894376b7702cb947983b5d89189d6bf - Path: Assets/Scripts/Environment/GrietaReparacion.cs - Importer: PreviewImporter' with importer (PreviewImporter)
Imported 'GUID: 4894376b7702cb947983b5d89189d6bf' -> (Import Result ID: '00000000000000000000000000000000') in 0.001 seconds
Import Error Code:(4)
Message: Build asset version error: assets/scripts/environment/grietareparacion.cs in SourceAssetDB has modification time of '2026-10-03T01:06:19.9680304Z' while content on disk has modification time of '2026-10-03T01:06:47.2125Z'
  ERROR: Build asset version error: assets/scripts/environment/grietareparacion.cs in SourceAssetDB has modification time of '2026-10-03T01:06:19.9680304Z' while content on disk has modification time of '2026-10-03T01:06:47.2125Z'
Number of updated asset objects reloaded before import = 0
Number of asset objects unloaded after import = 0
========================================================================
Received Import Request.
  Time of request: 2026-10-03T01:07:46.3352066Z
  Time since last request: 0.0385671 seconds.
  importAddress: GUID: 4894376b7702cb947983b5d89189d6bf - Path: Assets/Scripts/Environment/GrietaReparacion.cs - Importer: PreviewImporter
Importing 'GUID: 4894376b7702cb947983b5d89189d6bf - Path: Assets/Scripts/Environment/GrietaReparacion.cs - Importer: PreviewImporter' with importer (PreviewImporter)
Imported 'GUID: 4894376b7702cb947983b5d89189d6bf' -> (Import Result ID: '00000000000000000000000000000000') in 0.001 seconds
Import Error Code:(4)
Message: Build asset version error: assets/scripts/environment/grietareparacion.cs in SourceAssetDB has modification time of '2026-10-03T01:06:19.9680304Z' while content on disk has modification time of '2026-10-03T01:06:47.2125Z'
  ERROR: Build asset version error: assets/scripts/environment/grietareparacion.cs in SourceAssetDB has modification time of '2026-10-03T01:06:19.9680304Z' while content on disk has modification time of '2026-10-03T01:06:47.2125Z'
Number of updated asset objects reloaded before import = 0
Number of asset objects unloaded after import = 0
========================================================================
Received Import Request.
  Time of request: 2026-10-03T01:07:46.3695567Z
  Time since last request: 0.0318498 seconds.
  importAddress: GUID: 4894376b7702cb947983b5d89189d6bf - Path: Assets/Scripts/Environment/GrietaReparacion.cs - Importer: PreviewImporter
Importing 'GUID: 4894376b7702cb947983b5d89189d6bf - Path: Assets/Scripts/Environment/GrietaReparacion.cs - Importer: PreviewImporter' with importer (PreviewImporter)
Imported 'GUID: 4894376b7702cb947983b5d89189d6bf' -> (Import Result ID: '00000000000000000000000000000000') in 0.001 seconds
Import Error Code:(4)
Message: Build asset version error: assets/scripts/environment/grietareparacion.cs in SourceAssetDB has modification time of '2026-10-03T01:06:19.9680304Z' while content on disk has modification time of '2026-10-03T01:06:47.2125Z'
  ERROR: Build asset version error: assets/scripts/environment/grietareparacion.cs in SourceAssetDB has modification time of '2026-10-03T01:06:19.9680304Z' while content on disk has modification time of '2026-10-03T01:06:47.2125Z'
Number of updated asset objects reloaded before import = 0
Number of asset objects unloaded after import = 0
========================================================================
Received Import Request.
  Time of request: 2026-10-03T01:07:46.4100767Z
  Time since last request: 0.0380919 seconds.
  importAddress: GUID: 4894376b7702cb947983b5d89189d6bf - Path: Assets/Scripts/Environment/GrietaReparacion.cs - Importer: PreviewImporter
Importing 'GUID: 4894376b7702cb947983b5d89189d6bf - Path: Assets/Scripts/Environment/GrietaReparacion.cs - Importer: PreviewImporter' with importer (PreviewImporter)
Imported 'GUID: 4894376b7702cb947983b5d89189d6bf' -> (Import Result ID: '00000000000000000000000000000000') in 0.001 seconds
Import Error Code:(4)
Message: Build asset version error: assets/scripts/environment/grietareparacion.cs in SourceAssetDB has modification time of '2026-10-03T01:06:19.9680304Z' while content on disk has modification time of '2026-10-03T01:06:47.2125Z'
  ERROR: Build asset version error: assets/scripts/environment/grietareparacion.cs in SourceAssetDB has modification time of '2026-10-03T01:06:19.9680304Z' while content on disk has modification time of '2026-10-03T01:06:47.2125Z'
Number of updated asset objects reloaded before import = 0
Number of asset objects unloaded after import = 0
========================================================================
Received Import Request.
  Time of request: 2026-10-03T01:07:46.4460919Z
  Time since last request: 0.0322133 seconds.
  importAddress: GUID: 4894376b7702cb947983b5d89189d6bf - Path: Assets/Scripts/Environment/GrietaReparacion.cs - Importer: PreviewImporter
Importing 'GUID: 4894376b7702cb947983b5d89189d6bf - Path: Assets/Scripts/Environment/GrietaReparacion.cs - Importer: PreviewImporter' with importer (PreviewImporter)
Imported 'GUID: 4894376b7702cb947983b5d89189d6bf' -> (Import Result ID: '00000000000000000000000000000000') in 0.001 seconds
Import Error Code:(4)
Message: Build asset version error: assets/scripts/environment/grietareparacion.cs in SourceAssetDB has modification time of '2026-10-03T01:06:19.9680304Z' while content on disk has modification time of '2026-10-03T01:06:47.2125Z'
  ERROR: Build asset version error: assets/scripts/environment/grietareparacion.cs in SourceAssetDB has modification time of '2026-10-03T01:06:19.9680304Z' while content on disk has modification time of '2026-10-03T01:06:47.2125Z'
Number of updated asset objects reloaded before import = 0
Number of asset objects unloaded after import = 0
========================================================================
Received Import Request.
  Time of request: 2026-10-03T01:07:46.4833678Z
  Time since last request: 0.0343377 seconds.
  importAddress: GUID: 4894376b7702cb947983b5d89189d6bf - Path: Assets/Scripts/Environment/GrietaReparacion.cs - Importer: PreviewImporter
Importing 'GUID: 4894376b7702cb947983b5d89189d6bf - Path: Assets/Scripts/Environment/GrietaReparacion.cs - Importer: PreviewImporter' with importer (PreviewImporter)
Imported 'GUID: 4894376b7702cb947983b5d89189d6bf' -> (Import Result ID: '00000000000000000000000000000000') in 0.002 seconds
Import Error Code:(4)
Message: Build asset version error: assets/scripts/environment/grietareparacion.cs in SourceAssetDB has modification time of '2026-10-03T01:06:19.9680304Z' while content on disk has modification time of '2026-10-03T01:06:47.2125Z'
  ERROR: Build asset version error: assets/scripts/environment/grietareparacion.cs in SourceAssetDB has modification time of '2026-10-03T01:06:19.9680304Z' while content on disk has modification time of '2026-10-03T01:06:47.2125Z'
Number of updated asset objects reloaded before import = 0
Number of asset objects unloaded after import = 0
========================================================================
Received Import Request.
  Time of request: 2026-10-03T01:07:46.5252529Z
  Time since last request: 0.0393197 seconds.
  importAddress: GUID: 4894376b7702cb947983b5d89189d6bf - Path: Assets/Scripts/Environment/GrietaReparacion.cs - Importer: PreviewImporter
Importing 'GUID: 4894376b7702cb947983b5d89189d6bf - Path: Assets/Scripts/Environment/GrietaReparacion.cs - Importer: PreviewImporter' with importer (PreviewImporter)
Imported 'GUID: 4894376b7702cb947983b5d89189d6bf' -> (Import Result ID: '00000000000000000000000000000000') in 0.002 seconds
Import Error Code:(4)
Message: Build asset version error: assets/scripts/environment/grietareparacion.cs in SourceAssetDB has modification time of '2026-10-03T01:06:19.9680304Z' while content on disk has modification time of '2026-10-03T01:06:47.2125Z'
  ERROR: Build asset version error: assets/scripts/environment/grietareparacion.cs in SourceAssetDB has modification time of '2026-10-03T01:06:19.9680304Z' while content on disk has modification time of '2026-10-03T01:06:47.2125Z'
Number of updated asset objects reloaded before import = 0
Number of asset objects unloaded after import = 0
========================================================================
Received Import Request.
  Time of request: 2026-10-03T01:07:46.5668321Z
  Time since last request: 0.0375754 seconds.
  importAddress: GUID: 4894376b7702cb947983b5d89189d6bf - Path: Assets/Scripts/Environment/GrietaReparacion.cs - Importer: PreviewImporter
Importing 'GUID: 4894376b7702cb947983b5d89189d6bf - Path: Assets/Scripts/Environment/GrietaReparacion.cs - Importer: PreviewImporter' with importer (PreviewImporter)
Imported 'GUID: 4894376b7702cb947983b5d89189d6bf' -> (Import Result ID: '00000000000000000000000000000000') in 0.002 seconds
Import Error Code:(4)
Message: Build asset version error: assets/scripts/environment/grietareparacion.cs in SourceAssetDB has modification time of '2026-10-03T01:06:19.9680304Z' while content on disk has modification time of '2026-10-03T01:06:47.2125Z'
  ERROR: Build asset version error: assets/scripts/environment/grietareparacion.cs in SourceAssetDB has modification time of '2026-10-03T01:06:19.9680304Z' while content on disk has modification time of '2026-10-03T01:06:47.2125Z'
Number of updated asset objects reloaded before import = 0
Number of asset objects unloaded after import = 0
========================================================================
Received Import Request.
  Time of request: 2026-10-03T01:07:46.6078698Z
  Time since last request: 0.0382246 seconds.
  importAddress: GUID: 4894376b7702cb947983b5d89189d6bf - Path: Assets/Scripts/Environment/GrietaReparacion.cs - Importer: PreviewImporter
Importing 'GUID: 4894376b7702cb947983b5d89189d6bf - Path: Assets/Scripts/Environment/GrietaReparacion.cs - Importer: PreviewImporter' with importer (PreviewImporter)
Imported 'GUID: 4894376b7702cb947983b5d89189d6bf' -> (Import Result ID: '00000000000000000000000000000000') in 0.006 seconds
Import Error Code:(4)
Message: Build asset version error: assets/scripts/environment/grietareparacion.cs in SourceAssetDB has modification time of '2026-10-03T01:06:19.9680304Z' while content on disk has modification time of '2026-10-03T01:06:47.2125Z'
  ERROR: Build asset version error: assets/scripts/environment/grietareparacion.cs in SourceAssetDB has modification time of '2026-10-03T01:06:19.9680304Z' while content on disk has modification time of '2026-10-03T01:06:47.2125Z'
Number of updated asset objects reloaded before import = 0
Number of asset objects unloaded after import = 0
========================================================================
Received Import Request.
  Time of request: 2026-10-03T01:07:46.6606788Z
  Time since last request: 0.044059 seconds.
  importAddress: GUID: 4894376b7702cb947983b5d89189d6bf - Path: Assets/Scripts/Environment/GrietaReparacion.cs - Importer: PreviewImporter
Importing 'GUID: 4894376b7702cb947983b5d89189d6bf - Path: Assets/Scripts/Environment/GrietaReparacion.cs - Importer: PreviewImporter' with importer (PreviewImporter)
Imported 'GUID: 4894376b7702cb947983b5d89189d6bf' -> (Import Result ID: '00000000000000000000000000000000') in 0.019 seconds
Import Error Code:(4)
Message: Build asset version error: assets/scripts/environment/grietareparacion.cs in SourceAssetDB has modification time of '2026-10-03T01:06:19.9680304Z' while content on disk has modification time of '2026-10-03T01:06:47.2125Z'
  ERROR: Build asset version error: assets/scripts/environment/grietareparacion.cs in SourceAssetDB has modification time of '2026-10-03T01:06:19.9680304Z' while content on disk has modification time of '2026-10-03T01:06:47.2125Z'
Number of updated asset objects reloaded before import = 0
Number of asset objects unloaded after import = 0
========================================================================
Received Import Request.
  Time of request: 2026-10-03T01:07:46.7278705Z
  Time since last request: 0.018016 seconds.
  importAddress: GUID: 4894376b7702cb947983b5d89189d6bf - Path: Assets/Scripts/Environment/GrietaReparacion.cs - Importer: PreviewImporter
Importing 'GUID: 4894376b7702cb947983b5d89189d6bf - Path: Assets/Scripts/Environment/GrietaReparacion.cs - Importer: PreviewImporter' with importer (PreviewImporter)
Imported 'GUID: 4894376b7702cb947983b5d89189d6bf' -> (Import Result ID: '00000000000000000000000000000000') in 0.012 seconds
Import Error Code:(4)
Message: Build asset version error: assets/scripts/environment/grietareparacion.cs in SourceAssetDB has modification time of '2026-10-03T01:06:19.9680304Z' while content on disk has modification time of '2026-10-03T01:06:47.2125Z'
  ERROR: Build asset version error: assets/scripts/environment/grietareparacion.cs in SourceAssetDB has modification time of '2026-10-03T01:06:19.9680304Z' while content on disk has modification time of '2026-10-03T01:06:47.2125Z'
Number of updated asset objects reloaded before import = 0
Number of asset objects unloaded after import = 0
========================================================================
Received Import Request.
  Time of request: 2026-10-03T01:07:46.7899409Z
  Time since last request: 0.0277791 seconds.
  importAddress: GUID: 4894376b7702cb947983b5d89189d6bf - Path: Assets/Scripts/Environment/GrietaReparacion.cs - Importer: PreviewImporter
Importing 'GUID: 4894376b7702cb947983b5d89189d6bf - Path: Assets/Scripts/Environment/GrietaReparacion.cs - Importer: PreviewImporter' with importer (PreviewImporter)
Imported 'GUID: 4894376b7702cb947983b5d89189d6bf' -> (Import Result ID: '00000000000000000000000000000000') in 0.002 seconds
Import Error Code:(4)
Message: Build asset version error: assets/scripts/environment/grietareparacion.cs in SourceAssetDB has modification time of '2026-10-03T01:06:19.9680304Z' while content on disk has modification time of '2026-10-03T01:06:47.2125Z'
  ERROR: Build asset version error: assets/scripts/environment/grietareparacion.cs in SourceAssetDB has modification time of '2026-10-03T01:06:19.9680304Z' while content on disk has modification time of '2026-10-03T01:06:47.2125Z'
Number of updated asset objects reloaded before import = 0
Number of asset objects unloaded after import = 0
========================================================================
Received Import Request.
  Time of request: 2026-10-03T01:07:46.8290562Z
  Time since last request: 0.0342158 seconds.
  importAddress: GUID: 4894376b7702cb947983b5d89189d6bf - Path: Assets/Scripts/Environment/GrietaReparacion.cs - Importer: PreviewImporter
Importing 'GUID: 4894376b7702cb947983b5d89189d6bf - Path: Assets/Scripts/Environment/GrietaReparacion.cs - Importer: PreviewImporter' with importer (PreviewImporter)
Imported 'GUID: 4894376b7702cb947983b5d89189d6bf' -> (Import Result ID: '00000000000000000000000000000000') in 0.001 seconds
Import Error Code:(4)
Message: Build asset version error: assets/scripts/environment/grietareparacion.cs in SourceAssetDB has modification time of '2026-10-03T01:06:19.9680304Z' while content on disk has modification time of '2026-10-03T01:06:47.2125Z'
  ERROR: Build asset version error: assets/scripts/environment/grietareparacion.cs in SourceAssetDB has modification time of '2026-10-03T01:06:19.9680304Z' while content on disk has modification time of '2026-10-03T01:06:47.2125Z'
Number of updated asset objects reloaded before import = 0
Number of asset objects unloaded after import = 0
========================================================================
Received Import Request.
  Time of request: 2026-10-03T01:07:46.8611417Z
  Time since last request: 0.0296426 seconds.
  importAddress: GUID: 4894376b7702cb947983b5d89189d6bf - Path: Assets/Scripts/Environment/GrietaReparacion.cs - Importer: PreviewImporter
Importing 'GUID: 4894376b7702cb947983b5d89189d6bf - Path: Assets/Scripts/Environment/GrietaReparacion.cs - Importer: PreviewImporter' with importer (PreviewImporter)
Imported 'GUID: 4894376b7702cb947983b5d89189d6bf' -> (Import Result ID: '00000000000000000000000000000000') in 0.001 seconds
Import Error Code:(4)
Message: Build asset version error: assets/scripts/environment/grietareparacion.cs in SourceAssetDB has modification time of '2026-10-03T01:06:19.9680304Z' while content on disk has modification time of '2026-10-03T01:06:47.2125Z'
  ERROR: Build asset version error: assets/scripts/environment/grietareparacion.cs in SourceAssetDB has modification time of '2026-10-03T01:06:19.9680304Z' while content on disk has modification time of '2026-10-03T01:06:47.2125Z'
Number of updated asset objects reloaded before import = 0
Number of asset objects unloaded after import = 0
========================================================================
Received Import Request.
  Time of request: 2026-10-03T01:07:46.8935727Z
  Time since last request: 0.0297737 seconds.
  importAddress: GUID: 4894376b7702cb947983b5d89189d6bf - Path: Assets/Scripts/Environment/GrietaReparacion.cs - Importer: PreviewImporter
Importing 'GUID: 4894376b7702cb947983b5d89189d6bf - Path: Assets/Scripts/Environment/GrietaReparacion.cs - Importer: PreviewImporter' with importer (PreviewImporter)
Imported 'GUID: 4894376b7702cb947983b5d89189d6bf' -> (Import Result ID: '00000000000000000000000000000000') in 0.001 seconds
Import Error Code:(4)
Message: Build asset version error: assets/scripts/environment/grietareparacion.cs in SourceAssetDB has modification time of '2026-10-03T01:06:19.9680304Z' while content on disk has modification time of '2026-10-03T01:06:47.2125Z'
  ERROR: Build asset version error: assets/scripts/environment/grietareparacion.cs in SourceAssetDB has modification time of '2026-10-03T01:06:19.9680304Z' while content on disk has modification time of '2026-10-03T01:06:47.2125Z'
Number of updated asset objects reloaded before import = 0
Number of asset objects unloaded after import = 0
========================================================================
Received Import Request.
  Time of request: 2026-10-03T01:07:46.9256714Z
  Time since last request: 0.0294803 seconds.
  importAddress: GUID: 4894376b7702cb947983b5d89189d6bf - Path: Assets/Scripts/Environment/GrietaReparacion.cs - Importer: PreviewImporter
Importing 'GUID: 4894376b7702cb947983b5d89189d6bf - Path: Assets/Scripts/Environment/GrietaReparacion.cs - Importer: PreviewImporter' with importer (PreviewImporter)
Imported 'GUID: 4894376b7702cb947983b5d89189d6bf' -> (Import Result ID: '00000000000000000000000000000000') in 0.001 seconds
Import Error Code:(4)
Message: Build asset version error: assets/scripts/environment/grietareparacion.cs in SourceAssetDB has modification time of '2026-10-03T01:06:19.9680304Z' while content on disk has modification time of '2026-10-03T01:06:47.2125Z'
  ERROR: Build asset version error: assets/scripts/environment/grietareparacion.cs in SourceAssetDB has modification time of '2026-10-03T01:06:19.9680304Z' while content on disk has modification time of '2026-10-03T01:06:47.2125Z'
Number of updated asset objects reloaded before import = 0
Number of asset objects unloaded after import = 0
========================================================================
Received Import Request.
  Time of request: 2026-10-03T01:07:46.9564647Z
  Time since last request: 0.028749 seconds.
  importAddress: GUID: 4894376b7702cb947983b5d89189d6bf - Path: Assets/Scripts/Environment/GrietaReparacion.cs - Importer: PreviewImporter
Importing 'GUID: 4894376b7702cb947983b5d89189d6bf - Path: Assets/Scripts/Environment/GrietaReparacion.cs - Importer: PreviewImporter' with importer (PreviewImporter)
Imported 'GUID: 4894376b7702cb947983b5d89189d6bf' -> (Import Result ID: '00000000000000000000000000000000') in 0.001 seconds
Import Error Code:(4)
Message: Build asset version error: assets/scripts/environment/grietareparacion.cs in SourceAssetDB has modification time of '2026-10-03T01:06:19.9680304Z' while content on disk has modification time of '2026-10-03T01:06:47.2125Z'
  ERROR: Build asset version error: assets/scripts/environment/grietareparacion.cs in SourceAssetDB has modification time of '2026-10-03T01:06:19.9680304Z' while content on disk has modification time of '2026-10-03T01:06:47.2125Z'
Number of updated asset objects reloaded before import = 0
Number of asset objects unloaded after import = 0
========================================================================
Received Import Request.
  Time of request: 2026-10-03T01:07:46.9879195Z
  Time since last request: 0.0294551 seconds.
  importAddress: GUID: 4894376b7702cb947983b5d89189d6bf - Path: Assets/Scripts/Environment/GrietaReparacion.cs - Importer: PreviewImporter
Importing 'GUID: 4894376b7702cb947983b5d89189d6bf - Path: Assets/Scripts/Environment/GrietaReparacion.cs - Importer: PreviewImporter' with importer (PreviewImporter)
Imported 'GUID: 4894376b7702cb947983b5d89189d6bf' -> (Import Result ID: '00000000000000000000000000000000') in 0.001 seconds
Import Error Code:(4)
Message: Build asset version error: assets/scripts/environment/grietareparacion.cs in SourceAssetDB has modification time of '2026-10-03T01:06:19.9680304Z' while content on disk has modification time of '2026-10-03T01:06:47.2125Z'
  ERROR: Build asset version error: assets/scripts/environment/grietareparacion.cs in SourceAssetDB has modification time of '2026-10-03T01:06:19.9680304Z' while content on disk has modification time of '2026-10-03T01:06:47.2125Z'
Number of updated asset objects reloaded before import = 0
Number of asset objects unloaded after import = 0
========================================================================
Received Import Request.
  Time of request: 2026-10-03T01:07:47.0214757Z
  Time since last request: 0.0312791 seconds.
  importAddress: GUID: 4894376b7702cb947983b5d89189d6bf - Path: Assets/Scripts/Environment/GrietaReparacion.cs - Importer: PreviewImporter
Importing 'GUID: 4894376b7702cb947983b5d89189d6bf - Path: Assets/Scripts/Environment/GrietaReparacion.cs - Importer: PreviewImporter' with importer (PreviewImporter)
Imported 'GUID: 4894376b7702cb947983b5d89189d6bf' -> (Import Result ID: '00000000000000000000000000000000') in 0.001 seconds
Import Error Code:(4)
Message: Build asset version error: assets/scripts/environment/grietareparacion.cs in SourceAssetDB has modification time of '2026-10-03T01:06:19.9680304Z' while content on disk has modification time of '2026-10-03T01:06:47.2125Z'
  ERROR: Build asset version error: assets/scripts/environment/grietareparacion.cs in SourceAssetDB has modification time of '2026-10-03T01:06:19.9680304Z' while content on disk has modification time of '2026-10-03T01:06:47.2125Z'
Number of updated asset objects reloaded before import = 0
Number of asset objects unloaded after import = 0
========================================================================
Received Import Request.
  Time of request: 2026-10-03T01:07:47.0527599Z
  Time since last request: 0.0294296 seconds.
  importAddress: GUID: 4894376b7702cb947983b5d89189d6bf - Path: Assets/Scripts/Environment/GrietaReparacion.cs - Importer: PreviewImporter
Importing 'GUID: 4894376b7702cb947983b5d89189d6bf - Path: Assets/Scripts/Environment/GrietaReparacion.cs - Importer: PreviewImporter' with importer (PreviewImporter)
Imported 'GUID: 4894376b7702cb947983b5d89189d6bf' -> (Import Result ID: '00000000000000000000000000000000') in 0.001 seconds
Import Error Code:(4)
Message: Build asset version error: assets/scripts/environment/grietareparacion.cs in SourceAssetDB has modification time of '2026-10-03T01:06:19.9680304Z' while content on disk has modification time of '2026-10-03T01:06:47.2125Z'
  ERROR: Build asset version error: assets/scripts/environment/grietareparacion.cs in SourceAssetDB has modification time of '2026-10-03T01:06:19.9680304Z' while content on disk has modification time of '2026-10-03T01:06:47.2125Z'
Number of updated asset objects reloaded before import = 0
Number of asset objects unloaded after import = 0
========================================================================
Received Import Request.
  Time of request: 2026-10-03T01:07:47.0885084Z
  Time since last request: 0.0333067 seconds.
  importAddress: GUID: 4894376b7702cb947983b5d89189d6bf - Path: Assets/Scripts/Environment/GrietaReparacion.cs - Importer: PreviewImporter
Importing 'GUID: 4894376b7702cb947983b5d89189d6bf - Path: Assets/Scripts/Environment/GrietaReparacion.cs - Importer: PreviewImporter' with importer (PreviewImporter)
Imported 'GUID: 4894376b7702cb947983b5d89189d6bf' -> (Import Result ID: '00000000000000000000000000000000') in 0.001 seconds
Import Error Code:(4)
Message: Build asset version error: assets/scripts/environment/grietareparacion.cs in SourceAssetDB has modification time of '2026-10-03T01:06:19.9680304Z' while content on disk has modification time of '2026-10-03T01:06:47.2125Z'
  ERROR: Build asset version error: assets/scripts/environment/grietareparacion.cs in SourceAssetDB has modification time of '2026-10-03T01:06:19.9680304Z' while content on disk has modification time of '2026-10-03T01:06:47.2125Z'
Number of updated asset objects reloaded before import = 0
Number of asset objects unloaded after import = 0
========================================================================
Received Import Request.
  Time of request: 2026-10-03T01:07:47.1375802Z
  Time since last request: 0.0465429 seconds.
  importAddress: GUID: 4894376b7702cb947983b5d89189d6bf - Path: Assets/Scripts/Environment/GrietaReparacion.cs - Importer: PreviewImporter
Importing 'GUID: 4894376b7702cb947983b5d89189d6bf - Path: Assets/Scripts/Environment/GrietaReparacion.cs - Importer: PreviewImporter' with importer (PreviewImporter)
Imported 'GUID: 4894376b7702cb947983b5d89189d6bf' -> (Import Result ID: '00000000000000000000000000000000') in 0.004 seconds
Import Error Code:(4)
Message: Build asset version error: assets/scripts/environment/grietareparacion.cs in SourceAssetDB has modification time of '2026-10-03T01:06:19.9680304Z' while content on disk has modification time of '2026-10-03T01:06:47.2125Z'
  ERROR: Build asset version error: assets/scripts/environment/grietareparacion.cs in SourceAssetDB has modification time of '2026-10-03T01:06:19.9680304Z' while content on disk has modification time of '2026-10-03T01:06:47.2125Z'
Number of updated asset objects reloaded before import = 0
Number of asset objects unloaded after import = 0
========================================================================
Received Import Request.
  Time of request: 2026-10-03T01:07:47.1929718Z
  Time since last request: 0.0460801 seconds.
  importAddress: GUID: 4894376b7702cb947983b5d89189d6bf - Path: Assets/Scripts/Environment/GrietaReparacion.cs - Importer: PreviewImporter
Importing 'GUID: 4894376b7702cb947983b5d89189d6bf - Path: Assets/Scripts/Environment/GrietaReparacion.cs - Importer: PreviewImporter' with importer (PreviewImporter)
Imported 'GUID: 4894376b7702cb947983b5d89189d6bf' -> (Import Result ID: '00000000000000000000000000000000') in 0.002 seconds
Import Error Code:(4)
Message: Build asset version error: assets/scripts/environment/grietareparacion.cs in SourceAssetDB has modification time of '2026-10-03T01:06:19.9680304Z' while content on disk has modification time of '2026-10-03T01:06:47.2125Z'
  ERROR: Build asset version error: assets/scripts/environment/grietareparacion.cs in SourceAssetDB has modification time of '2026-10-03T01:06:19.9680304Z' while content on disk has modification time of '2026-10-03T01:06:47.2125Z'
Number of updated asset objects reloaded before import = 0
Number of asset objects unloaded after import = 0
========================================================================
Received Import Request.
  Time of request: 2026-10-03T01:07:47.2444031Z
  Time since last request: 0.0470045 seconds.
  importAddress: GUID: 4894376b7702cb947983b5d89189d6bf - Path: Assets/Scripts/Environment/GrietaReparacion.cs - Importer: PreviewImporter
Importing 'GUID: 4894376b7702cb947983b5d89189d6bf - Path: Assets/Scripts/Environment/GrietaReparacion.cs - Importer: PreviewImporter' with importer (PreviewImporter)
Imported 'GUID: 4894376b7702cb947983b5d89189d6bf' -> (Import Result ID: '00000000000000000000000000000000') in 0.002 seconds
Import Error Code:(4)
Message: Build asset version error: assets/scripts/environment/grietareparacion.cs in SourceAssetDB has modification time of '2026-10-03T01:06:19.9680304Z' while content on disk has modification time of '2026-10-03T01:06:47.2125Z'
  ERROR: Build asset version error: assets/scripts/environment/grietareparacion.cs in SourceAssetDB has modification time of '2026-10-03T01:06:19.9680304Z' while content on disk has modification time of '2026-10-03T01:06:47.2125Z'
Number of updated asset objects reloaded before import = 0
Number of asset objects unloaded after import = 0
========================================================================
Received Import Request.
  Time of request: 2026-10-03T01:07:47.2811867Z
  Time since last request: 0.0307691 seconds.
  importAddress: GUID: 4894376b7702cb947983b5d89189d6bf - Path: Assets/Scripts/Environment/GrietaReparacion.cs - Importer: PreviewImporter
Importing 'GUID: 4894376b7702cb947983b5d89189d6bf - Path: Assets/Scripts/Environment/GrietaReparacion.cs - Importer: PreviewImporter' with importer (PreviewImporter)
Imported 'GUID: 4894376b7702cb947983b5d89189d6bf' -> (Import Result ID: '00000000000000000000000000000000') in 0.001 seconds
Import Error Code:(4)
Message: Build asset version error: assets/scripts/environment/grietareparacion.cs in SourceAssetDB has modification time of '2026-10-03T01:06:19.9680304Z' while content on disk has modification time of '2026-10-03T01:06:47.2125Z'
  ERROR: Build asset version error: assets/scripts/environment/grietareparacion.cs in SourceAssetDB has modification time of '2026-10-03T01:06:19.9680304Z' while content on disk has modification time of '2026-10-03T01:06:47.2125Z'
Number of updated asset objects reloaded before import = 0
Number of asset objects unloaded after import = 0
========================================================================
Received Import Request.
  Time of request: 2026-10-03T01:07:47.3121339Z
  Time since last request: 0.0290102 seconds.
  importAddress: GUID: 4894376b7702cb947983b5d89189d6bf - Path: Assets/Scripts/Environment/GrietaReparacion.cs - Importer: PreviewImporter
Importing 'GUID: 4894376b7702cb947983b5d89189d6bf - Path: Assets/Scripts/Environment/GrietaReparacion.cs - Importer: PreviewImporter' with importer (PreviewImporter)
Imported 'GUID: 4894376b7702cb947983b5d89189d6bf' -> (Import Result ID: '00000000000000000000000000000000') in 0.001 seconds
Import Error Code:(4)
Message: Build asset version error: assets/scripts/environment/grietareparacion.cs in SourceAssetDB has modification time of '2026-10-03T01:06:19.9680304Z' while content on disk has modification time of '2026-10-03T01:06:47.2125Z'
  ERROR: Build asset version error: assets/scripts/environment/grietareparacion.cs in SourceAssetDB has modification time of '2026-10-03T01:06:19.9680304Z' while content on disk has modification time of '2026-10-03T01:06:47.2125Z'
Number of updated asset objects reloaded before import = 0
Number of asset objects unloaded after import = 0
========================================================================
Received Import Request.
  Time of request: 2026-10-03T01:07:47.3478611Z
  Time since last request: 0.03315 seconds.
  importAddress: GUID: 4894376b7702cb947983b5d89189d6bf - Path: Assets/Scripts/Environment/GrietaReparacion.cs - Importer: PreviewImporter
Importing 'GUID: 4894376b7702cb947983b5d89189d6bf - Path: Assets/Scripts/Environment/GrietaReparacion.cs - Importer: PreviewImporter' with importer (PreviewImporter)
Imported 'GUID: 4894376b7702cb947983b5d89189d6bf' -> (Import Result ID: '00000000000000000000000000000000') in 0.001 seconds
Import Error Code:(4)
Message: Build asset version error: assets/scripts/environment/grietareparacion.cs in SourceAssetDB has modification time of '2026-10-03T01:06:19.9680304Z' while content on disk has modification time of '2026-10-03T01:06:47.2125Z'
  ERROR: Build asset version error: assets/scripts/environment/grietareparacion.cs in SourceAssetDB has modification time of '2026-10-03T01:06:19.9680304Z' while content on disk has modification time of '2026-10-03T01:06:47.2125Z'
Number of updated asset objects reloaded before import = 0
Number of asset objects unloaded after import = 0
========================================================================
Received Import Request.
  Time of request: 2026-10-03T01:07:47.3924547Z
  Time since last request: 0.0407415 seconds.
  importAddress: GUID: 4894376b7702cb947983b5d89189d6bf - Path: Assets/Scripts/Environment/GrietaReparacion.cs - Importer: PreviewImporter
Importing 'GUID: 4894376b7702cb947983b5d89189d6bf - Path: Assets/Scripts/Environment/GrietaReparacion.cs - Importer: PreviewImporter' with importer (PreviewImporter)
Imported 'GUID: 4894376b7702cb947983b5d89189d6bf' -> (Import Result ID: '00000000000000000000000000000000') in 0.001 seconds
Import Error Code:(4)
Message: Build asset version error: assets/scripts/environment/grietareparacion.cs in SourceAssetDB has modification time of '2026-10-03T01:06:19.9680304Z' while content on disk has modification time of '2026-10-03T01:06:47.2125Z'
  ERROR: Build asset version error: assets/scripts/environment/grietareparacion.cs in SourceAssetDB has modification time of '2026-10-03T01:06:19.9680304Z' while content on disk has modification time of '2026-10-03T01:06:47.2125Z'
Number of updated asset objects reloaded before import = 0
Number of asset objects unloaded after import = 0
========================================================================
Received Import Request.
  Time of request: 2026-10-03T01:07:47.426427Z
  Time since last request: 0.0313786 seconds.
  importAddress: GUID: 4894376b7702cb947983b5d89189d6bf - Path: Assets/Scripts/Environment/GrietaReparacion.cs - Importer: PreviewImporter
Importing 'GUID: 4894376b7702cb947983b5d89189d6bf - Path: Assets/Scripts/Environment/GrietaReparacion.cs - Importer: PreviewImporter' with importer (PreviewImporter)
Imported 'GUID: 4894376b7702cb947983b5d89189d6bf' -> (Import Result ID: '00000000000000000000000000000000') in 0.001 seconds
Import Error Code:(4)
Message: Build asset version error: assets/scripts/environment/grietareparacion.cs in SourceAssetDB has modification time of '2026-10-03T01:06:19.9680304Z' while content on disk has modification time of '2026-10-03T01:06:47.2125Z'
  ERROR: Build asset version error: assets/scripts/environment/grietareparacion.cs in SourceAssetDB has modification time of '2026-10-03T01:06:19.9680304Z' while content on disk has modification time of '2026-10-03T01:06:47.2125Z'
Number of updated asset objects reloaded before import = 0
Number of asset objects unloaded after import = 0
========================================================================
Received Import Request.
  Time of request: 2026-10-03T01:07:47.4609816Z
  Time since last request: 0.0319856 seconds.
  importAddress: GUID: 4894376b7702cb947983b5d89189d6bf - Path: Assets/Scripts/Environment/GrietaReparacion.cs - Importer: PreviewImporter
Importing 'GUID: 4894376b7702cb947983b5d89189d6bf - Path: Assets/Scripts/Environment/GrietaReparacion.cs - Importer: PreviewImporter' with importer (PreviewImporter)
Imported 'GUID: 4894376b7702cb947983b5d89189d6bf' -> (Import Result ID: '00000000000000000000000000000000') in 0.001 seconds
Import Error Code:(4)
Message: Build asset version error: assets/scripts/environment/grietareparacion.cs in SourceAssetDB has modification time of '2026-10-03T01:06:19.9680304Z' while content on disk has modification time of '2026-10-03T01:06:47.2125Z'
  ERROR: Build asset version error: assets/scripts/environment/grietareparacion.cs in SourceAssetDB has modification time of '2026-10-03T01:06:19.9680304Z' while content on disk has modification time of '2026-10-03T01:06:47.2125Z'
Number of updated asset objects reloaded before import = 0
Number of asset objects unloaded after import = 0
========================================================================
Received Import Request.
  Time of request: 2026-10-03T01:07:47.4945784Z
  Time since last request: 0.0310623 seconds.
  importAddress: GUID: 4894376b7702cb947983b5d89189d6bf - Path: Assets/Scripts/Environment/GrietaReparacion.cs - Importer: PreviewImporter
Importing 'GUID: 4894376b7702cb947983b5d89189d6bf - Path: Assets/Scripts/Environment/GrietaReparacion.cs - Importer: PreviewImporter' with importer (PreviewImporter)
Imported 'GUID: 4894376b7702cb947983b5d89189d6bf' -> (Import Result ID: '00000000000000000000000000000000') in 0.001 seconds
Import Error Code:(4)
Message: Build asset version error: assets/scripts/environment/grietareparacion.cs in SourceAssetDB has modification time of '2026-10-03T01:06:19.9680304Z' while content on disk has modification time of '2026-10-03T01:06:47.2125Z'
  ERROR: Build asset version error: assets/scripts/environment/grietareparacion.cs in SourceAssetDB has modification time of '2026-10-03T01:06:19.9680304Z' while content on disk has modification time of '2026-10-03T01:06:47.2125Z'
Number of updated asset objects reloaded before import = 0
Number of asset objects unloaded after import = 0
========================================================================
Received Import Request.
  Time of request: 2026-10-03T01:07:47.525592Z
  Time since last request: 0.0290186 seconds.
  importAddress: GUID: 4894376b7702cb947983b5d89189d6bf - Path: Assets/Scripts/Environment/GrietaReparacion.cs - Importer: PreviewImporter
Importing 'GUID: 4894376b7702cb947983b5d89189d6bf - Path: Assets/Scripts/Environment/GrietaReparacion.cs - Importer: PreviewImporter' with importer (PreviewImporter)
Imported 'GUID: 4894376b7702cb947983b5d89189d6bf' -> (Import Result ID: '00000000000000000000000000000000') in 0.002 seconds
Import Error Code:(4)
Message: Build asset version error: assets/scripts/environment/grietareparacion.cs in SourceAssetDB has modification time of '2026-10-03T01:06:19.9680304Z' while content on disk has modification time of '2026-10-03T01:06:47.2125Z'
  ERROR: Build asset version error: assets/scripts/environment/grietareparacion.cs in SourceAssetDB has modification time of '2026-10-03T01:06:19.9680304Z' while content on disk has modification time of '2026-10-03T01:06:47.2125Z'
Number of updated asset objects reloaded before import = 0
Number of asset objects unloaded after import = 0
========================================================================
Received Import Request.
  Time of request: 2026-10-03T01:07:47.5627065Z
  Time since last request: 0.0342807 seconds.
  importAddress: GUID: 4894376b7702cb947983b5d89189d6bf - Path: Assets/Scripts/Environment/GrietaReparacion.cs - Importer: PreviewImporter
Importing 'GUID: 4894376b7702cb947983b5d89189d6bf - Path: Assets/Scripts/Environment/GrietaReparacion.cs - Importer: PreviewImporter' with importer (PreviewImporter)
Imported 'GUID: 4894376b7702cb947983b5d89189d6bf' -> (Import Result ID: '00000000000000000000000000000000') in 0.002 seconds
Import Error Code:(4)
Message: Build asset version error: assets/scripts/environment/grietareparacion.cs in SourceAssetDB has modification time of '2026-10-03T01:06:19.9680304Z' while content on disk has modification time of '2026-10-03T01:06:47.2125Z'
  ERROR: Build asset version error: assets/scripts/environment/grietareparacion.cs in SourceAssetDB has modification time of '2026-10-03T01:06:19.9680304Z' while content on disk has modification time of '2026-10-03T01:06:47.2125Z'
Number of updated asset objects reloaded before import = 0
Number of asset objects unloaded after import = 0
========================================================================
Received Import Request.
  Time of request: 2026-10-03T01:07:47.6011911Z
  Time since last request: 0.0350739 seconds.
  importAddress: GUID: 4894376b7702cb947983b5d89189d6bf - Path: Assets/Scripts/Environment/GrietaReparacion.cs - Importer: PreviewImporter
Importing 'GUID: 4894376b7702cb947983b5d89189d6bf - Path: Assets/Scripts/Environment/GrietaReparacion.cs - Importer: PreviewImporter' with importer (PreviewImporter)
Imported 'GUID: 4894376b7702cb947983b5d89189d6bf' -> (Import Result ID: '00000000000000000000000000000000') in 0.002 seconds
Import Error Code:(4)
Message: Build asset version error: assets/scripts/environment/grietareparacion.cs in SourceAssetDB has modification time of '2026-10-03T01:06:19.9680304Z' while content on disk has modification time of '2026-10-03T01:06:47.2125Z'
  ERROR: Build asset version error: assets/scripts/environment/grietareparacion.cs in SourceAssetDB has modification time of '2026-10-03T01:06:19.9680304Z' while content on disk has modification time of '2026-10-03T01:06:47.2125Z'
Number of updated asset objects reloaded before import = 0
Number of asset objects unloaded after import = 0
========================================================================
Received Import Request.
  Time of request: 2026-10-03T01:07:47.6418141Z
  Time since last request: 0.0368415 seconds.
  importAddress: GUID: 4894376b7702cb947983b5d89189d6bf - Path: Assets/Scripts/Environment/GrietaReparacion.cs - Importer: PreviewImporter
Importing 'GUID: 4894376b7702cb947983b5d89189d6bf - Path: Assets/Scripts/Environment/GrietaReparacion.cs - Importer: PreviewImporter' with importer (PreviewImporter)
Imported 'GUID: 4894376b7702cb947983b5d89189d6bf' -> (Import Result ID: '00000000000000000000000000000000') in 0.002 seconds
Import Error Code:(4)
Message: Build asset version error: assets/scripts/environment/grietareparacion.cs in SourceAssetDB has modification time of '2026-10-03T01:06:19.9680304Z' while content on disk has modification time of '2026-10-03T01:06:47.2125Z'
  ERROR: Build asset version error: assets/scripts/environment/grietareparacion.cs in SourceAssetDB has modification time of '2026-10-03T01:06:19.9680304Z' while content on disk has modification time of '2026-10-03T01:06:47.2125Z'
Number of updated asset objects reloaded before import = 0
Number of asset objects unloaded after import = 0
========================================================================
Received Import Request.
  Time of request: 2026-10-03T01:07:47.6825199Z
  Time since last request: 0.0367042 seconds.
  importAddress: GUID: 4894376b7702cb947983b5d89189d6bf - Path: Assets/Scripts/Environment/GrietaReparacion.cs - Importer: PreviewImporter
Importing 'GUID: 4894376b7702cb947983b5d89189d6bf - Path: Assets/Scripts/Environment/GrietaReparacion.cs - Importer: PreviewImporter' with importer (PreviewImporter)
Imported 'GUID: 4894376b7702cb947983b5d89189d6bf' -> (Import Result ID: '00000000000000000000000000000000') in 0.002 seconds
Import Error Code:(4)
Message: Build asset version error: assets/scripts/environment/grietareparacion.cs in SourceAssetDB has modification time of '2026-10-03T01:06:19.9680304Z' while content on disk has modification time of '2026-10-03T01:06:47.2125Z'
  ERROR: Build asset version error: assets/scripts/environment/grietareparacion.cs in SourceAssetDB has modification time of '2026-10-03T01:06:19.9680304Z' while content on disk has modification time of '2026-10-03T01:06:47.2125Z'
Number of updated asset objects reloaded before import = 0
Number of asset objects unloaded after import = 0
========================================================================
Received Import Request.
  Time of request: 2026-10-03T01:07:47.7337177Z
  Time since last request: 0.0461785 seconds.
  importAddress: GUID: 4894376b7702cb947983b5d89189d6bf - Path: Assets/Scripts/Environment/GrietaReparacion.cs - Importer: PreviewImporter
Importing 'GUID: 4894376b7702cb947983b5d89189d6bf - Path: Assets/Scripts/Environment/GrietaReparacion.cs - Importer: PreviewImporter' with importer (PreviewImporter)
Imported 'GUID: 4894376b7702cb947983b5d89189d6bf' -> (Import Result ID: '00000000000000000000000000000000') in 0.003 seconds
Import Error Code:(4)
Message: Build asset version error: assets/scripts/environment/grietareparacion.cs in SourceAssetDB has modification time of '2026-10-03T01:06:19.9680304Z' while content on disk has modification time of '2026-10-03T01:06:47.2125Z'
  ERROR: Build asset version error: assets/scripts/environment/grietareparacion.cs in SourceAssetDB has modification time of '2026-10-03T01:06:19.9680304Z' while content on disk has modification time of '2026-10-03T01:06:47.2125Z'
Number of updated asset objects reloaded before import = 0
Number of asset objects unloaded after import = 0
========================================================================
Received Import Request.
  Time of request: 2026-10-03T01:07:47.7806Z
  Time since last request: 0.0417305 seconds.
  importAddress: GUID: 4894376b7702cb947983b5d89189d6bf - Path: Assets/Scripts/Environment/GrietaReparacion.cs - Importer: PreviewImporter
Importing 'GUID: 4894376b7702cb947983b5d89189d6bf - Path: Assets/Scripts/Environment/GrietaReparacion.cs - Importer: PreviewImporter' with importer (PreviewImporter)
Imported 'GUID: 4894376b7702cb947983b5d89189d6bf' -> (Import Result ID: '00000000000000000000000000000000') in 0.002 seconds
Import Error Code:(4)
Message: Build asset version error: assets/scripts/environment/grietareparacion.cs in SourceAssetDB has modification time of '2026-10-03T01:06:19.9680304Z' while content on disk has modification time of '2026-10-03T01:06:47.2125Z'
  ERROR: Build asset version error: assets/scripts/environment/grietareparacion.cs in SourceAssetDB has modification time of '2026-10-03T01:06:19.9680304Z' while content on disk has modification time of '2026-10-03T01:06:47.2125Z'
Number of updated asset objects reloaded before import = 0
Number of asset objects unloaded after import = 0
========================================================================
Received Import Request.
  Time of request: 2026-10-03T01:07:47.8301543Z
  Time since last request: 0.0456248 seconds.
  importAddress: GUID: 4894376b7702cb947983b5d89189d6bf - Path: Assets/Scripts/Environment/GrietaReparacion.cs - Importer: PreviewImporter
Importing 'GUID: 4894376b7702cb947983b5d89189d6bf - Path: Assets/Scripts/Environment/GrietaReparacion.cs - Importer: PreviewImporter' with importer (PreviewImporter)
Imported 'GUID: 4894376b7702cb947983b5d89189d6bf' -> (Import Result ID: '00000000000000000000000000000000') in 0.002 seconds
Import Error Code:(4)
Message: Build asset version error: assets/scripts/environment/grietareparacion.cs in SourceAssetDB has modification time of '2026-10-03T01:06:19.9680304Z' while content on disk has modification time of '2026-10-03T01:06:47.2125Z'
  ERROR: Build asset version error: assets/scripts/environment/grietareparacion.cs in SourceAssetDB has modification time of '2026-10-03T01:06:19.9680304Z' while content on disk has modification time of '2026-10-03T01:06:47.2125Z'
Number of updated asset objects reloaded before import = 0
Number of asset objects unloaded after import = 0
========================================================================
Received Import Request.
  Time of request: 2026-10-03T01:07:47.8657178Z
  Time since last request: 0.0295617 seconds.
  importAddress: GUID: 4894376b7702cb947983b5d89189d6bf - Path: Assets/Scripts/Environment/GrietaReparacion.cs - Importer: PreviewImporter
Importing 'GUID: 4894376b7702cb947983b5d89189d6bf - Path: Assets/Scripts/Environment/GrietaReparacion.cs - Importer: PreviewImporter' with importer (PreviewImporter)
Imported 'GUID: 4894376b7702cb947983b5d89189d6bf' -> (Import Result ID: '00000000000000000000000000000000') in 0.001 seconds
Import Error Code:(4)
Message: Build asset version error: assets/scripts/environment/grietareparacion.cs in SourceAssetDB has modification time of '2026-10-03T01:06:19.9680304Z' while content on disk has modification time of '2026-10-03T01:06:47.2125Z'
  ERROR: Build asset version error: assets/scripts/environment/grietareparacion.cs in SourceAssetDB has modification time of '2026-10-03T01:06:19.9680304Z' while content on disk has modification time of '2026-10-03T01:06:47.2125Z'
Number of updated asset objects reloaded before import = 0
Number of asset objects unloaded after import = 0
========================================================================
Received Import Request.
  Time of request: 2026-10-03T01:07:47.8978139Z
  Time since last request: 0.0297857 seconds.
  importAddress: GUID: 4894376b7702cb947983b5d89189d6bf - Path: Assets/Scripts/Environment/GrietaReparacion.cs - Importer: PreviewImporter
Importing 'GUID: 4894376b7702cb947983b5d89189d6bf - Path: Assets/Scripts/Environment/GrietaReparacion.cs - Importer: PreviewImporter' with importer (PreviewImporter)
Imported 'GUID: 4894376b7702cb947983b5d89189d6bf' -> (Import Result ID: '00000000000000000000000000000000') in 0.001 seconds
Import Error Code:(4)
Message: Build asset version error: assets/scripts/environment/grietareparacion.cs in SourceAssetDB has modification time of '2026-10-03T01:06:19.9680304Z' while content on disk has modification time of '2026-10-03T01:06:47.2125Z'
  ERROR: Build asset version error: assets/scripts/environment/grietareparacion.cs in SourceAssetDB has modification time of '2026-10-03T01:06:19.9680304Z' while content on disk has modification time of '2026-10-03T01:06:47.2125Z'
Number of updated asset objects reloaded before import = 0
Number of asset objects unloaded after import = 0
========================================================================
Received Import Request.
  Time of request: 2026-10-03T01:07:47.929387Z
  Time since last request: 0.0296188 seconds.
  importAddress: GUID: 4894376b7702cb947983b5d89189d6bf - Path: Assets/Scripts/Environment/GrietaReparacion.cs - Importer: PreviewImporter
Importing 'GUID: 4894376b7702cb947983b5d89189d6bf - Path: Assets/Scripts/Environment/GrietaReparacion.cs - Importer: PreviewImporter' with importer (PreviewImporter)
Imported 'GUID: 4894376b7702cb947983b5d89189d6bf' -> (Import Result ID: '00000000000000000000000000000000') in 0.001 seconds
Import Error Code:(4)
Message: Build asset version error: assets/scripts/environment/grietareparacion.cs in SourceAssetDB has modification time of '2026-10-03T01:06:19.9680304Z' while content on disk has modification time of '2026-10-03T01:06:47.2125Z'
  ERROR: Build asset version error: assets/scripts/environment/grietareparacion.cs in SourceAssetDB has modification time of '2026-10-03T01:06:19.9680304Z' while content on disk has modification time of '2026-10-03T01:06:47.2125Z'
Number of updated asset objects reloaded before import = 0
Number of asset objects unloaded after import = 0
========================================================================
Received Import Request.
  Time of request: 2026-10-03T01:07:47.9656538Z
  Time since last request: 0.0336392 seconds.
  importAddress: GUID: 4894376b7702cb947983b5d89189d6bf - Path: Assets/Scripts/Environment/GrietaReparacion.cs - Importer: PreviewImporter
Importing 'GUID: 4894376b7702cb947983b5d89189d6bf - Path: Assets/Scripts/Environment/GrietaReparacion.cs - Importer: PreviewImporter' with importer (PreviewImporter)
Imported 'GUID: 4894376b7702cb947983b5d89189d6bf' -> (Import Result ID: '00000000000000000000000000000000') in 0.002 seconds
Import Error Code:(4)
Message: Build asset version error: assets/scripts/environment/grietareparacion.cs in SourceAssetDB has modification time of '2026-10-03T01:06:19.9680304Z' while content on disk has modification time of '2026-10-03T01:06:47.2125Z'
  ERROR: Build asset version error: assets/scripts/environment/grietareparacion.cs in SourceAssetDB has modification time of '2026-10-03T01:06:19.9680304Z' while content on disk has modification time of '2026-10-03T01:06:47.2125Z'
Number of updated asset objects reloaded before import = 0
Number of asset objects unloaded after import = 0
========================================================================
Received Import Request.
  Time of request: 2026-10-03T01:07:48.0047652Z
  Time since last request: 0.0352074 seconds.
  importAddress: GUID: 4894376b7702cb947983b5d89189d6bf - Path: Assets/Scripts/Environment/GrietaReparacion.cs - Importer: PreviewImporter
Importing 'GUID: 4894376b7702cb947983b5d89189d6bf - Path: Assets/Scripts/Environment/GrietaReparacion.cs - Importer: PreviewImporter' with importer (PreviewImporter)
Imported 'GUID: 4894376b7702cb947983b5d89189d6bf' -> (Import Result ID: '00000000000000000000000000000000') in 0.002 seconds
Import Error Code:(4)
Message: Build asset version error: assets/scripts/environment/grietareparacion.cs in SourceAssetDB has modification time of '2026-10-03T01:06:19.9680304Z' while content on disk has modification time of '2026-10-03T01:06:47.2125Z'
  ERROR: Build asset version error: assets/scripts/environment/grietareparacion.cs in SourceAssetDB has modification time of '2026-10-03T01:06:19.9680304Z' while content on disk has modification time of '2026-10-03T01:06:47.2125Z'
Number of updated asset objects reloaded before import = 0
Number of asset objects unloaded after import = 0
========================================================================
Received Import Request.
  Time of request: 2026-10-03T01:07:48.0407376Z
  Time since last request: 0.0319304 seconds.
  importAddress: GUID: 4894376b7702cb947983b5d89189d6bf - Path: Assets/Scripts/Environment/GrietaReparacion.cs - Importer: PreviewImporter
Importing 'GUID: 4894376b7702cb947983b5d89189d6bf - Path: Assets/Scripts/Environment/GrietaReparacion.cs - Importer: PreviewImporter' with importer (PreviewImporter)
Imported 'GUID: 4894376b7702cb947983b5d89189d6bf' -> (Import Result ID: '00000000000000000000000000000000') in 0.001 seconds
Import Error Code:(4)
Message: Build asset version error: assets/scripts/environment/grietareparacion.cs in SourceAssetDB has modification time of '2026-10-03T01:06:19.9680304Z' while content on disk has modification time of '2026-10-03T01:06:47.2125Z'
  ERROR: Build asset version error: assets/scripts/environment/grietareparacion.cs in SourceAssetDB has modification time of '2026-10-03T01:06:19.9680304Z' while content on disk has modification time of '2026-10-03T01:06:47.2125Z'
Number of updated asset objects reloaded before import = 0
Number of asset objects unloaded after import = 0
========================================================================
Received Import Request.
  Time of request: 2026-10-03T01:07:48.0837566Z
  Time since last request: 0.0403374 seconds.
  importAddress: GUID: 4894376b7702cb947983b5d89189d6bf - Path: Assets/Scripts/Environment/GrietaReparacion.cs - Importer: PreviewImporter
Importing 'GUID: 4894376b7702cb947983b5d89189d6bf - Path: Assets/Scripts/Environment/GrietaReparacion.cs - Importer: PreviewImporter' with importer (PreviewImporter)
Imported 'GUID: 4894376b7702cb947983b5d89189d6bf' -> (Import Result ID: '00000000000000000000000000000000') in 0.002 seconds
Import Error Code:(4)
Message: Build asset version error: assets/scripts/environment/grietareparacion.cs in SourceAssetDB has modification time of '2026-10-03T01:06:19.9680304Z' while content on disk has modification time of '2026-10-03T01:06:47.2125Z'
  ERROR: Build asset version error: assets/scripts/environment/grietareparacion.cs in SourceAssetDB has modification time of '2026-10-03T01:06:19.9680304Z' while content on disk has modification time of '2026-10-03T01:06:47.2125Z'
Number of updated asset objects reloaded before import = 0
Number of asset objects unloaded after import = 0
========================================================================
Received Import Request.
  Time of request: 2026-10-03T01:07:48.1200733Z
  Time since last request: 0.0296797 seconds.
  importAddress: GUID: 4894376b7702cb947983b5d89189d6bf - Path: Assets/Scripts/Environment/GrietaReparacion.cs - Importer: PreviewImporter
Importing 'GUID: 4894376b7702cb947983b5d89189d6bf - Path: Assets/Scripts/Environment/GrietaReparacion.cs - Importer: PreviewImporter' with importer (PreviewImporter)
Imported 'GUID: 4894376b7702cb947983b5d89189d6bf' -> (Import Result ID: '00000000000000000000000000000000') in 0.001 seconds
Import Error Code:(4)
Message: Build asset version error: assets/scripts/environment/grietareparacion.cs in SourceAssetDB has modification time of '2026-10-03T01:06:19.9680304Z' while content on disk has modification time of '2026-10-03T01:06:47.2125Z'
  ERROR: Build asset version error: assets/scripts/environment/grietareparacion.cs in SourceAssetDB has modification time of '2026-10-03T01:06:19.9680304Z' while content on disk has modification time of '2026-10-03T01:06:47.2125Z'
Number of updated asset objects reloaded before import = 0
Number of asset objects unloaded after import = 0
========================================================================
Received Import Request.
  Time of request: 2026-10-03T01:07:48.1576694Z
  Time since last request: 0.0338252 seconds.
  importAddress: GUID: 4894376b7702cb947983b5d89189d6bf - Path: Assets/Scripts/Environment/GrietaReparacion.cs - Importer: PreviewImporter
Importing 'GUID: 4894376b7702cb947983b5d89189d6bf - Path: Assets/Scripts/Environment/GrietaReparacion.cs - Importer: PreviewImporter' with importer (PreviewImporter)
Imported 'GUID: 4894376b7702cb947983b5d89189d6bf' -> (Import Result ID: '00000000000000000000000000000000') in 0.001 seconds
Import Error Code:(4)
Message: Build asset version error: assets/scripts/environment/grietareparacion.cs in SourceAssetDB has modification time of '2026-10-03T01:06:19.9680304Z' while content on disk has modification time of '2026-10-03T01:06:47.2125Z'
  ERROR: Build asset version error: assets/scripts/environment/grietareparacion.cs in SourceAssetDB has modification time of '2026-10-03T01:06:19.9680304Z' while content on disk has modification time of '2026-10-03T01:06:47.2125Z'
Number of updated asset objects reloaded before import = 0
Number of asset objects unloaded after import = 0
========================================================================
Received Import Request.
  Time of request: 2026-10-03T01:07:48.1952314Z
  Time since last request: 0.0345156 seconds.
  importAddress: GUID: 4894376b7702cb947983b5d89189d6bf - Path: Assets/Scripts/Environment/GrietaReparacion.cs - Importer: PreviewImporter
Importing 'GUID: 4894376b7702cb947983b5d89189d6bf - Path: Assets/Scripts/Environment/GrietaReparacion.cs - Importer: PreviewImporter' with importer (PreviewImporter)
Imported 'GUID: 4894376b7702cb947983b5d89189d6bf' -> (Import Result ID: '00000000000000000000000000000000') in 0.002 seconds
Import Error Code:(4)
Message: Build asset version error: assets/scripts/environment/grietareparacion.cs in SourceAssetDB has modification time of '2026-10-03T01:06:19.9680304Z' while content on disk has modification time of '2026-10-03T01:06:47.2125Z'
  ERROR: Build asset version error: assets/scripts/environment/grietareparacion.cs in SourceAssetDB has modification time of '2026-10-03T01:06:19.9680304Z' while content on disk has modification time of '2026-10-03T01:06:47.2125Z'
Number of updated asset objects reloaded before import = 0
Number of asset objects unloaded after import = 0
========================================================================
Received Import Request.
  Time of request: 2026-10-03T01:07:48.2347428Z
  Time since last request: 0.035345 seconds.
  importAddress: GUID: 4894376b7702cb947983b5d89189d6bf - Path: Assets/Scripts/Environment/GrietaReparacion.cs - Importer: PreviewImporter
Importing 'GUID: 4894376b7702cb947983b5d89189d6bf - Path: Assets/Scripts/Environment/GrietaReparacion.cs - Importer: PreviewImporter' with importer (PreviewImporter)
Imported 'GUID: 4894376b7702cb947983b5d89189d6bf' -> (Import Result ID: '00000000000000000000000000000000') in 0.002 seconds
Import Error Code:(4)
Message: Build asset version error: assets/scripts/environment/grietareparacion.cs in SourceAssetDB has modification time of '2026-10-03T01:06:19.9680304Z' while content on disk has modification time of '2026-10-03T01:06:47.2125Z'
  ERROR: Build asset version error: assets/scripts/environment/grietareparacion.cs in SourceAssetDB has modification time of '2026-10-03T01:06:19.9680304Z' while content on disk has modification time of '2026-10-03T01:06:47.2125Z'
Number of updated asset objects reloaded before import = 0
Number of asset objects unloaded after import = 0
========================================================================
Received Import Request.
  Time of request: 2026-10-03T01:07:48.2827284Z
  Time since last request: 0.0449438 seconds.
  importAddress: GUID: 4894376b7702cb947983b5d89189d6bf - Path: Assets/Scripts/Environment/GrietaReparacion.cs - Importer: PreviewImporter
Importing 'GUID: 4894376b7702cb947983b5d89189d6bf - Path: Assets/Scripts/Environment/GrietaReparacion.cs - Importer: PreviewImporter' with importer (PreviewImporter)
Imported 'GUID: 4894376b7702cb947983b5d89189d6bf' -> (Import Result ID: '00000000000000000000000000000000') in 0.003 seconds
Import Error Code:(4)
Message: Build asset version error: assets/scripts/environment/grietareparacion.cs in SourceAssetDB has modification time of '2026-10-03T01:06:19.9680304Z' while content on disk has modification time of '2026-10-03T01:06:47.2125Z'
  ERROR: Build asset version error: assets/scripts/environment/grietareparacion.cs in SourceAssetDB has modification time of '2026-10-03T01:06:19.9680304Z' while content on disk has modification time of '2026-10-03T01:06:47.2125Z'
Number of updated asset objects reloaded before import = 0
Number of asset objects unloaded after import = 0
========================================================================
Received Import Request.
  Time of request: 2026-10-03T01:07:48.347027Z
  Time since last request: 0.053264 seconds.
  importAddress: GUID: 4894376b7702cb947983b5d89189d6bf - Path: Assets/Scripts/Environment/GrietaReparacion.cs - Importer: PreviewImporter
Importing 'GUID: 4894376b7702cb947983b5d89189d6bf - Path: Assets/Scripts/Environment/GrietaReparacion.cs - Importer: PreviewImporter' with importer (PreviewImporter)
Imported 'GUID: 4894376b7702cb947983b5d89189d6bf' -> (Import Result ID: '00000000000000000000000000000000') in 0.003 seconds
Import Error Code:(4)
Message: Build asset version error: assets/scripts/environment/grietareparacion.cs in SourceAssetDB has modification time of '2026-10-03T01:06:19.9680304Z' while content on disk has modification time of '2026-10-03T01:06:47.2125Z'
  ERROR: Build asset version error: assets/scripts/environment/grietareparacion.cs in SourceAssetDB has modification time of '2026-10-03T01:06:19.9680304Z' while content on disk has modification time of '2026-10-03T01:06:47.2125Z'
Number of updated asset objects reloaded before import = 0
Number of asset objects unloaded after import = 0
========================================================================
Received Import Request.
  Time of request: 2026-10-03T01:07:48.4091786Z
  Time since last request: 0.0547515 seconds.
  importAddress: GUID: 4894376b7702cb947983b5d89189d6bf - Path: Assets/Scripts/Environment/GrietaReparacion.cs - Importer: PreviewImporter
Importing 'GUID: 4894376b7702cb947983b5d89189d6bf - Path: Assets/Scripts/Environment/GrietaReparacion.cs - Importer: PreviewImporter' with importer (PreviewImporter)
Imported 'GUID: 4894376b7702cb947983b5d89189d6bf' -> (Import Result ID: '00000000000000000000000000000000') in 0.002 seconds
Import Error Code:(4)
Message: Build asset version error: assets/scripts/environment/grietareparacion.cs in SourceAssetDB has modification time of '2026-10-03T01:06:19.9680304Z' while content on disk has modification time of '2026-10-03T01:06:47.2125Z'
  ERROR: Build asset version error: assets/scripts/environment/grietareparacion.cs in SourceAssetDB has modification time of '2026-10-03T01:06:19.9680304Z' while content on disk has modification time of '2026-10-03T01:06:47.2125Z'
Number of updated asset objects reloaded before import = 0
Number of asset objects unloaded after import = 0
========================================================================
Received Import Request.
  Time of request: 2026-10-03T01:07:48.4541256Z
  Time since last request: 0.0400014 seconds.
  importAddress: GUID: 4894376b7702cb947983b5d89189d6bf - Path: Assets/Scripts/Environment/GrietaReparacion.cs - Importer: PreviewImporter
Importing 'GUID: 4894376b7702cb947983b5d89189d6bf - Path: Assets/Scripts/Environment/GrietaReparacion.cs - Importer: PreviewImporter' with importer (PreviewImporter)
Imported 'GUID: 4894376b7702cb947983b5d89189d6bf' -> (Import Result ID: '00000000000000000000000000000000') in 0.002 seconds
Import Error Code:(4)
Message: Build asset version error: assets/scripts/environment/grietareparacion.cs in SourceAssetDB has modification time of '2026-10-03T01:06:19.9680304Z' while content on disk has modification time of '2026-10-03T01:06:47.2125Z'
  ERROR: Build asset version error: assets/scripts/environment/grietareparacion.cs in SourceAssetDB has modification time of '2026-10-03T01:06:19.9680304Z' while content on disk has modification time of '2026-10-03T01:06:47.2125Z'
Number of updated asset objects reloaded before import = 0
Number of asset objects unloaded after import = 0
========================================================================
Received Import Request.
  Time of request: 2026-10-03T01:07:48.4972894Z
  Time since last request: 0.0400616 seconds.
  importAddress: GUID: 4894376b7702cb947983b5d89189d6bf - Path: Assets/Scripts/Environment/GrietaReparacion.cs - Importer: PreviewImporter
Importing 'GUID: 4894376b7702cb947983b5d89189d6bf - Path: Assets/Scripts/Environment/GrietaReparacion.cs - Importer: PreviewImporter' with importer (PreviewImporter)
Imported 'GUID: 4894376b7702cb947983b5d89189d6bf' -> (Import Result ID: '00000000000000000000000000000000') in 0.001 seconds
Import Error Code:(4)
Message: Build asset version error: assets/scripts/environment/grietareparacion.cs in SourceAssetDB has modification time of '2026-10-03T01:06:19.9680304Z' while content on disk has modification time of '2026-10-03T01:06:47.2125Z'
  ERROR: Build asset version error: assets/scripts/environment/grietareparacion.cs in SourceAssetDB has modification time of '2026-10-03T01:06:19.9680304Z' while content on disk has modification time of '2026-10-03T01:06:47.2125Z'
Number of updated asset objects reloaded before import = 0
Number of asset objects unloaded after import = 0
========================================================================
Received Import Request.
  Time of request: 2026-10-03T01:07:48.5421403Z
  Time since last request: 0.0419069 seconds.
  importAddress: GUID: 4894376b7702cb947983b5d89189d6bf - Path: Assets/Scripts/Environment/GrietaReparacion.cs - Importer: PreviewImporter
Importing 'GUID: 4894376b7702cb947983b5d89189d6bf - Path: Assets/Scripts/Environment/GrietaReparacion.cs - Importer: PreviewImporter' with importer (PreviewImporter)
Imported 'GUID: 4894376b7702cb947983b5d89189d6bf' -> (Import Result ID: '00000000000000000000000000000000') in 0.002 seconds
Import Error Code:(4)
Message: Build asset version error: assets/scripts/environment/grietareparacion.cs in SourceAssetDB has modification time of '2026-10-03T01:06:19.9680304Z' while content on disk has modification time of '2026-10-03T01:06:47.2125Z'
  ERROR: Build asset version error: assets/scripts/environment/grietareparacion.cs in SourceAssetDB has modification time of '2026-10-03T01:06:19.9680304Z' while content on disk has modification time of '2026-10-03T01:06:47.2125Z'
Number of updated asset objects reloaded before import = 0
Number of asset objects unloaded after import = 0
========================================================================
Received Import Request.
  Time of request: 2026-10-03T01:07:48.5831615Z
  Time since last request: 0.0351539 seconds.
  importAddress: GUID: 4894376b7702cb947983b5d89189d6bf - Path: Assets/Scripts/Environment/GrietaReparacion.cs - Importer: PreviewImporter
Importing 'GUID: 4894376b7702cb947983b5d89189d6bf - Path: Assets/Scripts/Environment/GrietaReparacion.cs - Importer: PreviewImporter' with importer (PreviewImporter)
Imported 'GUID: 4894376b7702cb947983b5d89189d6bf' -> (Import Result ID: '00000000000000000000000000000000') in 0.001 seconds
Import Error Code:(4)
Message: Build asset version error: assets/scripts/environment/grietareparacion.cs in SourceAssetDB has modification time of '2026-10-03T01:06:19.9680304Z' while content on disk has modification time of '2026-10-03T01:06:47.2125Z'
  ERROR: Build asset version error: assets/scripts/environment/grietareparacion.cs in SourceAssetDB has modification time of '2026-10-03T01:06:19.9680304Z' while content on disk has modification time of '2026-10-03T01:06:47.2125Z'
Number of updated asset objects reloaded before import = 0
Number of asset objects unloaded after import = 0
========================================================================
Received Import Request.
  Time of request: 2026-10-03T01:07:48.6210739Z
  Time since last request: 0.0351737 seconds.
  importAddress: GUID: 4894376b7702cb947983b5d89189d6bf - Path: Assets/Scripts/Environment/GrietaReparacion.cs - Importer: PreviewImporter
Importing 'GUID: 4894376b7702cb947983b5d89189d6bf - Path: Assets/Scripts/Environment/GrietaReparacion.cs - Importer: PreviewImporter' with importer (PreviewImporter)
Imported 'GUID: 4894376b7702cb947983b5d89189d6bf' -> (Import Result ID: '00000000000000000000000000000000') in 0.001 seconds
Import Error Code:(4)
Message: Build asset version error: assets/scripts/environment/grietareparacion.cs in SourceAssetDB has modification time of '2026-10-03T01:06:19.9680304Z' while content on disk has modification time of '2026-10-03T01:06:47.2125Z'
  ERROR: Build asset version error: assets/scripts/environment/grietareparacion.cs in SourceAssetDB has modification time of '2026-10-03T01:06:19.9680304Z' while content on disk has modification time of '2026-10-03T01:06:47.2125Z'
Number of updated asset objects reloaded before import = 0
Number of asset objects unloaded after import = 0
========================================================================
Received Import Request.
  Time of request: 2026-10-03T01:07:48.6759484Z
  Time since last request: 0.0518823 seconds.
  importAddress: GUID: 4894376b7702cb947983b5d89189d6bf - Path: Assets/Scripts/Environment/GrietaReparacion.cs - Importer: PreviewImporter
Importing 'GUID: 4894376b7702cb947983b5d89189d6bf - Path: Assets/Scripts/Environment/GrietaReparacion.cs - Importer: PreviewImporter' with importer (PreviewImporter)
Imported 'GUID: 4894376b7702cb947983b5d89189d6bf' -> (Import Result ID: '00000000000000000000000000000000') in 0.001 seconds
Import Error Code:(4)
Message: Build asset version error: assets/scripts/environment/grietareparacion.cs in SourceAssetDB has modification time of '2026-10-03T01:06:19.9680304Z' while content on disk has modification time of '2026-10-03T01:06:47.2125Z'
  ERROR: Build asset version error: assets/scripts/environment/grietareparacion.cs in SourceAssetDB has modification time of '2026-10-03T01:06:19.9680304Z' while content on disk has modification time of '2026-10-03T01:06:47.2125Z'
Number of updated asset objects reloaded before import = 0
Number of asset objects unloaded after import = 0
========================================================================
Received Import Request.
  Time of request: 2026-10-03T01:07:48.7163001Z
  Time since last request: 0.0377368 seconds.
  importAddress: GUID: 4894376b7702cb947983b5d89189d6bf - Path: Assets/Scripts/Environment/GrietaReparacion.cs - Importer: PreviewImporter
Importing 'GUID: 4894376b7702cb947983b5d89189d6bf - Path: Assets/Scripts/Environment/GrietaReparacion.cs - Importer: PreviewImporter' with importer (PreviewImporter)
Imported 'GUID: 4894376b7702cb947983b5d89189d6bf' -> (Import Result ID: '00000000000000000000000000000000') in 0.002 seconds
Import Error Code:(4)
Message: Build asset version error: assets/scripts/environment/grietareparacion.cs in SourceAssetDB has modification time of '2026-10-03T01:06:19.9680304Z' while content on disk has modification time of '2026-10-03T01:06:47.2125Z'
  ERROR: Build asset version error: assets/scripts/environment/grietareparacion.cs in SourceAssetDB has modification time of '2026-10-03T01:06:19.9680304Z' while content on disk has modification time of '2026-10-03T01:06:47.2125Z'
Number of updated asset objects reloaded before import = 0
Number of asset objects unloaded after import = 0
========================================================================
Received Import Request.
  Time of request: 2026-10-03T01:07:48.7624671Z
  Time since last request: 0.04035 seconds.
  importAddress: GUID: 4894376b7702cb947983b5d89189d6bf - Path: Assets/Scripts/Environment/GrietaReparacion.cs - Importer: PreviewImporter
Importing 'GUID: 4894376b7702cb947983b5d89189d6bf - Path: Assets/Scripts/Environment/GrietaReparacion.cs - Importer: PreviewImporter' with importer (PreviewImporter)
Imported 'GUID: 4894376b7702cb947983b5d89189d6bf' -> (Import Result ID: '00000000000000000000000000000000') in 0.001 seconds
Import Error Code:(4)
Message: Build asset version error: assets/scripts/environment/grietareparacion.cs in SourceAssetDB has modification time of '2026-10-03T01:06:19.9680304Z' while content on disk has modification time of '2026-10-03T01:06:47.2125Z'
  ERROR: Build asset version error: assets/scripts/environment/grietareparacion.cs in SourceAssetDB has modification time of '2026-10-03T01:06:19.9680304Z' while content on disk has modification time of '2026-10-03T01:06:47.2125Z'
Number of updated asset objects reloaded before import = 0
Number of asset objects unloaded after import = 0
========================================================================
Received Import Request.
  Time of request: 2026-10-03T01:07:48.809685Z
  Time since last request: 0.0440062 seconds.
  importAddress: GUID: 4894376b7702cb947983b5d89189d6bf - Path: Assets/Scripts/Environment/GrietaReparacion.cs - Importer: PreviewImporter
Importing 'GUID: 4894376b7702cb947983b5d89189d6bf - Path: Assets/Scripts/Environment/GrietaReparacion.cs - Importer: PreviewImporter' with importer (PreviewImporter)
Imported 'GUID: 4894376b7702cb947983b5d89189d6bf' -> (Import Result ID: '00000000000000000000000000000000') in 0.001 seconds
Import Error Code:(4)
Message: Build asset version error: assets/scripts/environment/grietareparacion.cs in SourceAssetDB has modification time of '2026-10-03T01:06:19.9680304Z' while content on disk has modification time of '2026-10-03T01:06:47.2125Z'
  ERROR: Build asset version error: assets/scripts/environment/grietareparacion.cs in SourceAssetDB has modification time of '2026-10-03T01:06:19.9680304Z' while content on disk has modification time of '2026-10-03T01:06:47.2125Z'
Number of updated asset objects reloaded before import = 0
Number of asset objects unloaded after import = 0
========================================================================
Received Import Request.
  Time of request: 2026-10-03T01:07:48.8558284Z
  Time since last request: 0.0428386 seconds.
  importAddress: GUID: 4894376b7702cb947983b5d89189d6bf - Path: Assets/Scripts/Environment/GrietaReparacion.cs - Importer: PreviewImporter
Importing 'GUID: 4894376b7702cb947983b5d89189d6bf - Path: Assets/Scripts/Environment/GrietaReparacion.cs - Importer: PreviewImporter' with importer (PreviewImporter)
Imported 'GUID: 4894376b7702cb947983b5d89189d6bf' -> (Import Result ID: '00000000000000000000000000000000') in 0.004 seconds
Import Error Code:(4)
Message: Build asset version error: assets/scripts/environment/grietareparacion.cs in SourceAssetDB has modification time of '2026-10-03T01:06:19.9680304Z' while content on disk has modification time of '2026-10-03T01:06:47.2125Z'
  ERROR: Build asset version error: assets/scripts/environment/grietareparacion.cs in SourceAssetDB has modification time of '2026-10-03T01:06:19.9680304Z' while content on disk has modification time of '2026-10-03T01:06:47.2125Z'
Number of updated asset objects reloaded before import = 0
Number of asset objects unloaded after import = 0
========================================================================
Received Import Request.
  Time of request: 2026-10-03T01:07:49.0236998Z
  Time since last request: 0.162652 seconds.
  importAddress: GUID: 4894376b7702cb947983b5d89189d6bf - Path: Assets/Scripts/Environment/GrietaReparacion.cs - Importer: PreviewImporter
Importing 'GUID: 4894376b7702cb947983b5d89189d6bf - Path: Assets/Scripts/Environment/GrietaReparacion.cs - Importer: PreviewImporter' with importer (PreviewImporter)
Imported 'GUID: 4894376b7702cb947983b5d89189d6bf' -> (Import Result ID: '00000000000000000000000000000000') in 0.003 seconds
Import Error Code:(4)
Message: Build asset version error: assets/scripts/environment/grietareparacion.cs in SourceAssetDB has modification time of '2026-10-03T01:06:19.9680304Z' while content on disk has modification time of '2026-10-03T01:06:47.2125Z'
  ERROR: Build asset version error: assets/scripts/environment/grietareparacion.cs in SourceAssetDB has modification time of '2026-10-03T01:06:19.9680304Z' while content on disk has modification time of '2026-10-03T01:06:47.2125Z'
Number of updated asset objects reloaded before import = 0
Number of asset objects unloaded after import = 0
========================================================================
Received Import Request.
  Time of request: 2026-10-03T01:07:49.0956147Z
  Time since last request: 0.0032436 seconds.
  importAddress: GUID: 4894376b7702cb947983b5d89189d6bf - Path: Assets/Scripts/Environment/GrietaReparacion.cs - Importer: PreviewImporter
Importing 'GUID: 4894376b7702cb947983b5d89189d6bf - Path: Assets/Scripts/Environment/GrietaReparacion.cs - Importer: PreviewImporter' with importer (PreviewImporter)
Imported 'GUID: 4894376b7702cb947983b5d89189d6bf' -> (Import Result ID: '00000000000000000000000000000000') in 0.001 seconds
Import Error Code:(4)
Message: Build asset version error: assets/scripts/environment/grietareparacion.cs in SourceAssetDB has modification time of '2026-10-03T01:06:19.9680304Z' while content on disk has modification time of '2026-10-03T01:06:47.2125Z'
  ERROR: Build asset version error: assets/scripts/environment/grietareparacion.cs in SourceAssetDB has modification time of '2026-10-03T01:06:19.9680304Z' while content on disk has modification time of '2026-10-03T01:06:47.2125Z'
Number of updated asset objects reloaded before import = 0
Number of asset objects unloaded after import = 0
========================================================================
Received Import Request.
  Time of request: 2026-10-03T01:07:49.1154543Z
  Time since last request: 0.0171018 seconds.
  importAddress: GUID: 4894376b7702cb947983b5d89189d6bf - Path: Assets/Scripts/Environment/GrietaReparacion.cs - Importer: PreviewImporter
Importing 'GUID: 4894376b7702cb947983b5d89189d6bf - Path: Assets/Scripts/Environment/GrietaReparacion.cs - Importer: PreviewImporter' with importer (PreviewImporter)
Imported 'GUID: 4894376b7702cb947983b5d89189d6bf' -> (Import Result ID: '00000000000000000000000000000000') in 0.006 seconds
Import Error Code:(4)
Message: Build asset version error: assets/scripts/environment/grietareparacion.cs in SourceAssetDB has modification time of '2026-10-03T01:06:19.9680304Z' while content on disk has modification time of '2026-10-03T01:06:47.2125Z'
  ERROR: Build asset version error: assets/scripts/environment/grietareparacion.cs in SourceAssetDB has modification time of '2026-10-03T01:06:19.9680304Z' while content on disk has modification time of '2026-10-03T01:06:47.2125Z'
Number of updated asset objects reloaded before import = 0
Number of asset objects unloaded after import = 0
========================================================================
Received Import Request.
  Time of request: 2026-10-03T01:07:49.1655503Z
  Time since last request: 0.037518 seconds.
  importAddress: GUID: 4894376b7702cb947983b5d89189d6bf - Path: Assets/Scripts/Environment/GrietaReparacion.cs - Importer: PreviewImporter
Importing 'GUID: 4894376b7702cb947983b5d89189d6bf - Path: Assets/Scripts/Environment/GrietaReparacion.cs - Importer: PreviewImporter' with importer (PreviewImporter)
Imported 'GUID: 4894376b7702cb947983b5d89189d6bf' -> (Import Result ID: '00000000000000000000000000000000') in 0.005 seconds
Import Error Code:(4)
Message: Build asset version error: assets/scripts/environment/grietareparacion.cs in SourceAssetDB has modification time of '2026-10-03T01:06:19.9680304Z' while content on disk has modification time of '2026-10-03T01:06:47.2125Z'
  ERROR: Build asset version error: assets/scripts/environment/grietareparacion.cs in SourceAssetDB has modification time of '2026-10-03T01:06:19.9680304Z' while content on disk has modification time of '2026-10-03T01:06:47.2125Z'
Number of updated asset objects reloaded before import = 0
Number of asset objects unloaded after import = 0
========================================================================
Received Import Request.
  Time of request: 2026-10-03T01:07:49.2114559Z
  Time since last request: 0.038198 seconds.
  importAddress: GUID: 4894376b7702cb947983b5d89189d6bf - Path: Assets/Scripts/Environment/GrietaReparacion.cs - Importer: PreviewImporter
Importing 'GUID: 4894376b7702cb947983b5d89189d6bf - Path: Assets/Scripts/Environment/GrietaReparacion.cs - Importer: PreviewImporter' with importer (PreviewImporter)
Imported 'GUID: 4894376b7702cb947983b5d89189d6bf' -> (Import Result ID: '00000000000000000000000000000000') in 0.001 seconds
Import Error Code:(4)
Message: Build asset version error: assets/scripts/environment/grietareparacion.cs in SourceAssetDB has modification time of '2026-10-03T01:06:19.9680304Z' while content on disk has modification time of '2026-10-03T01:06:47.2125Z'
  ERROR: Build asset version error: assets/scripts/environment/grietareparacion.cs in SourceAssetDB has modification time of '2026-10-03T01:06:19.9680304Z' while content on disk has modification time of '2026-10-03T01:06:47.2125Z'
Number of updated asset objects reloaded before import = 0
Number of asset objects unloaded after import = 0
========================================================================
Received Import Request.
  Time of request: 2026-10-03T01:07:49.2882498Z
  Time since last request: 0.0736782 seconds.
  importAddress: GUID: 4894376b7702cb947983b5d89189d6bf - Path: Assets/Scripts/Environment/GrietaReparacion.cs - Importer: PreviewImporter
Importing 'GUID: 4894376b7702cb947983b5d89189d6bf - Path: Assets/Scripts/Environment/GrietaReparacion.cs - Importer: PreviewImporter' with importer (PreviewImporter)
Imported 'GUID: 4894376b7702cb947983b5d89189d6bf' -> (Import Result ID: '00000000000000000000000000000000') in 0.001 seconds
Import Error Code:(4)
Message: Build asset version error: assets/scripts/environment/grietareparacion.cs in SourceAssetDB has modification time of '2026-10-03T01:06:19.9680304Z' while content on disk has modification time of '2026-10-03T01:06:47.2125Z'
  ERROR: Build asset version error: assets/scripts/environment/grietareparacion.cs in SourceAssetDB has modification time of '2026-10-03T01:06:19.9680304Z' while content on disk has modification time of '2026-10-03T01:06:47.2125Z'
Number of updated asset objects reloaded before import = 0
Number of asset objects unloaded after import = 0
========================================================================
Received Import Request.
  Time of request: 2026-10-03T01:07:49.3269493Z
  Time since last request: 0.0345419 seconds.
  importAddress: GUID: 4894376b7702cb947983b5d89189d6bf - Path: Assets/Scripts/Environment/GrietaReparacion.cs - Importer: PreviewImporter
Importing 'GUID: 4894376b7702cb947983b5d89189d6bf - Path: Assets/Scripts/Environment/GrietaReparacion.cs - Importer: PreviewImporter' with importer (PreviewImporter)
Imported 'GUID: 4894376b7702cb947983b5d89189d6bf' -> (Import Result ID: '00000000000000000000000000000000') in 0.001 seconds
Import Error Code:(4)
Message: Build asset version error: assets/scripts/environment/grietareparacion.cs in SourceAssetDB has modification time of '2026-10-03T01:06:19.9680304Z' while content on disk has modification time of '2026-10-03T01:06:47.2125Z'
  ERROR: Build asset version error: assets/scripts/environment/grietareparacion.cs in SourceAssetDB has modification time of '2026-10-03T01:06:19.9680304Z' while content on disk has modification time of '2026-10-03T01:06:47.2125Z'
Number of updated asset objects reloaded before import = 0
Number of asset objects unloaded after import = 0
========================================================================
Received Import Request.
  Time of request: 2026-10-03T01:07:49.3611375Z
  Time since last request: 0.0315901 seconds.
  importAddress: GUID: 4894376b7702cb947983b5d89189d6bf - Path: Assets/Scripts/Environment/GrietaReparacion.cs - Importer: PreviewImporter
Importing 'GUID: 4894376b7702cb947983b5d89189d6bf - Path: Assets/Scripts/Environment/GrietaReparacion.cs - Importer: PreviewImporter' with importer (PreviewImporter)
Imported 'GUID: 4894376b7702cb947983b5d89189d6bf' -> (Import Result ID: '00000000000000000000000000000000') in 0.001 seconds
Import Error Code:(4)
Message: Build asset version error: assets/scripts/environment/grietareparacion.cs in SourceAssetDB has modification time of '2026-10-03T01:06:19.9680304Z' while content on disk has modification time of '2026-10-03T01:06:47.2125Z'
  ERROR: Build asset version error: assets/scripts/environment/grietareparacion.cs in SourceAssetDB has modification time of '2026-10-03T01:06:19.9680304Z' while content on disk has modification time of '2026-10-03T01:06:47.2125Z'
Number of updated asset objects reloaded before import = 0
Number of asset objects unloaded after import = 0
========================================================================
Received Import Request.
  Time of request: 2026-10-03T01:07:49.3963183Z
  Time since last request: 0.0324684 seconds.
  importAddress: GUID: 4894376b7702cb947983b5d89189d6bf - Path: Assets/Scripts/Environment/GrietaReparacion.cs - Importer: PreviewImporter
Importing 'GUID: 4894376b7702cb947983b5d89189d6bf - Path: Assets/Scripts/Environment/GrietaReparacion.cs - Importer: PreviewImporter' with importer (PreviewImporter)
Imported 'GUID: 4894376b7702cb947983b5d89189d6bf' -> (Import Result ID: '00000000000000000000000000000000') in 0.001 seconds
Import Error Code:(4)
Message: Build asset version error: assets/scripts/environment/grietareparacion.cs in SourceAssetDB has modification time of '2026-10-03T01:06:19.9680304Z' while content on disk has modification time of '2026-10-03T01:06:47.2125Z'
  ERROR: Build asset version error: assets/scripts/environment/grietareparacion.cs in SourceAssetDB has modification time of '2026-10-03T01:06:19.9680304Z' while content on disk has modification time of '2026-10-03T01:06:47.2125Z'
Number of updated asset objects reloaded before import = 0
Number of asset objects unloaded after import = 0
========================================================================
Received Import Request.
  Time of request: 2026-10-03T01:07:49.4328405Z
  Time since last request: 0.0344182 seconds.
  importAddress: GUID: 4894376b7702cb947983b5d89189d6bf - Path: Assets/Scripts/Environment/GrietaReparacion.cs - Importer: PreviewImporter
Importing 'GUID: 4894376b7702cb947983b5d89189d6bf - Path: Assets/Scripts/Environment/GrietaReparacion.cs - Importer: PreviewImporter' with importer (PreviewImporter)
Imported 'GUID: 4894376b7702cb947983b5d89189d6bf' -> (Import Result ID: '00000000000000000000000000000000') in 0.002 seconds
Import Error Code:(4)
Message: Build asset version error: assets/scripts/environment/grietareparacion.cs in SourceAssetDB has modification time of '2026-10-03T01:06:19.9680304Z' while content on disk has modification time of '2026-10-03T01:06:47.2125Z'
  ERROR: Build asset version error: assets/scripts/environment/grietareparacion.cs in SourceAssetDB has modification time of '2026-10-03T01:06:19.9680304Z' while content on disk has modification time of '2026-10-03T01:06:47.2125Z'
Number of updated asset objects reloaded before import = 0
Number of asset objects unloaded after import = 0
========================================================================
Received Import Request.
  Time of request: 2026-10-03T01:07:49.4742266Z
  Time since last request: 0.0375867 seconds.
  importAddress: GUID: 4894376b7702cb947983b5d89189d6bf - Path: Assets/Scripts/Environment/GrietaReparacion.cs - Importer: PreviewImporter
Importing 'GUID: 4894376b7702cb947983b5d89189d6bf - Path: Assets/Scripts/Environment/GrietaReparacion.cs - Importer: PreviewImporter' with importer (PreviewImporter)
Imported 'GUID: 4894376b7702cb947983b5d89189d6bf' -> (Import Result ID: '00000000000000000000000000000000') in 0.001 seconds
Import Error Code:(4)
Message: Build asset version error: assets/scripts/environment/grietareparacion.cs in SourceAssetDB has modification time of '2026-10-03T01:06:19.9680304Z' while content on disk has modification time of '2026-10-03T01:06:47.2125Z'
  ERROR: Build asset version error: assets/scripts/environment/grietareparacion.cs in SourceAssetDB has modification time of '2026-10-03T01:06:19.9680304Z' while content on disk has modification time of '2026-10-03T01:06:47.2125Z'
Number of updated asset objects reloaded before import = 0
Number of asset objects unloaded after import = 0
========================================================================
Received Import Request.
  Time of request: 2026-10-03T01:07:49.5159473Z
  Time since last request: 0.0393721 seconds.
  importAddress: GUID: 4894376b7702cb947983b5d89189d6bf - Path: Assets/Scripts/Environment/GrietaReparacion.cs - Importer: PreviewImporter
Importing 'GUID: 4894376b7702cb947983b5d89189d6bf - Path: Assets/Scripts/Environment/GrietaReparacion.cs - Importer: PreviewImporter' with importer (PreviewImporter)
Imported 'GUID: 4894376b7702cb947983b5d89189d6bf' -> (Import Result ID: '00000000000000000000000000000000') in 0.003 seconds
Import Error Code:(4)
Message: Build asset version error: assets/scripts/environment/grietareparacion.cs in SourceAssetDB has modification time of '2026-10-03T01:06:19.9680304Z' while content on disk has modification time of '2026-10-03T01:06:47.2125Z'
  ERROR: Build asset version error: assets/scripts/environment/grietareparacion.cs in SourceAssetDB has modification time of '2026-10-03T01:06:19.9680304Z' while content on disk has modification time of '2026-10-03T01:06:47.2125Z'
Number of updated asset objects reloaded before import = 0
Number of asset objects unloaded after import = 0
========================================================================
Received Import Request.
  Time of request: 2026-10-03T01:07:49.5623245Z
  Time since last request: 0.0419667 seconds.
  importAddress: GUID: 4894376b7702cb947983b5d89189d6bf - Path: Assets/Scripts/Environment/GrietaReparacion.cs - Importer: PreviewImporter
Importing 'GUID: 4894376b7702cb947983b5d89189d6bf - Path: Assets/Scripts/Environment/GrietaReparacion.cs - Importer: PreviewImporter' with importer (PreviewImporter)
Imported 'GUID: 4894376b7702cb947983b5d89189d6bf' -> (Import Result ID: '00000000000000000000000000000000') in 0.002 seconds
Import Error Code:(4)
Message: Build asset version error: assets/scripts/environment/grietareparacion.cs in SourceAssetDB has modification time of '2026-10-03T01:06:19.9680304Z' while content on disk has modification time of '2026-10-03T01:06:47.2125Z'
  ERROR: Build asset version error: assets/scripts/environment/grietareparacion.cs in SourceAssetDB has modification time of '2026-10-03T01:06:19.9680304Z' while content on disk has modification time of '2026-10-03T01:06:47.2125Z'
Number of updated asset objects reloaded before import = 0
Number of asset objects unloaded after import = 0
========================================================================
Received Import Request.
  Time of request: 2026-10-03T01:07:49.6196314Z
  Time since last request: 0.0528432 seconds.
  importAddress: GUID: 4894376b7702cb947983b5d89189d6bf - Path: Assets/Scripts/Environment/GrietaReparacion.cs - Importer: PreviewImporter
Importing 'GUID: 4894376b7702cb947983b5d89189d6bf - Path: Assets/Scripts/Environment/GrietaReparacion.cs - Importer: PreviewImporter' with importer (PreviewImporter)
Imported 'GUID: 4894376b7702cb947983b5d89189d6bf' -> (Import Result ID: '00000000000000000000000000000000') in 0.002 seconds
Import Error Code:(4)
Message: Build asset version error: assets/scripts/environment/grietareparacion.cs in SourceAssetDB has modification time of '2026-10-03T01:06:19.9680304Z' while content on disk has modification time of '2026-10-03T01:06:47.2125Z'
  ERROR: Build asset version error: assets/scripts/environment/grietareparacion.cs in SourceAssetDB has modification time of '2026-10-03T01:06:19.9680304Z' while content on disk has modification time of '2026-10-03T01:06:47.2125Z'
Number of updated asset objects reloaded before import = 0
Number of asset objects unloaded after import = 0
========================================================================
Received Import Request.
  Time of request: 2026-10-03T01:07:49.6798698Z
  Time since last request: 0.0547155 seconds.
  importAddress: GUID: 4894376b7702cb947983b5d89189d6bf - Path: Assets/Scripts/Environment/GrietaReparacion.cs - Importer: PreviewImporter
Importing 'GUID: 4894376b7702cb947983b5d89189d6bf - Path: Assets/Scripts/Environment/GrietaReparacion.cs - Importer: PreviewImporter' with importer (PreviewImporter)
Imported 'GUID: 4894376b7702cb947983b5d89189d6bf' -> (Import Result ID: '00000000000000000000000000000000') in 0.002 seconds
Import Error Code:(4)
Message: Build asset version error: assets/scripts/environment/grietareparacion.cs in SourceAssetDB has modification time of '2026-10-03T01:06:19.9680304Z' while content on disk has modification time of '2026-10-03T01:06:47.2125Z'
  ERROR: Build asset version error: assets/scripts/environment/grietareparacion.cs in SourceAssetDB has modification time of '2026-10-03T01:06:19.9680304Z' while content on disk has modification time of '2026-10-03T01:06:47.2125Z'
Number of updated asset objects reloaded before import = 0
Number of asset objects unloaded after import = 0
========================================================================
Received Import Request.
  Time of request: 2026-10-03T01:07:49.7381971Z
  Time since last request: 0.0540023 seconds.
  importAddress: GUID: 4894376b7702cb947983b5d89189d6bf - Path: Assets/Scripts/Environment/GrietaReparacion.cs - Importer: PreviewImporter
Importing 'GUID: 4894376b7702cb947983b5d89189d6bf - Path: Assets/Scripts/Environment/GrietaReparacion.cs - Importer: PreviewImporter' with importer (PreviewImporter)
Imported 'GUID: 4894376b7702cb947983b5d89189d6bf' -> (Import Result ID: '00000000000000000000000000000000') in 0.002 seconds
Import Error Code:(4)
Message: Build asset version error: assets/scripts/environment/grietareparacion.cs in SourceAssetDB has modification time of '2026-10-03T01:06:19.9680304Z' while content on disk has modification time of '2026-10-03T01:06:47.2125Z'
  ERROR: Build asset version error: assets/scripts/environment/grietareparacion.cs in SourceAssetDB has modification time of '2026-10-03T01:06:19.9680304Z' while content on disk has modification time of '2026-10-03T01:06:47.2125Z'
Number of updated asset objects reloaded before import = 0
Number of asset objects unloaded after import = 0
========================================================================
Received Import Request.
  Time of request: 2026-10-03T01:07:49.7820829Z
  Time since last request: 0.0396715 seconds.
  importAddress: GUID: 4894376b7702cb947983b5d89189d6bf - Path: Assets/Scripts/Environment/GrietaReparacion.cs - Importer: PreviewImporter
Importing 'GUID: 4894376b7702cb947983b5d89189d6bf - Path: Assets/Scripts/Environment/GrietaReparacion.cs - Importer: PreviewImporter' with importer (PreviewImporter)
Imported 'GUID: 4894376b7702cb947983b5d89189d6bf' -> (Import Result ID: '00000000000000000000000000000000') in 0.001 seconds
Import Error Code:(4)
Message: Build asset version error: assets/scripts/environment/grietareparacion.cs in SourceAssetDB has modification time of '2026-10-03T01:06:19.9680304Z' while content on disk has modification time of '2026-10-03T01:06:47.2125Z'
  ERROR: Build asset version error: assets/scripts/environment/grietareparacion.cs in SourceAssetDB has modification time of '2026-10-03T01:06:19.9680304Z' while content on disk has modification time of '2026-10-03T01:06:47.2125Z'
Number of updated asset objects reloaded before import = 0
Number of asset objects unloaded after import = 0
========================================================================
Received Import Request.
  Time of request: 2026-10-03T01:07:49.8196043Z
  Time since last request: 0.0348787 seconds.
  importAddress: GUID: 4894376b7702cb947983b5d89189d6bf - Path: Assets/Scripts/Environment/GrietaReparacion.cs - Importer: PreviewImporter
Importing 'GUID: 4894376b7702cb947983b5d89189d6bf - Path: Assets/Scripts/Environment/GrietaReparacion.cs - Importer: PreviewImporter' with importer (PreviewImporter)
Imported 'GUID: 4894376b7702cb947983b5d89189d6bf' -> (Import Result ID: '00000000000000000000000000000000') in 0.001 seconds
Import Error Code:(4)
Message: Build asset version error: assets/scripts/environment/grietareparacion.cs in SourceAssetDB has modification time of '2026-10-03T01:06:19.9680304Z' while content on disk has modification time of '2026-10-03T01:06:47.2125Z'
  ERROR: Build asset version error: assets/scripts/environment/grietareparacion.cs in SourceAssetDB has modification time of '2026-10-03T01:06:19.9680304Z' while content on disk has modification time of '2026-10-03T01:06:47.2125Z'
Number of updated asset objects reloaded before import = 0
Number of asset objects unloaded after import = 0
========================================================================
Received Import Request.
  Time of request: 2026-10-03T01:07:49.8581537Z
  Time since last request: 0.0356867 seconds.
  importAddress: GUID: 4894376b7702cb947983b5d89189d6bf - Path: Assets/Scripts/Environment/GrietaReparacion.cs - Importer: PreviewImporter
Importing 'GUID: 4894376b7702cb947983b5d89189d6bf - Path: Assets/Scripts/Environment/GrietaReparacion.cs - Importer: PreviewImporter' with importer (PreviewImporter)
Imported 'GUID: 4894376b7702cb947983b5d89189d6bf' -> (Import Result ID: '00000000000000000000000000000000') in 0.001 seconds
Import Error Code:(4)
Message: Build asset version error: assets/scripts/environment/grietareparacion.cs in SourceAssetDB has modification time of '2026-10-03T01:06:19.9680304Z' while content on disk has modification time of '2026-10-03T01:06:47.2125Z'
  ERROR: Build asset version error: assets/scripts/environment/grietareparacion.cs in SourceAssetDB has modification time of '2026-10-03T01:06:19.9680304Z' while content on disk has modification time of '2026-10-03T01:06:47.2125Z'
Number of updated asset objects reloaded before import = 0
Number of asset objects unloaded after import = 0
========================================================================
Received Import Request.
  Time of request: 2026-10-03T01:07:49.896239Z
  Time since last request: 0.0356856 seconds.
  importAddress: GUID: 4894376b7702cb947983b5d89189d6bf - Path: Assets/Scripts/Environment/GrietaReparacion.cs - Importer: PreviewImporter
Importing 'GUID: 4894376b7702cb947983b5d89189d6bf - Path: Assets/Scripts/Environment/GrietaReparacion.cs - Importer: PreviewImporter' with importer (PreviewImporter)
Imported 'GUID: 4894376b7702cb947983b5d89189d6bf' -> (Import Result ID: '00000000000000000000000000000000') in 0.001 seconds
Import Error Code:(4)
Message: Build asset version error: assets/scripts/environment/grietareparacion.cs in SourceAssetDB has modification time of '2026-10-03T01:06:19.9680304Z' while content on disk has modification time of '2026-10-03T01:06:47.2125Z'
  ERROR: Build asset version error: assets/scripts/environment/grietareparacion.cs in SourceAssetDB has modification time of '2026-10-03T01:06:19.9680304Z' while content on disk has modification time of '2026-10-03T01:06:47.2125Z'
Number of updated asset objects reloaded before import = 0
Number of asset objects unloaded after import = 0
========================================================================
Received Import Request.
  Time of request: 2026-10-03T01:07:49.9330938Z
  Time since last request: 0.0343672 seconds.
  importAddress: GUID: 4894376b7702cb947983b5d89189d6bf - Path: Assets/Scripts/Environment/GrietaReparacion.cs - Importer: PreviewImporter
Importing 'GUID: 4894376b7702cb947983b5d89189d6bf - Path: Assets/Scripts/Environment/GrietaReparacion.cs - Importer: PreviewImporter' with importer (PreviewImporter)
Imported 'GUID: 4894376b7702cb947983b5d89189d6bf' -> (Import Result ID: '00000000000000000000000000000000') in 0.002 seconds
Import Error Code:(4)
Message: Build asset version error: assets/scripts/environment/grietareparacion.cs in SourceAssetDB has modification time of '2026-10-03T01:06:19.9680304Z' while content on disk has modification time of '2026-10-03T01:06:47.2125Z'
  ERROR: Build asset version error: assets/scripts/environment/grietareparacion.cs in SourceAssetDB has modification time of '2026-10-03T01:06:19.9680304Z' while content on disk has modification time of '2026-10-03T01:06:47.2125Z'
Number of updated asset objects reloaded before import = 0
Number of asset objects unloaded after import = 0
========================================================================
Received Import Request.
  Time of request: 2026-10-03T01:07:49.9748014Z
  Time since last request: 0.0380575 seconds.
  importAddress: GUID: 4894376b7702cb947983b5d89189d6bf - Path: Assets/Scripts/Environment/GrietaReparacion.cs - Importer: PreviewImporter
Importing 'GUID: 4894376b7702cb947983b5d89189d6bf - Path: Assets/Scripts/Environment/GrietaReparacion.cs - Importer: PreviewImporter' with importer (PreviewImporter)
Imported 'GUID: 4894376b7702cb947983b5d89189d6bf' -> (Import Result ID: '00000000000000000000000000000000') in 0.001 seconds
Import Error Code:(4)
Message: Build asset version error: assets/scripts/environment/grietareparacion.cs in SourceAssetDB has modification time of '2026-10-03T01:06:19.9680304Z' while content on disk has modification time of '2026-10-03T01:06:47.2125Z'
  ERROR: Build asset version error: assets/scripts/environment/grietareparacion.cs in SourceAssetDB has modification time of '2026-10-03T01:06:19.9680304Z' while content on disk has modification time of '2026-10-03T01:06:47.2125Z'
Number of updated asset objects reloaded before import = 0
Number of asset objects unloaded after import = 0
========================================================================
Received Import Request.
  Time of request: 2026-10-03T01:07:50.0114206Z
  Time since last request: 0.0340339 seconds.
  importAddress: GUID: 4894376b7702cb947983b5d89189d6bf - Path: Assets/Scripts/Environment/GrietaReparacion.cs - Importer: PreviewImporter
Importing 'GUID: 4894376b7702cb947983b5d89189d6bf - Path: Assets/Scripts/Environment/GrietaReparacion.cs - Importer: PreviewImporter' with importer (PreviewImporter)
Imported 'GUID: 4894376b7702cb947983b5d89189d6bf' -> (Import Result ID: '00000000000000000000000000000000') in 0.002 seconds
Import Error Code:(4)
Message: Build asset version error: assets/scripts/environment/grietareparacion.cs in SourceAssetDB has modification time of '2026-10-03T01:06:19.9680304Z' while content on disk has modification time of '2026-10-03T01:06:47.2125Z'
  ERROR: Build asset version error: assets/scripts/environment/grietareparacion.cs in SourceAssetDB has modification time of '2026-10-03T01:06:19.9680304Z' while content on disk has modification time of '2026-10-03T01:06:47.2125Z'
Number of updated asset objects reloaded before import = 0
Number of asset objects unloaded after import = 0
========================================================================
Received Import Request.
  Time of request: 2026-10-03T01:07:50.0533625Z
  Time since last request: 0.0384996 seconds.
  importAddress: GUID: 4894376b7702cb947983b5d89189d6bf - Path: Assets/Scripts/Environment/GrietaReparacion.cs - Importer: PreviewImporter
Importing 'GUID: 4894376b7702cb947983b5d89189d6bf - Path: Assets/Scripts/Environment/GrietaReparacion.cs - Importer: PreviewImporter' with importer (PreviewImporter)
Imported 'GUID: 4894376b7702cb947983b5d89189d6bf' -> (Import Result ID: '00000000000000000000000000000000') in 0.001 seconds
Import Error Code:(4)
Message: Build asset version error: assets/scripts/environment/grietareparacion.cs in SourceAssetDB has modification time of '2026-10-03T01:06:19.9680304Z' while content on disk has modification time of '2026-10-03T01:06:47.2125Z'
  ERROR: Build asset version error: assets/scripts/environment/grietareparacion.cs in SourceAssetDB has modification time of '2026-10-03T01:06:19.9680304Z' while content on disk has modification time of '2026-10-03T01:06:47.2125Z'
Number of updated asset objects reloaded before import = 0
Number of asset objects unloaded after import = 0
========================================================================
Received Import Request.
  Time of request: 2026-10-03T01:07:50.0921141Z
  Time since last request: 0.0358904 seconds.
  importAddress: GUID: 4894376b7702cb947983b5d89189d6bf - Path: Assets/Scripts/Environment/GrietaReparacion.cs - Importer: PreviewImporter
Importing 'GUID: 4894376b7702cb947983b5d89189d6bf - Path: Assets/Scripts/Environment/GrietaReparacion.cs - Importer: PreviewImporter' with importer (PreviewImporter)
Imported 'GUID: 4894376b7702cb947983b5d89189d6bf' -> (Import Result ID: '00000000000000000000000000000000') in 0.002 seconds
Import Error Code:(4)
Message: Build asset version error: assets/scripts/environment/grietareparacion.cs in SourceAssetDB has modification time of '2026-10-03T01:06:19.9680304Z' while content on disk has modification time of '2026-10-03T01:06:47.2125Z'
  ERROR: Build asset version error: assets/scripts/environment/grietareparacion.cs in SourceAssetDB has modification time of '2026-10-03T01:06:19.9680304Z' while content on disk has modification time of '2026-10-03T01:06:47.2125Z'
Number of updated asset objects reloaded before import = 0
Number of asset objects unloaded after import = 0
========================================================================
Received Import Request.
  Time of request: 2026-10-03T01:07:50.1261273Z
  Time since last request: 0.0311431 seconds.
  importAddress: GUID: 4894376b7702cb947983b5d89189d6bf - Path: Assets/Scripts/Environment/GrietaReparacion.cs - Importer: PreviewImporter
Importing 'GUID: 4894376b7702cb947983b5d89189d6bf - Path: Assets/Scripts/Environment/GrietaReparacion.cs - Importer: PreviewImporter' with importer (PreviewImporter)
Imported 'GUID: 4894376b7702cb947983b5d89189d6bf' -> (Import Result ID: '00000000000000000000000000000000') in 0.001 seconds
Import Error Code:(4)
Message: Build asset version error: assets/scripts/environment/grietareparacion.cs in SourceAssetDB has modification time of '2026-10-03T01:06:19.9680304Z' while content on disk has modification time of '2026-10-03T01:06:47.2125Z'
  ERROR: Build asset version error: assets/scripts/environment/grietareparacion.cs in SourceAssetDB has modification time of '2026-10-03T01:06:19.9680304Z' while content on disk has modification time of '2026-10-03T01:06:47.2125Z'
Number of updated asset objects reloaded before import = 0
Number of asset objects unloaded after import = 0
========================================================================
Received Import Request.
  Time of request: 2026-10-03T01:07:50.159619Z
  Time since last request: 0.0312363 seconds.
  importAddress: GUID: 4894376b7702cb947983b5d89189d6bf - Path: Assets/Scripts/Environment/GrietaReparacion.cs - Importer: PreviewImporter
Importing 'GUID: 4894376b7702cb947983b5d89189d6bf - Path: Assets/Scripts/Environment/GrietaReparacion.cs - Importer: PreviewImporter' with importer (PreviewImporter)
Imported 'GUID: 4894376b7702cb947983b5d89189d6bf' -> (Import Result ID: '00000000000000000000000000000000') in 0.001 seconds
Import Error Code:(4)
Message: Build asset version error: assets/scripts/environment/grietareparacion.cs in SourceAssetDB has modification time of '2026-10-03T01:06:19.9680304Z' while content on disk has modification time of '2026-10-03T01:06:47.2125Z'
  ERROR: Build asset version error: assets/scripts/environment/grietareparacion.cs in SourceAssetDB has modification time of '2026-10-03T01:06:19.9680304Z' while content on disk has modification time of '2026-10-03T01:06:47.2125Z'
Number of updated asset objects reloaded before import = 0
Number of asset objects unloaded after import = 0
========================================================================
Received Import Request.
  Time of request: 2026-10-03T01:07:50.1913661Z
  Time since last request: 0.0295333 seconds.
  importAddress: GUID: 4894376b7702cb947983b5d89189d6bf - Path: Assets/Scripts/Environment/GrietaReparacion.cs - Importer: PreviewImporter
Importing 'GUID: 4894376b7702cb947983b5d89189d6bf - Path: Assets/Scripts/Environment/GrietaReparacion.cs - Importer: PreviewImporter' with importer (PreviewImporter)
Imported 'GUID: 4894376b7702cb947983b5d89189d6bf' -> (Import Result ID: '00000000000000000000000000000000') in 0.001 seconds
Import Error Code:(4)
Message: Build asset version error: assets/scripts/environment/grietareparacion.cs in SourceAssetDB has modification time of '2026-10-03T01:06:19.9680304Z' while content on disk has modification time of '2026-10-03T01:06:47.2125Z'
  ERROR: Build asset version error: assets/scripts/environment/grietareparacion.cs in SourceAssetDB has modification time of '2026-10-03T01:06:19.9680304Z' while content on disk has modification time of '2026-10-03T01:06:47.2125Z'
Number of updated asset objects reloaded before import = 0
Number of asset objects unloaded after import = 0
========================================================================
Received Import Request.
  Time of request: 2026-10-03T01:07:50.2224866Z
  Time since last request: 0.0287895 seconds.
  importAddress: GUID: 4894376b7702cb947983b5d89189d6bf - Path: Assets/Scripts/Environment/GrietaReparacion.cs - Importer: PreviewImporter
Importing 'GUID: 4894376b7702cb947983b5d89189d6bf - Path: Assets/Scripts/Environment/GrietaReparacion.cs - Importer: PreviewImporter' with importer (PreviewImporter)
Imported 'GUID: 4894376b7702cb947983b5d89189d6bf' -> (Import Result ID: '00000000000000000000000000000000') in 0.001 seconds
Import Error Code:(4)
Message: Build asset version error: assets/scripts/environment/grietareparacion.cs in SourceAssetDB has modification time of '2026-10-03T01:06:19.9680304Z' while content on disk has modification time of '2026-10-03T01:06:47.2125Z'
  ERROR: Build asset version error: assets/scripts/environment/grietareparacion.cs in SourceAssetDB has modification time of '2026-10-03T01:06:19.9680304Z' while content on disk has modification time of '2026-10-03T01:06:47.2125Z'
Number of updated asset objects reloaded before import = 0
Number of asset objects unloaded after import = 0
========================================================================
Received Import Request.
  Time of request: 2026-10-03T01:07:50.2539065Z
  Time since last request: 0.0291449 seconds.
  importAddress: GUID: 4894376b7702cb947983b5d89189d6bf - Path: Assets/Scripts/Environment/GrietaReparacion.cs - Importer: PreviewImporter
Importing 'GUID: 4894376b7702cb947983b5d89189d6bf - Path: Assets/Scripts/Environment/GrietaReparacion.cs - Importer: PreviewImporter' with importer (PreviewImporter)
Imported 'GUID: 4894376b7702cb947983b5d89189d6bf' -> (Import Result ID: '00000000000000000000000000000000') in 0.001 seconds
Import Error Code:(4)
Message: Build asset version error: assets/scripts/environment/grietareparacion.cs in SourceAssetDB has modification time of '2026-10-03T01:06:19.9680304Z' while content on disk has modification time of '2026-10-03T01:06:47.2125Z'
  ERROR: Build asset version error: assets/scripts/environment/grietareparacion.cs in SourceAssetDB has modification time of '2026-10-03T01:06:19.9680304Z' while content on disk has modification time of '2026-10-03T01:06:47.2125Z'
Number of updated asset objects reloaded before import = 0
Number of asset objects unloaded after import = 0
========================================================================
Received Import Request.
  Time of request: 2026-10-03T01:07:50.2942951Z
  Time since last request: 0.0379299 seconds.
  importAddress: GUID: 4894376b7702cb947983b5d89189d6bf - Path: Assets/Scripts/Environment/GrietaReparacion.cs - Importer: PreviewImporter
Importing 'GUID: 4894376b7702cb947983b5d89189d6bf - Path: Assets/Scripts/Environment/GrietaReparacion.cs - Importer: PreviewImporter' with importer (PreviewImporter)
Imported 'GUID: 4894376b7702cb947983b5d89189d6bf' -> (Import Result ID: '00000000000000000000000000000000') in 0.002 seconds
Import Error Code:(4)
Message: Build asset version error: assets/scripts/environment/grietareparacion.cs in SourceAssetDB has modification time of '2026-10-03T01:06:19.9680304Z' while content on disk has modification time of '2026-10-03T01:06:47.2125Z'
  ERROR: Build asset version error: assets/scripts/environment/grietareparacion.cs in SourceAssetDB has modification time of '2026-10-03T01:06:19.9680304Z' while content on disk has modification time of '2026-10-03T01:06:47.2125Z'
Number of updated asset objects reloaded before import = 0
Number of asset objects unloaded after import = 0
========================================================================
Received Import Request.
  Time of request: 2026-10-03T01:07:50.3448219Z
  Time since last request: 0.0472858 seconds.
  importAddress: GUID: 4894376b7702cb947983b5d89189d6bf - Path: Assets/Scripts/Environment/GrietaReparacion.cs - Importer: PreviewImporter
Importing 'GUID: 4894376b7702cb947983b5d89189d6bf - Path: Assets/Scripts/Environment/GrietaReparacion.cs - Importer: PreviewImporter' with importer (PreviewImporter)
Imported 'GUID: 4894376b7702cb947983b5d89189d6bf' -> (Import Result ID: '00000000000000000000000000000000') in 0.002 seconds
Import Error Code:(4)
Message: Build asset version error: assets/scripts/environment/grietareparacion.cs in SourceAssetDB has modification time of '2026-10-03T01:06:19.9680304Z' while content on disk has modification time of '2026-10-03T01:06:47.2125Z'
  ERROR: Build asset version error: assets/scripts/environment/grietareparacion.cs in SourceAssetDB has modification time of '2026-10-03T01:06:19.9680304Z' while content on disk has modification time of '2026-10-03T01:06:47.2125Z'
Number of updated asset objects reloaded before import = 0
Number of asset objects unloaded after import = 0
========================================================================
Received Import Request.
  Time of request: 2026-10-03T01:07:50.3973532Z
  Time since last request: 0.047055 seconds.
  importAddress: GUID: 4894376b7702cb947983b5d89189d6bf - Path: Assets/Scripts/Environment/GrietaReparacion.cs - Importer: PreviewImporter
Importing 'GUID: 4894376b7702cb947983b5d89189d6bf - Path: Assets/Scripts/Environment/GrietaReparacion.cs - Importer: PreviewImporter' with importer (PreviewImporter)
Imported 'GUID: 4894376b7702cb947983b5d89189d6bf' -> (Import Result ID: '00000000000000000000000000000000') in 0.002 seconds
Import Error Code:(4)
Message: Build asset version error: assets/scripts/environment/grietareparacion.cs in SourceAssetDB has modification time of '2026-10-03T01:06:19.9680304Z' while content on disk has modification time of '2026-10-03T01:06:47.2125Z'
  ERROR: Build asset version error: assets/scripts/environment/grietareparacion.cs in SourceAssetDB has modification time of '2026-10-03T01:06:19.9680304Z' while content on disk has modification time of '2026-10-03T01:06:47.2125Z'
Number of updated asset objects reloaded before import = 0
Number of asset objects unloaded after import = 0
========================================================================
Received Import Request.
  Time of request: 2026-10-03T01:07:50.4412797Z
  Time since last request: 0.0372506 seconds.
  importAddress: GUID: 4894376b7702cb947983b5d89189d6bf - Path: Assets/Scripts/Environment/GrietaReparacion.cs - Importer: PreviewImporter
Importing 'GUID: 4894376b7702cb947983b5d89189d6bf - Path: Assets/Scripts/Environment/GrietaReparacion.cs - Importer: PreviewImporter' with importer (PreviewImporter)
Imported 'GUID: 4894376b7702cb947983b5d89189d6bf' -> (Import Result ID: '00000000000000000000000000000000') in 0.001 seconds
Import Error Code:(4)
Message: Build asset version error: assets/scripts/environment/grietareparacion.cs in SourceAssetDB has modification time of '2026-10-03T01:06:19.9680304Z' while content on disk has modification time of '2026-10-03T01:06:47.2125Z'
  ERROR: Build asset version error: assets/scripts/environment/grietareparacion.cs in SourceAssetDB has modification time of '2026-10-03T01:06:19.9680304Z' while content on disk has modification time of '2026-10-03T01:06:47.2125Z'
Number of updated asset objects reloaded before import = 0
Number of asset objects unloaded after import = 0
========================================================================
Received Import Request.
  Time of request: 2026-10-03T01:07:50.4703078Z
  Time since last request: 0.0270651 seconds.
  importAddress: GUID: 4894376b7702cb947983b5d89189d6bf - Path: Assets/Scripts/Environment/GrietaReparacion.cs - Importer: PreviewImporter
Importing 'GUID: 4894376b7702cb947983b5d89189d6bf - Path: Assets/Scripts/Environment/GrietaReparacion.cs - Importer: PreviewImporter' with importer (PreviewImporter)
Imported 'GUID: 4894376b7702cb947983b5d89189d6bf' -> (Import Result ID: '00000000000000000000000000000000') in 0.001 seconds
Import Error Code:(4)
Message: Build asset version error: assets/scripts/environment/grietareparacion.cs in SourceAssetDB has modification time of '2026-10-03T01:06:19.9680304Z' while content on disk has modification time of '2026-10-03T01:06:47.2125Z'
  ERROR: Build asset version error: assets/scripts/environment/grietareparacion.cs in SourceAssetDB has modification time of '2026-10-03T01:06:19.9680304Z' while content on disk has modification time of '2026-10-03T01:06:47.2125Z'
Number of updated asset objects reloaded before import = 0
Number of asset objects unloaded after import = 0
========================================================================
Received Import Request.
  Time of request: 2026-10-03T01:07:50.5012058Z
  Time since last request: 0.0286319 seconds.
  importAddress: GUID: 4894376b7702cb947983b5d89189d6bf - Path: Assets/Scripts/Environment/GrietaReparacion.cs - Importer: PreviewImporter
Importing 'GUID: 4894376b7702cb947983b5d89189d6bf - Path: Assets/Scripts/Environment/GrietaReparacion.cs - Importer: PreviewImporter' with importer (PreviewImporter)
Imported 'GUID: 4894376b7702cb947983b5d89189d6bf' -> (Import Result ID: '00000000000000000000000000000000') in 0.002 seconds
Import Error Code:(4)
Message: Build asset version error: assets/scripts/environment/grietareparacion.cs in SourceAssetDB has modification time of '2026-10-03T01:06:19.9680304Z' while content on disk has modification time of '2026-10-03T01:06:47.2125Z'
  ERROR: Build asset version error: assets/scripts/environment/grietareparacion.cs in SourceAssetDB has modification time of '2026-10-03T01:06:19.9680304Z' while content on disk has modification time of '2026-10-03T01:06:47.2125Z'
Number of updated asset objects reloaded before import = 0
Number of asset objects unloaded after import = 0
========================================================================
Received Import Request.
  Time of request: 2026-10-03T01:07:50.5365831Z
  Time since last request: 0.0323065 seconds.
  importAddress: GUID: 4894376b7702cb947983b5d89189d6bf - Path: Assets/Scripts/Environment/GrietaReparacion.cs - Importer: PreviewImporter
Importing 'GUID: 4894376b7702cb947983b5d89189d6bf - Path: Assets/Scripts/Environment/GrietaReparacion.cs - Importer: PreviewImporter' with importer (PreviewImporter)
Imported 'GUID: 4894376b7702cb947983b5d89189d6bf' -> (Import Result ID: '00000000000000000000000000000000') in 0.001 seconds
Import Error Code:(4)
Message: Build asset version error: assets/scripts/environment/grietareparacion.cs in SourceAssetDB has modification time of '2026-10-03T01:06:19.9680304Z' while content on disk has modification time of '2026-10-03T01:06:47.2125Z'
  ERROR: Build asset version error: assets/scripts/environment/grietareparacion.cs in SourceAssetDB has modification time of '2026-10-03T01:06:19.9680304Z' while content on disk has modification time of '2026-10-03T01:06:47.2125Z'
Number of updated asset objects reloaded before import = 0
Number of asset objects unloaded after import = 0
========================================================================
Received Import Request.
  Time of request: 2026-10-03T01:07:50.5708005Z
  Time since last request: 0.0317518 seconds.
  importAddress: GUID: 4894376b7702cb947983b5d89189d6bf - Path: Assets/Scripts/Environment/GrietaReparacion.cs - Importer: PreviewImporter
Importing 'GUID: 4894376b7702cb947983b5d89189d6bf - Path: Assets/Scripts/Environment/GrietaReparacion.cs - Importer: PreviewImporter' with importer (PreviewImporter)
Imported 'GUID: 4894376b7702cb947983b5d89189d6bf' -> (Import Result ID: '00000000000000000000000000000000') in 0.001 seconds
Import Error Code:(4)
Message: Build asset version error: assets/scripts/environment/grietareparacion.cs in SourceAssetDB has modification time of '2026-10-03T01:06:19.9680304Z' while content on disk has modification time of '2026-10-03T01:06:47.2125Z'
  ERROR: Build asset version error: assets/scripts/environment/grietareparacion.cs in SourceAssetDB has modification time of '2026-10-03T01:06:19.9680304Z' while content on disk has modification time of '2026-10-03T01:06:47.2125Z'
Number of updated asset objects reloaded before import = 0
Number of asset objects unloaded after import = 0
========================================================================
Received Import Request.
  Time of request: 2026-10-03T01:07:50.6051582Z
  Time since last request: 0.0318026 seconds.
  importAddress: GUID: 4894376b7702cb947983b5d89189d6bf - Path: Assets/Scripts/Environment/GrietaReparacion.cs - Importer: PreviewImporter
Importing 'GUID: 4894376b7702cb947983b5d89189d6bf - Path: Assets/Scripts/Environment/GrietaReparacion.cs - Importer: PreviewImporter' with importer (PreviewImporter)
Imported 'GUID: 4894376b7702cb947983b5d89189d6bf' -> (Import Result ID: '00000000000000000000000000000000') in 0.001 seconds
Import Error Code:(4)
Message: Build asset version error: assets/scripts/environment/grietareparacion.cs in SourceAssetDB has modification time of '2026-10-03T01:06:19.9680304Z' while content on disk has modification time of '2026-10-03T01:06:47.2125Z'
  ERROR: Build asset version error: assets/scripts/environment/grietareparacion.cs in SourceAssetDB has modification time of '2026-10-03T01:06:19.9680304Z' while content on disk has modification time of '2026-10-03T01:06:47.2125Z'
Number of updated asset objects reloaded before import = 0
Number of asset objects unloaded after import = 0
========================================================================
Received Import Request.
  Time of request: 2026-10-03T01:07:50.6382901Z
  Time since last request: 0.03085 seconds.
  importAddress: GUID: 4894376b7702cb947983b5d89189d6bf - Path: Assets/Scripts/Environment/GrietaReparacion.cs - Importer: PreviewImporter
Importing 'GUID: 4894376b7702cb947983b5d89189d6bf - Path: Assets/Scripts/Environment/GrietaReparacion.cs - Importer: PreviewImporter' with importer (PreviewImporter)
Imported 'GUID: 4894376b7702cb947983b5d89189d6bf' -> (Import Result ID: '00000000000000000000000000000000') in 0.001 seconds
Import Error Code:(4)
Message: Build asset version error: assets/scripts/environment/grietareparacion.cs in SourceAssetDB has modification time of '2026-10-03T01:06:19.9680304Z' while content on disk has modification time of '2026-10-03T01:06:47.2125Z'
  ERROR: Build asset version error: assets/scripts/environment/grietareparacion.cs in SourceAssetDB has modification time of '2026-10-03T01:06:19.9680304Z' while content on disk has modification time of '2026-10-03T01:06:47.2125Z'
Number of updated asset objects reloaded before import = 0
Number of asset objects unloaded after import = 0
========================================================================
Received Import Request.
  Time of request: 2026-10-03T01:07:50.6730809Z
  Time since last request: 0.0322848 seconds.
  importAddress: GUID: 4894376b7702cb947983b5d89189d6bf - Path: Assets/Scripts/Environment/GrietaReparacion.cs - Importer: PreviewImporter
Importing 'GUID: 4894376b7702cb947983b5d89189d6bf - Path: Assets/Scripts/Environment/GrietaReparacion.cs - Importer: PreviewImporter' with importer (PreviewImporter)
Imported 'GUID: 4894376b7702cb947983b5d89189d6bf' -> (Import Result ID: '00000000000000000000000000000000') in 0.001 seconds
Import Error Code:(4)
Message: Build asset version error: assets/scripts/environment/grietareparacion.cs in SourceAssetDB has modification time of '2026-10-03T01:06:19.9680304Z' while content on disk has modification time of '2026-10-03T01:06:47.2125Z'
  ERROR: Build asset version error: assets/scripts/environment/grietareparacion.cs in SourceAssetDB has modification time of '2026-10-03T01:06:19.9680304Z' while content on disk has modification time of '2026-10-03T01:06:47.2125Z'
Number of updated asset objects reloaded before import = 0
Number of asset objects unloaded after import = 0
========================================================================
Received Import Request.
  Time of request: 2026-10-03T01:07:50.7051614Z
  Time since last request: 0.029664 seconds.
  importAddress: GUID: 4894376b7702cb947983b5d89189d6bf - Path: Assets/Scripts/Environment/GrietaReparacion.cs - Importer: PreviewImporter
Importing 'GUID: 4894376b7702cb947983b5d89189d6bf - Path: Assets/Scripts/Environment/GrietaReparacion.cs - Importer: PreviewImporter' with importer (PreviewImporter)
Imported 'GUID: 4894376b7702cb947983b5d89189d6bf' -> (Import Result ID: '00000000000000000000000000000000') in 0.001 seconds
Import Error Code:(4)
Message: Build asset version error: assets/scripts/environment/grietareparacion.cs in SourceAssetDB has modification time of '2026-10-03T01:06:19.9680304Z' while content on disk has modification time of '2026-10-03T01:06:47.2125Z'
  ERROR: Build asset version error: assets/scripts/environment/grietareparacion.cs in SourceAssetDB has modification time of '2026-10-03T01:06:19.9680304Z' while content on disk has modification time of '2026-10-03T01:06:47.2125Z'
Number of updated asset objects reloaded before import = 0
Number of asset objects unloaded after import = 0
========================================================================
Received Import Request.
  Time of request: 2026-10-03T01:07:50.7348089Z
  Time since last request: 0.0273837 seconds.
  importAddress: GUID: 4894376b7702cb947983b5d89189d6bf - Path: Assets/Scripts/Environment/GrietaReparacion.cs - Importer: PreviewImporter
Importing 'GUID: 4894376b7702cb947983b5d89189d6bf - Path: Assets/Scripts/Environment/GrietaReparacion.cs - Importer: PreviewImporter' with importer (PreviewImporter)
Imported 'GUID: 4894376b7702cb947983b5d89189d6bf' -> (Import Result ID: '00000000000000000000000000000000') in 0.001 seconds
Import Error Code:(4)
Message: Build asset version error: assets/scripts/environment/grietareparacion.cs in SourceAssetDB has modification time of '2026-10-03T01:06:19.9680304Z' while content on disk has modification time of '2026-10-03T01:06:47.2125Z'
  ERROR: Build asset version error: assets/scripts/environment/grietareparacion.cs in SourceAssetDB has modification time of '2026-10-03T01:06:19.9680304Z' while content on disk has modification time of '2026-10-03T01:06:47.2125Z'
Number of updated asset objects reloaded before import = 0
Number of asset objects unloaded after import = 0
========================================================================
Received Import Request.
  Time of request: 2026-10-03T01:07:50.7657563Z
  Time since last request: 0.0285785 seconds.
  importAddress: GUID: 4894376b7702cb947983b5d89189d6bf - Path: Assets/Scripts/Environment/GrietaReparacion.cs - Importer: PreviewImporter
Importing 'GUID: 4894376b7702cb947983b5d89189d6bf - Path: Assets/Scripts/Environment/GrietaReparacion.cs - Importer: PreviewImporter' with importer (PreviewImporter)
Imported 'GUID: 4894376b7702cb947983b5d89189d6bf' -> (Import Result ID: '00000000000000000000000000000000') in 0.001 seconds
Import Error Code:(4)
Message: Build asset version error: assets/scripts/environment/grietareparacion.cs in SourceAssetDB has modification time of '2026-10-03T01:06:19.9680304Z' while content on disk has modification time of '2026-10-03T01:06:47.2125Z'
  ERROR: Build asset version error: assets/scripts/environment/grietareparacion.cs in SourceAssetDB has modification time of '2026-10-03T01:06:19.9680304Z' while content on disk has modification time of '2026-10-03T01:06:47.2125Z'
Number of updated asset objects reloaded before import = 0
Number of asset objects unloaded after import = 0
========================================================================
Received Import Request.
  Time of request: 2026-10-03T01:07:50.7989601Z
  Time since last request: 0.0308872 seconds.
  importAddress: GUID: 4894376b7702cb947983b5d89189d6bf - Path: Assets/Scripts/Environment/GrietaReparacion.cs - Importer: PreviewImporter
Importing 'GUID: 4894376b7702cb947983b5d89189d6bf - Path: Assets/Scripts/Environment/GrietaReparacion.cs - Importer: PreviewImporter' with importer (PreviewImporter)
Imported 'GUID: 4894376b7702cb947983b5d89189d6bf' -> (Import Result ID: '00000000000000000000000000000000') in 0.003 seconds
Import Error Code:(4)
Message: Build asset version error: assets/scripts/environment/grietareparacion.cs in SourceAssetDB has modification time of '2026-10-03T01:06:19.9680304Z' while content on disk has modification time of '2026-10-03T01:06:47.2125Z'
  ERROR: Build asset version error: assets/scripts/environment/grietareparacion.cs in SourceAssetDB has modification time of '2026-10-03T01:06:19.9680304Z' while content on disk has modification time of '2026-10-03T01:06:47.2125Z'
Number of updated asset objects reloaded before import = 0
Number of asset objects unloaded after import = 0
========================================================================
Received Import Request.
  Time of request: 2026-10-03T01:07:50.8325822Z
  Time since last request: 0.0289565 seconds.
  importAddress: GUID: 4894376b7702cb947983b5d89189d6bf - Path: Assets/Scripts/Environment/GrietaReparacion.cs - Importer: PreviewImporter
Importing 'GUID: 4894376b7702cb947983b5d89189d6bf - Path: Assets/Scripts/Environment/GrietaReparacion.cs - Importer: PreviewImporter' with importer (PreviewImporter)
Imported 'GUID: 4894376b7702cb947983b5d89189d6bf' -> (Import Result ID: '00000000000000000000000000000000') in 0.004 seconds
Import Error Code:(4)
Message: Build asset version error: assets/scripts/environment/grietareparacion.cs in SourceAssetDB has modification time of '2026-10-03T01:06:19.9680304Z' while content on disk has modification time of '2026-10-03T01:06:47.2125Z'
  ERROR: Build asset version error: assets/scripts/environment/grietareparacion.cs in SourceAssetDB has modification time of '2026-10-03T01:06:19.9680304Z' while content on disk has modification time of '2026-10-03T01:06:47.2125Z'
Number of updated asset objects reloaded before import = 0
Number of asset objects unloaded after import = 0
========================================================================
Received Import Request.
  Time of request: 2026-10-03T01:07:50.8689724Z
  Time since last request: 0.03078 seconds.
  importAddress: GUID: 4894376b7702cb947983b5d89189d6bf - Path: Assets/Scripts/Environment/GrietaReparacion.cs - Importer: PreviewImporter
Importing 'GUID: 4894376b7702cb947983b5d89189d6bf - Path: Assets/Scripts/Environment/GrietaReparacion.cs - Importer: PreviewImporter' with importer (PreviewImporter)
Imported 'GUID: 4894376b7702cb947983b5d89189d6bf' -> (Import Result ID: '00000000000000000000000000000000') in 0.001 seconds
Import Error Code:(4)
Message: Build asset version error: assets/scripts/environment/grietareparacion.cs in SourceAssetDB has modification time of '2026-10-03T01:06:19.9680304Z' while content on disk has modification time of '2026-10-03T01:06:47.2125Z'
  ERROR: Build asset version error: assets/scripts/environment/grietareparacion.cs in SourceAssetDB has modification time of '2026-10-03T01:06:19.9680304Z' while content on disk has modification time of '2026-10-03T01:06:47.2125Z'
Number of updated asset objects reloaded before import = 0
Number of asset objects unloaded after import = 0
========================================================================
Received Import Request.
  Time of request: 2026-10-03T01:07:50.9064534Z
  Time since last request: 0.0332501 seconds.
  importAddress: GUID: 4894376b7702cb947983b5d89189d6bf - Path: Assets/Scripts/Environment/GrietaReparacion.cs - Importer: PreviewImporter
Importing 'GUID: 4894376b7702cb947983b5d89189d6bf - Path: Assets/Scripts/Environment/GrietaReparacion.cs - Importer: PreviewImporter' with importer (PreviewImporter)
Imported 'GUID: 4894376b7702cb947983b5d89189d6bf' -> (Import Result ID: '00000000000000000000000000000000') in 0.001 seconds
Import Error Code:(4)
Message: Build asset version error: assets/scripts/environment/grietareparacion.cs in SourceAssetDB has modification time of '2026-10-03T01:06:19.9680304Z' while content on disk has modification time of '2026-10-03T01:06:47.2125Z'
  ERROR: Build asset version error: assets/scripts/environment/grietareparacion.cs in SourceAssetDB has modification time of '2026-10-03T01:06:19.9680304Z' while content on disk has modification time of '2026-10-03T01:06:47.2125Z'
Number of updated asset objects reloaded before import = 0
Number of asset objects unloaded after import = 0
========================================================================
Received Import Request.
  Time of request: 2026-10-03T01:07:50.939257Z
  Time since last request: 0.0307011 seconds.
  importAddress: GUID: 4894376b7702cb947983b5d89189d6bf - Path: Assets/Scripts/Environment/GrietaReparacion.cs - Importer: PreviewImporter
Importing 'GUID: 4894376b7702cb947983b5d89189d6bf - Path: Assets/Scripts/Environment/GrietaReparacion.cs - Importer: PreviewImporter' with importer (PreviewImporter)
Imported 'GUID: 4894376b7702cb947983b5d89189d6bf' -> (Import Result ID: '00000000000000000000000000000000') in 0.001 seconds
Import Error Code:(4)
Message: Build asset version error: assets/scripts/environment/grietareparacion.cs in SourceAssetDB has modification time of '2026-10-03T01:06:19.9680304Z' while content on disk has modification time of '2026-10-03T01:06:47.2125Z'
  ERROR: Build asset version error: assets/scripts/environment/grietareparacion.cs in SourceAssetDB has modification time of '2026-10-03T01:06:19.9680304Z' while content on disk has modification time of '2026-10-03T01:06:47.2125Z'
Number of updated asset objects reloaded before import = 0
Number of asset objects unloaded after import = 0
========================================================================
Received Import Request.
  Time of request: 2026-10-03T01:07:50.9724144Z
  Time since last request: 0.030898 seconds.
  importAddress: GUID: 4894376b7702cb947983b5d89189d6bf - Path: Assets/Scripts/Environment/GrietaReparacion.cs - Importer: PreviewImporter
Importing 'GUID: 4894376b7702cb947983b5d89189d6bf - Path: Assets/Scripts/Environment/GrietaReparacion.cs - Importer: PreviewImporter' with importer (PreviewImporter)
Imported 'GUID: 4894376b7702cb947983b5d89189d6bf' -> (Import Result ID: '00000000000000000000000000000000') in 0.001 seconds
Import Error Code:(4)
Message: Build asset version error: assets/scripts/environment/grietareparacion.cs in SourceAssetDB has modification time of '2026-10-03T01:06:19.9680304Z' while content on disk has modification time of '2026-10-03T01:06:47.2125Z'
  ERROR: Build asset version error: assets/scripts/environment/grietareparacion.cs in SourceAssetDB has modification time of '2026-10-03T01:06:19.9680304Z' while content on disk has modification time of '2026-10-03T01:06:47.2125Z'
Number of updated asset objects reloaded before import = 0
Number of asset objects unloaded after import = 0
========================================================================
Received Import Request.
  Time of request: 2026-10-03T01:07:51.0092848Z
  Time since last request: 0.0344827 seconds.
  importAddress: GUID: 4894376b7702cb947983b5d89189d6bf - Path: Assets/Scripts/Environment/GrietaReparacion.cs - Importer: PreviewImporter
Importing 'GUID: 4894376b7702cb947983b5d89189d6bf - Path: Assets/Scripts/Environment/GrietaReparacion.cs - Importer: PreviewImporter' with importer (PreviewImporter)
Imported 'GUID: 4894376b7702cb947983b5d89189d6bf' -> (Import Result ID: '00000000000000000000000000000000') in 0.001 seconds
Import Error Code:(4)
Message: Build asset version error: assets/scripts/environment/grietareparacion.cs in SourceAssetDB has modification time of '2026-10-03T01:06:19.9680304Z' while content on disk has modification time of '2026-10-03T01:06:47.2125Z'
  ERROR: Build asset version error: assets/scripts/environment/grietareparacion.cs in SourceAssetDB has modification time of '2026-10-03T01:06:19.9680304Z' while content on disk has modification time of '2026-10-03T01:06:47.2125Z'
Number of updated asset objects reloaded before import = 0
Number of asset objects unloaded after import = 0
========================================================================
Received Import Request.
  Time of request: 2026-10-03T01:07:51.0589393Z
  Time since last request: 0.0468181 seconds.
  importAddress: GUID: 4894376b7702cb947983b5d89189d6bf - Path: Assets/Scripts/Environment/GrietaReparacion.cs - Importer: PreviewImporter
Importing 'GUID: 4894376b7702cb947983b5d89189d6bf - Path: Assets/Scripts/Environment/GrietaReparacion.cs - Importer: PreviewImporter' with importer (PreviewImporter)
Imported 'GUID: 4894376b7702cb947983b5d89189d6bf' -> (Import Result ID: '00000000000000000000000000000000') in 0.002 seconds
Import Error Code:(4)
Message: Build asset version error: assets/scripts/environment/grietareparacion.cs in SourceAssetDB has modification time of '2026-10-03T01:06:19.9680304Z' while content on disk has modification time of '2026-10-03T01:06:47.2125Z'
  ERROR: Build asset version error: assets/scripts/environment/grietareparacion.cs in SourceAssetDB has modification time of '2026-10-03T01:06:19.9680304Z' while content on disk has modification time of '2026-10-03T01:06:47.2125Z'
Number of updated asset objects reloaded before import = 0
Number of asset objects unloaded after import = 0
========================================================================
Received Import Request.
  Time of request: 2026-10-03T01:07:51.1048074Z
  Time since last request: 0.0428766 seconds.
  importAddress: GUID: 4894376b7702cb947983b5d89189d6bf - Path: Assets/Scripts/Environment/GrietaReparacion.cs - Importer: PreviewImporter
Importing 'GUID: 4894376b7702cb947983b5d89189d6bf - Path: Assets/Scripts/Environment/GrietaReparacion.cs - Importer: PreviewImporter' with importer (PreviewImporter)
Imported 'GUID: 4894376b7702cb947983b5d89189d6bf' -> (Import Result ID: '00000000000000000000000000000000') in 0.002 seconds
Import Error Code:(4)
Message: Build asset version error: assets/scripts/environment/grietareparacion.cs in SourceAssetDB has modification time of '2026-10-03T01:06:19.9680304Z' while content on disk has modification time of '2026-10-03T01:06:47.2125Z'
  ERROR: Build asset version error: assets/scripts/environment/grietareparacion.cs in SourceAssetDB has modification time of '2026-10-03T01:06:19.9680304Z' while content on disk has modification time of '2026-10-03T01:06:47.2125Z'
Number of updated asset objects reloaded before import = 0
Number of asset objects unloaded after import = 0
========================================================================
Received Import Request.
  Time of request: 2026-10-03T01:07:51.1461597Z
  Time since last request: 0.0380581 seconds.
  importAddress: GUID: 4894376b7702cb947983b5d89189d6bf - Path: Assets/Scripts/Environment/GrietaReparacion.cs - Importer: PreviewImporter
Importing 'GUID: 4894376b7702cb947983b5d89189d6bf - Path: Assets/Scripts/Environment/GrietaReparacion.cs - Importer: PreviewImporter' with importer (PreviewImporter)
Imported 'GUID: 4894376b7702cb947983b5d89189d6bf' -> (Import Result ID: '00000000000000000000000000000000') in 0.002 seconds
Import Error Code:(4)
Message: Build asset version error: assets/scripts/environment/grietareparacion.cs in SourceAssetDB has modification time of '2026-10-03T01:06:19.9680304Z' while content on disk has modification time of '2026-10-03T01:06:47.2125Z'
  ERROR: Build asset version error: assets/scripts/environment/grietareparacion.cs in SourceAssetDB has modification time of '2026-10-03T01:06:19.9680304Z' while content on disk has modification time of '2026-10-03T01:06:47.2125Z'
Number of updated asset objects reloaded before import = 0
Number of asset objects unloaded after import = 0
========================================================================
Received Import Request.
  Time of request: 2026-10-03T01:07:51.1816161Z
  Time since last request: 0.0317353 seconds.
  importAddress: GUID: 4894376b7702cb947983b5d89189d6bf - Path: Assets/Scripts/Environment/GrietaReparacion.cs - Importer: PreviewImporter
Importing 'GUID: 4894376b7702cb947983b5d89189d6bf - Path: Assets/Scripts/Environment/GrietaReparacion.cs - Importer: PreviewImporter' with importer (PreviewImporter)
Imported 'GUID: 4894376b7702cb947983b5d89189d6bf' -> (Import Result ID: '00000000000000000000000000000000') in 0.001 seconds
Import Error Code:(4)
Message: Build asset version error: assets/scripts/environment/grietareparacion.cs in SourceAssetDB has modification time of '2026-10-03T01:06:19.9680304Z' while content on disk has modification time of '2026-10-03T01:06:47.2125Z'
  ERROR: Build asset version error: assets/scripts/environment/grietareparacion.cs in SourceAssetDB has modification time of '2026-10-03T01:06:19.9680304Z' while content on disk has modification time of '2026-10-03T01:06:47.2125Z'
Number of updated asset objects reloaded before import = 0
Number of asset objects unloaded after import = 0
========================================================================
Received Import Request.
  Time of request: 2026-10-03T01:07:51.2102631Z
  Time since last request: 0.0267005 seconds.
  importAddress: GUID: 4894376b7702cb947983b5d89189d6bf - Path: Assets/Scripts/Environment/GrietaReparacion.cs - Importer: PreviewImporter
Importing 'GUID: 4894376b7702cb947983b5d89189d6bf - Path: Assets/Scripts/Environment/GrietaReparacion.cs - Importer: PreviewImporter' with importer (PreviewImporter)
Imported 'GUID: 4894376b7702cb947983b5d89189d6bf' -> (Import Result ID: '00000000000000000000000000000000') in 0.001 seconds
Import Error Code:(4)
Message: Build asset version error: assets/scripts/environment/grietareparacion.cs in SourceAssetDB has modification time of '2026-10-03T01:06:19.9680304Z' while content on disk has modification time of '2026-10-03T01:06:47.2125Z'
  ERROR: Build asset version error: assets/scripts/environment/grietareparacion.cs in SourceAssetDB has modification time of '2026-10-03T01:06:19.9680304Z' while content on disk has modification time of '2026-10-03T01:06:47.2125Z'
Number of updated asset objects reloaded before import = 0
Number of asset objects unloaded after import = 0
========================================================================
Received Import Request.
  Time of request: 2026-10-03T01:07:51.2390452Z
  Time since last request: 0.0266711 seconds.
  importAddress: GUID: 4894376b7702cb947983b5d89189d6bf - Path: Assets/Scripts/Environment/GrietaReparacion.cs - Importer: PreviewImporter
Importing 'GUID: 4894376b7702cb947983b5d89189d6bf - Path: Assets/Scripts/Environment/GrietaReparacion.cs - Importer: PreviewImporter' with importer (PreviewImporter)
Imported 'GUID: 4894376b7702cb947983b5d89189d6bf' -> (Import Result ID: '00000000000000000000000000000000') in 0.001 seconds
Import Error Code:(4)
Message: Build asset version error: assets/scripts/environment/grietareparacion.cs in SourceAssetDB has modification time of '2026-10-03T01:06:19.9680304Z' while content on disk has modification time of '2026-10-03T01:06:47.2125Z'
  ERROR: Build asset version error: assets/scripts/environment/grietareparacion.cs in SourceAssetDB has modification time of '2026-10-03T01:06:19.9680304Z' while content on disk has modification time of '2026-10-03T01:06:47.2125Z'
Number of updated asset objects reloaded before import = 0
Number of asset objects unloaded after import = 0
========================================================================
Received Import Request.
  Time of request: 2026-10-03T01:07:51.2698466Z
  Time since last request: 0.0287446 seconds.
  importAddress: GUID: 4894376b7702cb947983b5d89189d6bf - Path: Assets/Scripts/Environment/GrietaReparacion.cs - Importer: PreviewImporter
Importing 'GUID: 4894376b7702cb947983b5d89189d6bf - Path: Assets/Scripts/Environment/GrietaReparacion.cs - Importer: PreviewImporter' with importer (PreviewImporter)
Imported 'GUID: 4894376b7702cb947983b5d89189d6bf' -> (Import Result ID: '00000000000000000000000000000000') in 0.001 seconds
Import Error Code:(4)
Message: Build asset version error: assets/scripts/environment/grietareparacion.cs in SourceAssetDB has modification time of '2026-10-03T01:06:19.9680304Z' while content on disk has modification time of '2026-10-03T01:06:47.2125Z'
  ERROR: Build asset version error: assets/scripts/environment/grietareparacion.cs in SourceAssetDB has modification time of '2026-10-03T01:06:19.9680304Z' while content on disk has modification time of '2026-10-03T01:06:47.2125Z'
Number of updated asset objects reloaded before import = 0
Number of asset objects unloaded after import = 0
========================================================================
Received Import Request.
  Time of request: 2026-10-03T01:07:51.3022109Z
  Time since last request: 0.030055 seconds.
  importAddress: GUID: 4894376b7702cb947983b5d89189d6bf - Path: Assets/Scripts/Environment/GrietaReparacion.cs - Importer: PreviewImporter
Importing 'GUID: 4894376b7702cb947983b5d89189d6bf - Path: Assets/Scripts/Environment/GrietaReparacion.cs - Importer: PreviewImporter' with importer (PreviewImporter)
Imported 'GUID: 4894376b7702cb947983b5d89189d6bf' -> (Import Result ID: '00000000000000000000000000000000') in 0.001 seconds
Import Error Code:(4)
Message: Build asset version error: assets/scripts/environment/grietareparacion.cs in SourceAssetDB has modification time of '2026-10-03T01:06:19.9680304Z' while content on disk has modification time of '2026-10-03T01:06:47.2125Z'
  ERROR: Build asset version error: assets/scripts/environment/grietareparacion.cs in SourceAssetDB has modification time of '2026-10-03T01:06:19.9680304Z' while content on disk has modification time of '2026-10-03T01:06:47.2125Z'
Number of updated asset objects reloaded before import = 0
Number of asset objects unloaded after import = 0
========================================================================
Received Import Request.
  Time of request: 2026-10-03T01:07:51.3407617Z
  Time since last request: 0.0363019 seconds.
  importAddress: GUID: 4894376b7702cb947983b5d89189d6bf - Path: Assets/Scripts/Environment/GrietaReparacion.cs - Importer: PreviewImporter
Importing 'GUID: 4894376b7702cb947983b5d89189d6bf - Path: Assets/Scripts/Environment/GrietaReparacion.cs - Importer: PreviewImporter' with importer (PreviewImporter)
Imported 'GUID: 4894376b7702cb947983b5d89189d6bf' -> (Import Result ID: '00000000000000000000000000000000') in 0.001 seconds
Import Error Code:(4)
Message: Build asset version error: assets/scripts/environment/grietareparacion.cs in SourceAssetDB has modification time of '2026-10-03T01:06:19.9680304Z' while content on disk has modification time of '2026-10-03T01:06:47.2125Z'
  ERROR: Build asset version error: assets/scripts/environment/grietareparacion.cs in SourceAssetDB has modification time of '2026-10-03T01:06:19.9680304Z' while content on disk has modification time of '2026-10-03T01:06:47.2125Z'
Number of updated asset objects reloaded before import = 0
Number of asset objects unloaded after import = 0
========================================================================
Received Import Request.
  Time of request: 2026-10-03T01:07:51.3821571Z
  Time since last request: 0.0385334 seconds.
  importAddress: GUID: 4894376b7702cb947983b5d89189d6bf - Path: Assets/Scripts/Environment/GrietaReparacion.cs - Importer: PreviewImporter
Importing 'GUID: 4894376b7702cb947983b5d89189d6bf - Path: Assets/Scripts/Environment/GrietaReparacion.cs - Importer: PreviewImporter' with importer (PreviewImporter)
Imported 'GUID: 4894376b7702cb947983b5d89189d6bf' -> (Import Result ID: '00000000000000000000000000000000') in 0.002 seconds
Import Error Code:(4)
Message: Build asset version error: assets/scripts/environment/grietareparacion.cs in SourceAssetDB has modification time of '2026-10-03T01:06:19.9680304Z' while content on disk has modification time of '2026-10-03T01:06:47.2125Z'
  ERROR: Build asset version error: assets/scripts/environment/grietareparacion.cs in SourceAssetDB has modification time of '2026-10-03T01:06:19.9680304Z' while content on disk has modification time of '2026-10-03T01:06:47.2125Z'
Number of updated asset objects reloaded before import = 0
Number of asset objects unloaded after import = 0
========================================================================
Received Import Request.
  Time of request: 2026-10-03T01:07:51.4228676Z
  Time since last request: 0.0322872 seconds.
  importAddress: GUID: 4894376b7702cb947983b5d89189d6bf - Path: Assets/Scripts/Environment/GrietaReparacion.cs - Importer: PreviewImporter
Importing 'GUID: 4894376b7702cb947983b5d89189d6bf - Path: Assets/Scripts/Environment/GrietaReparacion.cs - Importer: PreviewImporter' with importer (PreviewImporter)
Imported 'GUID: 4894376b7702cb947983b5d89189d6bf' -> (Import Result ID: '00000000000000000000000000000000') in 0.001 seconds
Import Error Code:(4)
Message: Build asset version error: assets/scripts/environment/grietareparacion.cs in SourceAssetDB has modification time of '2026-10-03T01:06:19.9680304Z' while content on disk has modification time of '2026-10-03T01:06:47.2125Z'
  ERROR: Build asset version error: assets/scripts/environment/grietareparacion.cs in SourceAssetDB has modification time of '2026-10-03T01:06:19.9680304Z' while content on disk has modification time of '2026-10-03T01:06:47.2125Z'
Number of updated asset objects reloaded before import = 0
Number of asset objects unloaded after import = 0
========================================================================
Received Import Request.
  Time of request: 2026-10-03T01:07:51.4587793Z
  Time since last request: 0.0335771 seconds.
  importAddress: GUID: 4894376b7702cb947983b5d89189d6bf - Path: Assets/Scripts/Environment/GrietaReparacion.cs - Importer: PreviewImporter
Importing 'GUID: 4894376b7702cb947983b5d89189d6bf - Path: Assets/Scripts/Environment/GrietaReparacion.cs - Importer: PreviewImporter' with importer (PreviewImporter)
Imported 'GUID: 4894376b7702cb947983b5d89189d6bf' -> (Import Result ID: '00000000000000000000000000000000') in 0.001 seconds
Import Error Code:(4)
Message: Build asset version error: assets/scripts/environment/grietareparacion.cs in SourceAssetDB has modification time of '2026-10-03T01:06:19.9680304Z' while content on disk has modification time of '2026-10-03T01:06:47.2125Z'
  ERROR: Build asset version error: assets/scripts/environment/grietareparacion.cs in SourceAssetDB has modification time of '2026-10-03T01:06:19.9680304Z' while content on disk has modification time of '2026-10-03T01:06:47.2125Z'
Number of updated asset objects reloaded before import = 0
Number of asset objects unloaded after import = 0
========================================================================
Received Import Request.
  Time of request: 2026-10-03T01:07:51.4950952Z
  Time since last request: 0.0337295 seconds.
  importAddress: GUID: 4894376b7702cb947983b5d89189d6bf - Path: Assets/Scripts/Environment/GrietaReparacion.cs - Importer: PreviewImporter
Importing 'GUID: 4894376b7702cb947983b5d89189d6bf - Path: Assets/Scripts/Environment/GrietaReparacion.cs - Importer: PreviewImporter' with importer (PreviewImporter)
Imported 'GUID: 4894376b7702cb947983b5d89189d6bf' -> (Import Result ID: '00000000000000000000000000000000') in 0.001 seconds
Import Error Code:(4)
Message: Build asset version error: assets/scripts/environment/grietareparacion.cs in SourceAssetDB has modification time of '2026-10-03T01:06:19.9680304Z' while content on disk has modification time of '2026-10-03T01:06:47.2125Z'
  ERROR: Build asset version error: assets/scripts/environment/grietareparacion.cs in SourceAssetDB has modification time of '2026-10-03T01:06:19.9680304Z' while content on disk has modification time of '2026-10-03T01:06:47.2125Z'
Number of updated asset objects reloaded before import = 0
Number of asset objects unloaded after import = 0
========================================================================
Received Import Request.
  Time of request: 2026-10-03T01:07:51.5320304Z
  Time since last request: 0.0344767 seconds.
  importAddress: GUID: 4894376b7702cb947983b5d89189d6bf - Path: Assets/Scripts/Environment/GrietaReparacion.cs - Importer: PreviewImporter
Importing 'GUID: 4894376b7702cb947983b5d89189d6bf - Path: Assets/Scripts/Environment/GrietaReparacion.cs - Importer: PreviewImporter' with importer (PreviewImporter)
Imported 'GUID: 4894376b7702cb947983b5d89189d6bf' -> (Import Result ID: '00000000000000000000000000000000') in 0.001 seconds
Import Error Code:(4)
Message: Build asset version error: assets/scripts/environment/grietareparacion.cs in SourceAssetDB has modification time of '2026-10-03T01:06:19.9680304Z' while content on disk has modification time of '2026-10-03T01:06:47.2125Z'
  ERROR: Build asset version error: assets/scripts/environment/grietareparacion.cs in SourceAssetDB has modification time of '2026-10-03T01:06:19.9680304Z' while content on disk has modification time of '2026-10-03T01:06:47.2125Z'
Number of updated asset objects reloaded before import = 0
Number of asset objects unloaded after import = 0
========================================================================
Received Import Request.
  Time of request: 2026-10-03T01:07:51.5620817Z
  Time since last request: 0.0275817 seconds.
  importAddress: GUID: 4894376b7702cb947983b5d89189d6bf - Path: Assets/Scripts/Environment/GrietaReparacion.cs - Importer: PreviewImporter
Importing 'GUID: 4894376b7702cb947983b5d89189d6bf - Path: Assets/Scripts/Environment/GrietaReparacion.cs - Importer: PreviewImporter' with importer (PreviewImporter)
Imported 'GUID: 4894376b7702cb947983b5d89189d6bf' -> (Import Result ID: '00000000000000000000000000000000') in 0.001 seconds
Import Error Code:(4)
Message: Build asset version error: assets/scripts/environment/grietareparacion.cs in SourceAssetDB has modification time of '2026-10-03T01:06:19.9680304Z' while content on disk has modification time of '2026-10-03T01:06:47.2125Z'
  ERROR: Build asset version error: assets/scripts/environment/grietareparacion.cs in SourceAssetDB has modification time of '2026-10-03T01:06:19.9680304Z' while content on disk has modification time of '2026-10-03T01:06:47.2125Z'
Number of updated asset objects reloaded before import = 0
Number of asset objects unloaded after import = 0
========================================================================
Received Import Request.
  Time of request: 2026-10-03T01:07:51.5925734Z
  Time since last request: 0.0283685 seconds.
  importAddress: GUID: 4894376b7702cb947983b5d89189d6bf - Path: Assets/Scripts/Environment/GrietaReparacion.cs - Importer: PreviewImporter
Importing 'GUID: 4894376b7702cb947983b5d89189d6bf - Path: Assets/Scripts/Environment/GrietaReparacion.cs - Importer: PreviewImporter' with importer (PreviewImporter)
Imported 'GUID: 4894376b7702cb947983b5d89189d6bf' -> (Import Result ID: '00000000000000000000000000000000') in 0.001 seconds
Import Error Code:(4)
Message: Build asset version error: assets/scripts/environment/grietareparacion.cs in SourceAssetDB has modification time of '2026-10-03T01:06:19.9680304Z' while content on disk has modification time of '2026-10-03T01:06:47.2125Z'
  ERROR: Build asset version error: assets/scripts/environment/grietareparacion.cs in SourceAssetDB has modification time of '2026-10-03T01:06:19.9680304Z' while content on disk has modification time of '2026-10-03T01:06:47.2125Z'
Number of updated asset objects reloaded before import = 0
Number of asset objects unloaded after import = 0
========================================================================
Received Import Request.
  Time of request: 2026-10-03T01:07:51.6215687Z
  Time since last request: 0.0270471 seconds.
  importAddress: GUID: 4894376b7702cb947983b5d89189d6bf - Path: Assets/Scripts/Environment/GrietaReparacion.cs - Importer: PreviewImporter
Importing 'GUID: 4894376b7702cb947983b5d89189d6bf - Path: Assets/Scripts/Environment/GrietaReparacion.cs - Importer: PreviewImporter' with importer (PreviewImporter)
Imported 'GUID: 4894376b7702cb947983b5d89189d6bf' -> (Import Result ID: '00000000000000000000000000000000') in 0.001 seconds
Import Error Code:(4)
Message: Build asset version error: assets/scripts/environment/grietareparacion.cs in SourceAssetDB has modification time of '2026-10-03T01:06:19.9680304Z' while content on disk has modification time of '2026-10-03T01:06:47.2125Z'
  ERROR: Build asset version error: assets/scripts/environment/grietareparacion.cs in SourceAssetDB has modification time of '2026-10-03T01:06:19.9680304Z' while content on disk has modification time of '2026-10-03T01:06:47.2125Z'
Number of updated asset objects reloaded before import = 0
Number of asset objects unloaded after import = 0
========================================================================
Received Import Request.
  Time of request: 2026-10-03T01:07:51.6510092Z
  Time since last request: 0.0274107 seconds.
  importAddress: GUID: 4894376b7702cb947983b5d89189d6bf - Path: Assets/Scripts/Environment/GrietaReparacion.cs - Importer: PreviewImporter
Importing 'GUID: 4894376b7702cb947983b5d89189d6bf - Path: Assets/Scripts/Environment/GrietaReparacion.cs - Importer: PreviewImporter' with importer (PreviewImporter)
Imported 'GUID: 4894376b7702cb947983b5d89189d6bf' -> (Import Result ID: '00000000000000000000000000000000') in 0.001 seconds
Import Error Code:(4)
Message: Build asset version error: assets/scripts/environment/grietareparacion.cs in SourceAssetDB has modification time of '2026-10-03T01:06:19.9680304Z' while content on disk has modification time of '2026-10-03T01:06:47.2125Z'
  ERROR: Build asset version error: assets/scripts/environment/grietareparacion.cs in SourceAssetDB has modification time of '2026-10-03T01:06:19.9680304Z' while content on disk has modification time of '2026-10-03T01:06:47.2125Z'
Number of updated asset objects reloaded before import = 0
Number of asset objects unloaded after import = 0
========================================================================
Received Import Request.
  Time of request: 2026-10-03T01:07:51.6855191Z
  Time since last request: 0.0320152 seconds.
  importAddress: GUID: 4894376b7702cb947983b5d89189d6bf - Path: Assets/Scripts/Environment/GrietaReparacion.cs - Importer: PreviewImporter
Importing 'GUID: 4894376b7702cb947983b5d89189d6bf - Path: Assets/Scripts/Environment/GrietaReparacion.cs - Importer: PreviewImporter' with importer (PreviewImporter)
Imported 'GUID: 4894376b7702cb947983b5d89189d6bf' -> (Import Result ID: '00000000000000000000000000000000') in 0.001 seconds
Import Error Code:(4)
Message: Build asset version error: assets/scripts/environment/grietareparacion.cs in SourceAssetDB has modification time of '2026-10-03T01:06:19.9680304Z' while content on disk has modification time of '2026-10-03T01:06:47.2125Z'
  ERROR: Build asset version error: assets/scripts/environment/grietareparacion.cs in SourceAssetDB has modification time of '2026-10-03T01:06:19.9680304Z' while content on disk has modification time of '2026-10-03T01:06:47.2125Z'
Number of updated asset objects reloaded before import = 0
Number of asset objects unloaded after import = 0
========================================================================
Received Import Request.
  Time of request: 2026-10-03T01:07:51.7203267Z
  Time since last request: 0.0321409 seconds.
  importAddress: GUID: 4894376b7702cb947983b5d89189d6bf - Path: Assets/Scripts/Environment/GrietaReparacion.cs - Importer: PreviewImporter
Importing 'GUID: 4894376b7702cb947983b5d89189d6bf - Path: Assets/Scripts/Environment/GrietaReparacion.cs - Importer: PreviewImporter' with importer (PreviewImporter)
Imported 'GUID: 4894376b7702cb947983b5d89189d6bf' -> (Import Result ID: '00000000000000000000000000000000') in 0.001 seconds
Import Error Code:(4)
Message: Build asset version error: assets/scripts/environment/grietareparacion.cs in SourceAssetDB has modification time of '2026-10-03T01:06:19.9680304Z' while content on disk has modification time of '2026-10-03T01:06:47.2125Z'
  ERROR: Build asset version error: assets/scripts/environment/grietareparacion.cs in SourceAssetDB has modification time of '2026-10-03T01:06:19.9680304Z' while content on disk has modification time of '2026-10-03T01:06:47.2125Z'
Number of updated asset objects reloaded before import = 0
Number of asset objects unloaded after import = 0
========================================================================
Received Import Request.
  Time of request: 2026-10-03T01:07:51.7577581Z
  Time since last request: 0.0354651 seconds.
  importAddress: GUID: 4894376b7702cb947983b5d89189d6bf - Path: Assets/Scripts/Environment/GrietaReparacion.cs - Importer: PreviewImporter
Importing 'GUID: 4894376b7702cb947983b5d89189d6bf - Path: Assets/Scripts/Environment/GrietaReparacion.cs - Importer: PreviewImporter' with importer (PreviewImporter)
Imported 'GUID: 4894376b7702cb947983b5d89189d6bf' -> (Import Result ID: '00000000000000000000000000000000') in 0.002 seconds
Import Error Code:(4)
Message: Build asset version error: assets/scripts/environment/grietareparacion.cs in SourceAssetDB has modification time of '2026-10-03T01:06:19.9680304Z' while content on disk has modification time of '2026-10-03T01:06:47.2125Z'
  ERROR: Build asset version error: assets/scripts/environment/grietareparacion.cs in SourceAssetDB has modification time of '2026-10-03T01:06:19.9680304Z' while content on disk has modification time of '2026-10-03T01:06:47.2125Z'
Number of updated asset objects reloaded before import = 0
Number of asset objects unloaded after import = 0
========================================================================
Received Import Request.
  Time of request: 2026-10-03T01:07:51.8062055Z
  Time since last request: 0.0439505 seconds.
  importAddress: GUID: 4894376b7702cb947983b5d89189d6bf - Path: Assets/Scripts/Environment/GrietaReparacion.cs - Importer: PreviewImporter
Importing 'GUID: 4894376b7702cb947983b5d89189d6bf - Path: Assets/Scripts/Environment/GrietaReparacion.cs - Importer: PreviewImporter' with importer (PreviewImporter)
Imported 'GUID: 4894376b7702cb947983b5d89189d6bf' -> (Import Result ID: '00000000000000000000000000000000') in 0.002 seconds
Import Error Code:(4)
Message: Build asset version error: assets/scripts/environment/grietareparacion.cs in SourceAssetDB has modification time of '2026-10-03T01:06:19.9680304Z' while content on disk has modification time of '2026-10-03T01:06:47.2125Z'
  ERROR: Build asset version error: assets/scripts/environment/grietareparacion.cs in SourceAssetDB has modification time of '2026-10-03T01:06:19.9680304Z' while content on disk has modification time of '2026-10-03T01:06:47.2125Z'
Number of updated asset objects reloaded before import = 0
Number of asset objects unloaded after import = 0
========================================================================
Received Import Request.
  Time of request: 2026-10-03T01:07:51.8525469Z
  Time since last request: 0.0421245 seconds.
  importAddress: GUID: 4894376b7702cb947983b5d89189d6bf - Path: Assets/Scripts/Environment/GrietaReparacion.cs - Importer: PreviewImporter
Importing 'GUID: 4894376b7702cb947983b5d89189d6bf - Path: Assets/Scripts/Environment/GrietaReparacion.cs - Importer: PreviewImporter' with importer (PreviewImporter)
Imported 'GUID: 4894376b7702cb947983b5d89189d6bf' -> (Import Result ID: '00000000000000000000000000000000') in 0.002 seconds
Import Error Code:(4)
Message: Build asset version error: assets/scripts/environment/grietareparacion.cs in SourceAssetDB has modification time of '2026-10-03T01:06:19.9680304Z' while content on disk has modification time of '2026-10-03T01:06:47.2125Z'
  ERROR: Build asset version error: assets/scripts/environment/grietareparacion.cs in SourceAssetDB has modification time of '2026-10-03T01:06:19.9680304Z' while content on disk has modification time of '2026-10-03T01:06:47.2125Z'
Number of updated asset objects reloaded before import = 0
Number of asset objects unloaded after import = 0
========================================================================
Received Import Request.
  Time of request: 2026-10-03T01:07:51.8976931Z
  Time since last request: 0.0411874 seconds.
  importAddress: GUID: 4894376b7702cb947983b5d89189d6bf - Path: Assets/Scripts/Environment/GrietaReparacion.cs - Importer: PreviewImporter
Importing 'GUID: 4894376b7702cb947983b5d89189d6bf - Path: Assets/Scripts/Environment/GrietaReparacion.cs - Importer: PreviewImporter' with importer (PreviewImporter)
Imported 'GUID: 4894376b7702cb947983b5d89189d6bf' -> (Import Result ID: '00000000000000000000000000000000') in 0.001 seconds
Import Error Code:(4)
Message: Build asset version error: assets/scripts/environment/grietareparacion.cs in SourceAssetDB has modification time of '2026-10-03T01:06:19.9680304Z' while content on disk has modification time of '2026-10-03T01:06:47.2125Z'
  ERROR: Build asset version error: assets/scripts/environment/grietareparacion.cs in SourceAssetDB has modification time of '2026-10-03T01:06:19.9680304Z' while content on disk has modification time of '2026-10-03T01:06:47.2125Z'
Number of updated asset objects reloaded before import = 0
Number of asset objects unloaded after import = 0
========================================================================
Received Import Request.
  Time of request: 2026-10-03T01:07:51.9301581Z
  Time since last request: 0.0294132 seconds.
  importAddress: GUID: 4894376b7702cb947983b5d89189d6bf - Path: Assets/Scripts/Environment/GrietaReparacion.cs - Importer: PreviewImporter
Importing 'GUID: 4894376b7702cb947983b5d89189d6bf - Path: Assets/Scripts/Environment/GrietaReparacion.cs - Importer: PreviewImporter' with importer (PreviewImporter)
Imported 'GUID: 4894376b7702cb947983b5d89189d6bf' -> (Import Result ID: '00000000000000000000000000000000') in 0.001 seconds
Import Error Code:(4)
Message: Build asset version error: assets/scripts/environment/grietareparacion.cs in SourceAssetDB has modification time of '2026-10-03T01:06:19.9680304Z' while content on disk has modification time of '2026-10-03T01:06:47.2125Z'
  ERROR: Build asset version error: assets/scripts/environment/grietareparacion.cs in SourceAssetDB has modification time of '2026-10-03T01:06:19.9680304Z' while content on disk has modification time of '2026-10-03T01:06:47.2125Z'
Number of updated asset objects reloaded before import = 0
Number of asset objects unloaded after import = 0
========================================================================
Received Import Request.
  Time of request: 2026-10-03T01:07:51.9607279Z
  Time since last request: 0.0286508 seconds.
  importAddress: GUID: 4894376b7702cb947983b5d89189d6bf - Path: Assets/Scripts/Environment/GrietaReparacion.cs - Importer: PreviewImporter
Importing 'GUID: 4894376b7702cb947983b5d89189d6bf - Path: Assets/Scripts/Environment/GrietaReparacion.cs - Importer: PreviewImporter' with importer (PreviewImporter)
Imported 'GUID: 4894376b7702cb947983b5d89189d6bf' -> (Import Result ID: '00000000000000000000000000000000') in 0.001 seconds
Import Error Code:(4)
Message: Build asset version error: assets/scripts/environment/grietareparacion.cs in SourceAssetDB has modification time of '2026-10-03T01:06:19.9680304Z' while content on disk has modification time of '2026-10-03T01:06:47.2125Z'
  ERROR: Build asset version error: assets/scripts/environment/grietareparacion.cs in SourceAssetDB has modification time of '2026-10-03T01:06:19.9680304Z' while content on disk has modification time of '2026-10-03T01:06:47.2125Z'
Number of updated asset objects reloaded before import = 0
Number of asset objects unloaded after import = 0
========================================================================
Received Import Request.
  Time of request: 2026-10-03T01:07:51.9930014Z
  Time since last request: 0.0302059 seconds.
  importAddress: GUID: 4894376b7702cb947983b5d89189d6bf - Path: Assets/Scripts/Environment/GrietaReparacion.cs - Importer: PreviewImporter
Importing 'GUID: 4894376b7702cb947983b5d89189d6bf - Path: Assets/Scripts/Environment/GrietaReparacion.cs - Importer: PreviewImporter' with importer (PreviewImporter)
Imported 'GUID: 4894376b7702cb947983b5d89189d6bf' -> (Import Result ID: '00000000000000000000000000000000') in 0.001 seconds
Import Error Code:(4)
Message: Build asset version error: assets/scripts/environment/grietareparacion.cs in SourceAssetDB has modification time of '2026-10-03T01:06:19.9680304Z' while content on disk has modification time of '2026-10-03T01:06:47.2125Z'
  ERROR: Build asset version error: assets/scripts/environment/grietareparacion.cs in SourceAssetDB has modification time of '2026-10-03T01:06:19.9680304Z' while content on disk has modification time of '2026-10-03T01:06:47.2125Z'
Number of updated asset objects reloaded before import = 0
Number of asset objects unloaded after import = 0
========================================================================
Received Import Request.
  Time of request: 2026-10-03T01:07:52.0273854Z
  Time since last request: 0.032199 seconds.
  importAddress: GUID: 4894376b7702cb947983b5d89189d6bf - Path: Assets/Scripts/Environment/GrietaReparacion.cs - Importer: PreviewImporter
Importing 'GUID: 4894376b7702cb947983b5d89189d6bf - Path: Assets/Scripts/Environment/GrietaReparacion.cs - Importer: PreviewImporter' with importer (PreviewImporter)
Imported 'GUID: 4894376b7702cb947983b5d89189d6bf' -> (Import Result ID: '00000000000000000000000000000000') in 0.001 seconds
Import Error Code:(4)
Message: Build asset version error: assets/scripts/environment/grietareparacion.cs in SourceAssetDB has modification time of '2026-10-03T01:06:19.9680304Z' while content on disk has modification time of '2026-10-03T01:06:47.2125Z'
  ERROR: Build asset version error: assets/scripts/environment/grietareparacion.cs in SourceAssetDB has modification time of '2026-10-03T01:06:19.9680304Z' while content on disk has modification time of '2026-10-03T01:06:47.2125Z'
Number of updated asset objects reloaded before import = 0
Number of asset objects unloaded after import = 0
========================================================================
Received Import Request.
  Time of request: 2026-10-03T01:07:52.0652167Z
  Time since last request: 0.0353405 seconds.
  importAddress: GUID: 4894376b7702cb947983b5d89189d6bf - Path: Assets/Scripts/Environment/GrietaReparacion.cs - Importer: PreviewImporter
Importing 'GUID: 4894376b7702cb947983b5d89189d6bf - Path: Assets/Scripts/Environment/GrietaReparacion.cs - Importer: PreviewImporter' with importer (PreviewImporter)
Imported 'GUID: 4894376b7702cb947983b5d89189d6bf' -> (Import Result ID: '00000000000000000000000000000000') in 0.001 seconds
Import Error Code:(4)
Message: Build asset version error: assets/scripts/environment/grietareparacion.cs in SourceAssetDB has modification time of '2026-10-03T01:06:19.9680304Z' while content on disk has modification time of '2026-10-03T01:06:47.2125Z'
  ERROR: Build asset version error: assets/scripts/environment/grietareparacion.cs in SourceAssetDB has modification time of '2026-10-03T01:06:19.9680304Z' while content on disk has modification time of '2026-10-03T01:06:47.2125Z'
Number of updated asset objects reloaded before import = 0
Number of asset objects unloaded after import = 0
========================================================================
Received Import Request.
  Time of request: 2026-10-03T01:07:52.0997334Z
  Time since last request: 0.032048 seconds.
  importAddress: GUID: 4894376b7702cb947983b5d89189d6bf - Path: Assets/Scripts/Environment/GrietaReparacion.cs - Importer: PreviewImporter
Importing 'GUID: 4894376b7702cb947983b5d89189d6bf - Path: Assets/Scripts/Environment/GrietaReparacion.cs - Importer: PreviewImporter' with importer (PreviewImporter)
Imported 'GUID: 4894376b7702cb947983b5d89189d6bf' -> (Import Result ID: '00000000000000000000000000000000') in 0.001 seconds
Import Error Code:(4)
Message: Build asset version error: assets/scripts/environment/grietareparacion.cs in SourceAssetDB has modification time of '2026-10-03T01:06:19.9680304Z' while content on disk has modification time of '2026-10-03T01:06:47.2125Z'
  ERROR: Build asset version error: assets/scripts/environment/grietareparacion.cs in SourceAssetDB has modification time of '2026-10-03T01:06:19.9680304Z' while content on disk has modification time of '2026-10-03T01:06:47.2125Z'
Number of updated asset objects reloaded before import = 0
Number of asset objects unloaded after import = 0
========================================================================
Received Import Request.
  Time of request: 2026-10-03T01:07:52.1355469Z
  Time since last request: 0.033079 seconds.
  importAddress: GUID: 4894376b7702cb947983b5d89189d6bf - Path: Assets/Scripts/Environment/GrietaReparacion.cs - Importer: PreviewImporter
Importing 'GUID: 4894376b7702cb947983b5d89189d6bf - Path: Assets/Scripts/Environment/GrietaReparacion.cs - Importer: PreviewImporter' with importer (PreviewImporter)
Imported 'GUID: 4894376b7702cb947983b5d89189d6bf' -> (Import Result ID: '00000000000000000000000000000000') in 0.001 seconds
Import Error Code:(4)
Message: Build asset version error: assets/scripts/environment/grietareparacion.cs in SourceAssetDB has modification time of '2026-10-03T01:06:19.9680304Z' while content on disk has modification time of '2026-10-03T01:06:47.2125Z'
  ERROR: Build asset version error: assets/scripts/environment/grietareparacion.cs in SourceAssetDB has modification time of '2026-10-03T01:06:19.9680304Z' while content on disk has modification time of '2026-10-03T01:06:47.2125Z'
Number of updated asset objects reloaded before import = 0
Number of asset objects unloaded after import = 0
========================================================================
Received Import Request.
  Time of request: 2026-10-03T01:07:52.1739261Z
  Time since last request: 0.0351571 seconds.
  importAddress: GUID: 4894376b7702cb947983b5d89189d6bf - Path: Assets/Scripts/Environment/GrietaReparacion.cs - Importer: PreviewImporter
Importing 'GUID: 4894376b7702cb947983b5d89189d6bf - Path: Assets/Scripts/Environment/GrietaReparacion.cs - Importer: PreviewImporter' with importer (PreviewImporter)
Imported 'GUID: 4894376b7702cb947983b5d89189d6bf' -> (Import Result ID: '00000000000000000000000000000000') in 0.001 seconds
Import Error Code:(4)
Message: Build asset version error: assets/scripts/environment/grietareparacion.cs in SourceAssetDB has modification time of '2026-10-03T01:06:19.9680304Z' while content on disk has modification time of '2026-10-03T01:06:47.2125Z'
  ERROR: Build asset version error: assets/scripts/environment/grietareparacion.cs in SourceAssetDB has modification time of '2026-10-03T01:06:19.9680304Z' while content on disk has modification time of '2026-10-03T01:06:47.2125Z'
Number of updated asset objects reloaded before import = 0
Number of asset objects unloaded after import = 0
========================================================================
Received Import Request.
  Time of request: 2026-10-03T01:07:52.2103619Z
  Time since last request: 0.0341491 seconds.
  importAddress: GUID: 4894376b7702cb947983b5d89189d6bf - Path: Assets/Scripts/Environment/GrietaReparacion.cs - Importer: PreviewImporter
Importing 'GUID: 4894376b7702cb947983b5d89189d6bf - Path: Assets/Scripts/Environment/GrietaReparacion.cs - Importer: PreviewImporter' with importer (PreviewImporter)
Imported 'GUID: 4894376b7702cb947983b5d89189d6bf' -> (Import Result ID: '00000000000000000000000000000000') in 0.001 seconds
Import Error Code:(4)
Message: Build asset version error: assets/scripts/environment/grietareparacion.cs in SourceAssetDB has modification time of '2026-10-03T01:06:19.9680304Z' while content on disk has modification time of '2026-10-03T01:06:47.2125Z'
  ERROR: Build asset version error: assets/scripts/environment/grietareparacion.cs in SourceAssetDB has modification time of '2026-10-03T01:06:19.9680304Z' while content on disk has modification time of '2026-10-03T01:06:47.2125Z'
Number of updated asset objects reloaded before import = 0
Number of asset objects unloaded after import = 0
========================================================================
Received Import Request.
  Time of request: 2026-10-03T01:07:52.2484083Z
  Time since last request: 0.0355659 seconds.
  importAddress: GUID: 4894376b7702cb947983b5d89189d6bf - Path: Assets/Scripts/Environment/GrietaReparacion.cs - Importer: PreviewImporter
Importing 'GUID: 4894376b7702cb947983b5d89189d6bf - Path: Assets/Scripts/Environment/GrietaReparacion.cs - Importer: PreviewImporter' with importer (PreviewImporter)
Imported 'GUID: 4894376b7702cb947983b5d89189d6bf' -> (Import Result ID: '00000000000000000000000000000000') in 0.001 seconds
Import Error Code:(4)
Message: Build asset version error: assets/scripts/environment/grietareparacion.cs in SourceAssetDB has modification time of '2026-10-03T01:06:19.9680304Z' while content on disk has modification time of '2026-10-03T01:06:47.2125Z'
  ERROR: Build asset version error: assets/scripts/environment/grietareparacion.cs in SourceAssetDB has modification time of '2026-10-03T01:06:19.9680304Z' while content on disk has modification time of '2026-10-03T01:06:47.2125Z'
Number of updated asset objects reloaded before import = 0
Number of asset objects unloaded after import = 0
========================================================================
Received Import Request.
  Time of request: 2026-10-03T01:07:52.2841429Z
  Time since last request: 0.0331115 seconds.
  importAddress: GUID: 4894376b7702cb947983b5d89189d6bf - Path: Assets/Scripts/Environment/GrietaReparacion.cs - Importer: PreviewImporter
Importing 'GUID: 4894376b7702cb947983b5d89189d6bf - Path: Assets/Scripts/Environment/GrietaReparacion.cs - Importer: PreviewImporter' with importer (PreviewImporter)
Imported 'GUID: 4894376b7702cb947983b5d89189d6bf' -> (Import Result ID: '00000000000000000000000000000000') in 0.002 seconds
Import Error Code:(4)
Message: Build asset version error: assets/scripts/environment/grietareparacion.cs in SourceAssetDB has modification time of '2026-10-03T01:06:19.9680304Z' while content on disk has modification time of '2026-10-03T01:06:47.2125Z'
  ERROR: Build asset version error: assets/scripts/environment/grietareparacion.cs in SourceAssetDB has modification time of '2026-10-03T01:06:19.9680304Z' while content on disk has modification time of '2026-10-03T01:06:47.2125Z'
Number of updated asset objects reloaded before import = 0
Number of asset objects unloaded after import = 0
========================================================================
Received Import Request.
  Time of request: 2026-10-03T01:07:52.3222959Z
  Time since last request: 0.0351312 seconds.
  importAddress: GUID: 4894376b7702cb947983b5d89189d6bf - Path: Assets/Scripts/Environment/GrietaReparacion.cs - Importer: PreviewImporter
Importing 'GUID: 4894376b7702cb947983b5d89189d6bf - Path: Assets/Scripts/Environment/GrietaReparacion.cs - Importer: PreviewImporter' with importer (PreviewImporter)
Imported 'GUID: 4894376b7702cb947983b5d89189d6bf' -> (Import Result ID: '00000000000000000000000000000000') in 0.001 seconds
Import Error Code:(4)
Message: Build asset version error: assets/scripts/environment/grietareparacion.cs in SourceAssetDB has modification time of '2026-10-03T01:06:19.9680304Z' while content on disk has modification time of '2026-10-03T01:06:47.2125Z'
  ERROR: Build asset version error: assets/scripts/environment/grietareparacion.cs in SourceAssetDB has modification time of '2026-10-03T01:06:19.9680304Z' while content on disk has modification time of '2026-10-03T01:06:47.2125Z'
Number of updated asset objects reloaded before import = 0
Number of asset objects unloaded after import = 0
========================================================================
Received Import Request.
  Time of request: 2026-10-03T01:07:52.3541126Z
  Time since last request: 0.0295419 seconds.
  importAddress: GUID: 4894376b7702cb947983b5d89189d6bf - Path: Assets/Scripts/Environment/GrietaReparacion.cs - Importer: PreviewImporter
Importing 'GUID: 4894376b7702cb947983b5d89189d6bf - Path: Assets/Scripts/Environment/GrietaReparacion.cs - Importer: PreviewImporter' with importer (PreviewImporter)
Imported 'GUID: 4894376b7702cb947983b5d89189d6bf' -> (Import Result ID: '00000000000000000000000000000000') in 0.001 seconds
Import Error Code:(4)
Message: Build asset version error: assets/scripts/environment/grietareparacion.cs in SourceAssetDB has modification time of '2026-10-03T01:06:19.9680304Z' while content on disk has modification time of '2026-10-03T01:06:47.2125Z'
  ERROR: Build asset version error: assets/scripts/environment/grietareparacion.cs in SourceAssetDB has modification time of '2026-10-03T01:06:19.9680304Z' while content on disk has modification time of '2026-10-03T01:06:47.2125Z'
Number of updated asset objects reloaded before import = 0
Number of asset objects unloaded after import = 0
========================================================================
Received Import Request.
  Time of request: 2026-10-03T01:07:52.385712Z
  Time since last request: 0.0292351 seconds.
  importAddress: GUID: 4894376b7702cb947983b5d89189d6bf - Path: Assets/Scripts/Environment/GrietaReparacion.cs - Importer: PreviewImporter
Importing 'GUID: 4894376b7702cb947983b5d89189d6bf - Path: Assets/Scripts/Environment/GrietaReparacion.cs - Importer: PreviewImporter' with importer (PreviewImporter)
Imported 'GUID: 4894376b7702cb947983b5d89189d6bf' -> (Import Result ID: '00000000000000000000000000000000') in 0.001 seconds
Import Error Code:(4)
Message: Build asset version error: assets/scripts/environment/grietareparacion.cs in SourceAssetDB has modification time of '2026-10-03T01:06:19.9680304Z' while content on disk has modification time of '2026-10-03T01:06:47.2125Z'
  ERROR: Build asset version error: assets/scripts/environment/grietareparacion.cs in SourceAssetDB has modification time of '2026-10-03T01:06:19.9680304Z' while content on disk has modification time of '2026-10-03T01:06:47.2125Z'
Number of updated asset objects reloaded before import = 0
Number of asset objects unloaded after import = 0
========================================================================
Received Import Request.
  Time of request: 2026-10-03T01:07:52.4505319Z
  Time since last request: 0.0626059 seconds.
  importAddress: GUID: 4894376b7702cb947983b5d89189d6bf - Path: Assets/Scripts/Environment/GrietaReparacion.cs - Importer: PreviewImporter
Importing 'GUID: 4894376b7702cb947983b5d89189d6bf - Path: Assets/Scripts/Environment/GrietaReparacion.cs - Importer: PreviewImporter' with importer (PreviewImporter)
Imported 'GUID: 4894376b7702cb947983b5d89189d6bf' -> (Import Result ID: '00000000000000000000000000000000') in 0.001 seconds
Import Error Code:(4)
Message: Build asset version error: assets/scripts/environment/grietareparacion.cs in SourceAssetDB has modification time of '2026-10-03T01:06:19.9680304Z' while content on disk has modification time of '2026-10-03T01:06:47.2125Z'
  ERROR: Build asset version error: assets/scripts/environment/grietareparacion.cs in SourceAssetDB has modification time of '2026-10-03T01:06:19.9680304Z' while content on disk has modification time of '2026-10-03T01:06:47.2125Z'
Number of updated asset objects reloaded before import = 0
Number of asset objects unloaded after import = 0
========================================================================
Received Import Request.
  Time of request: 2026-10-03T01:07:52.4812397Z
  Time since last request: 0.0281711 seconds.
  importAddress: GUID: 4894376b7702cb947983b5d89189d6bf - Path: Assets/Scripts/Environment/GrietaReparacion.cs - Importer: PreviewImporter
Importing 'GUID: 4894376b7702cb947983b5d89189d6bf - Path: Assets/Scripts/Environment/GrietaReparacion.cs - Importer: PreviewImporter' with importer (PreviewImporter)
Imported 'GUID: 4894376b7702cb947983b5d89189d6bf' -> (Import Result ID: '00000000000000000000000000000000') in 0.001 seconds
Import Error Code:(4)
Message: Build asset version error: assets/scripts/environment/grietareparacion.cs in SourceAssetDB has modification time of '2026-10-03T01:06:19.9680304Z' while content on disk has modification time of '2026-10-03T01:06:47.2125Z'
  ERROR: Build asset version error: assets/scripts/environment/grietareparacion.cs in SourceAssetDB has modification time of '2026-10-03T01:06:19.9680304Z' while content on disk has modification time of '2026-10-03T01:06:47.2125Z'
Number of updated asset objects reloaded before import = 0
Number of asset objects unloaded after import = 0
========================================================================
Received Import Request.
  Time of request: 2026-10-03T01:07:52.5115731Z
  Time since last request: 0.028134 seconds.
  importAddress: GUID: 4894376b7702cb947983b5d89189d6bf - Path: Assets/Scripts/Environment/GrietaReparacion.cs - Importer: PreviewImporter
Importing 'GUID: 4894376b7702cb947983b5d89189d6bf - Path: Assets/Scripts/Environment/GrietaReparacion.cs - Importer: PreviewImporter' with importer (PreviewImporter)
Imported 'GUID: 4894376b7702cb947983b5d89189d6bf' -> (Import Result ID: '00000000000000000000000000000000') in 0.001 seconds
Import Error Code:(4)
Message: Build asset version error: assets/scripts/environment/grietareparacion.cs in SourceAssetDB has modification time of '2026-10-03T01:06:19.9680304Z' while content on disk has modification time of '2026-10-03T01:06:47.2125Z'
  ERROR: Build asset version error: assets/scripts/environment/grietareparacion.cs in SourceAssetDB has modification time of '2026-10-03T01:06:19.9680304Z' while content on disk has modification time of '2026-10-03T01:06:47.2125Z'
Number of updated asset objects reloaded before import = 0
Number of asset objects unloaded after import = 0
========================================================================
Received Import Request.
  Time of request: 2026-10-03T01:07:52.544411Z
  Time since last request: 0.0305421 seconds.
  importAddress: GUID: 4894376b7702cb947983b5d89189d6bf - Path: Assets/Scripts/Environment/GrietaReparacion.cs - Importer: PreviewImporter
Importing 'GUID: 4894376b7702cb947983b5d89189d6bf - Path: Assets/Scripts/Environment/GrietaReparacion.cs - Importer: PreviewImporter' with importer (PreviewImporter)
Imported 'GUID: 4894376b7702cb947983b5d89189d6bf' -> (Import Result ID: '00000000000000000000000000000000') in 0.001 seconds
Import Error Code:(4)
Message: Build asset version error: assets/scripts/environment/grietareparacion.cs in SourceAssetDB has modification time of '2026-10-03T01:06:19.9680304Z' while content on disk has modification time of '2026-10-03T01:06:47.2125Z'
  ERROR: Build asset version error: assets/scripts/environment/grietareparacion.cs in SourceAssetDB has modification time of '2026-10-03T01:06:19.9680304Z' while content on disk has modification time of '2026-10-03T01:06:47.2125Z'
Number of updated asset objects reloaded before import = 0
Number of asset objects unloaded after import = 0
========================================================================
Received Import Request.
  Time of request: 2026-10-03T01:07:52.5801864Z
  Time since last request: 0.0333134 seconds.
  importAddress: GUID: 4894376b7702cb947983b5d89189d6bf - Path: Assets/Scripts/Environment/GrietaReparacion.cs - Importer: PreviewImporter
Importing 'GUID: 4894376b7702cb947983b5d89189d6bf - Path: Assets/Scripts/Environment/GrietaReparacion.cs - Importer: PreviewImporter' with importer (PreviewImporter)
Imported 'GUID: 4894376b7702cb947983b5d89189d6bf' -> (Import Result ID: '00000000000000000000000000000000') in 0.002 seconds
Import Error Code:(4)
Message: Build asset version error: assets/scripts/environment/grietareparacion.cs in SourceAssetDB has modification time of '2026-10-03T01:06:19.9680304Z' while content on disk has modification time of '2026-10-03T01:06:47.2125Z'
  ERROR: Build asset version error: assets/scripts/environment/grietareparacion.cs in SourceAssetDB has modification time of '2026-10-03T01:06:19.9680304Z' while content on disk has modification time of '2026-10-03T01:06:47.2125Z'
Number of updated asset objects reloaded before import = 0
Number of asset objects unloaded after import = 0
========================================================================
Received Import Request.
  Time of request: 2026-10-03T01:07:52.6253129Z
  Time since last request: 0.0420662 seconds.
  importAddress: GUID: 4894376b7702cb947983b5d89189d6bf - Path: Assets/Scripts/Environment/GrietaReparacion.cs - Importer: PreviewImporter
Importing 'GUID: 4894376b7702cb947983b5d89189d6bf - Path: Assets/Scripts/Environment/GrietaReparacion.cs - Importer: PreviewImporter' with importer (PreviewImporter)
Imported 'GUID: 4894376b7702cb947983b5d89189d6bf' -> (Import Result ID: '00000000000000000000000000000000') in 0.002 seconds
Import Error Code:(4)
Message: Build asset version error: assets/scripts/environment/grietareparacion.cs in SourceAssetDB has modification time of '2026-10-03T01:06:19.9680304Z' while content on disk has modification time of '2026-10-03T01:06:47.2125Z'
  ERROR: Build asset version error: assets/scripts/environment/grietareparacion.cs in SourceAssetDB has modification time of '2026-10-03T01:06:19.9680304Z' while content on disk has modification time of '2026-10-03T01:06:47.2125Z'
Number of updated asset objects reloaded before import = 0
Number of asset objects unloaded after import = 0
========================================================================
Received Import Request.
  Time of request: 2026-10-03T01:07:52.6734149Z
  Time since last request: 0.0440933 seconds.
  importAddress: GUID: 4894376b7702cb947983b5d89189d6bf - Path: Assets/Scripts/Environment/GrietaReparacion.cs - Importer: PreviewImporter
Importing 'GUID: 4894376b7702cb947983b5d89189d6bf - Path: Assets/Scripts/Environment/GrietaReparacion.cs - Importer: PreviewImporter' with importer (PreviewImporter)
Imported 'GUID: 4894376b7702cb947983b5d89189d6bf' -> (Import Result ID: '00000000000000000000000000000000') in 0.002 seconds
Import Error Code:(4)
Message: Build asset version error: assets/scripts/environment/grietareparacion.cs in SourceAssetDB has modification time of '2026-10-03T01:06:19.9680304Z' while content on disk has modification time of '2026-10-03T01:06:47.2125Z'
  ERROR: Build asset version error: assets/scripts/environment/grietareparacion.cs in SourceAssetDB has modification time of '2026-10-03T01:06:19.9680304Z' while content on disk has modification time of '2026-10-03T01:06:47.2125Z'
Number of updated asset objects reloaded before import = 0
Number of asset objects unloaded after import = 0
========================================================================
Received Import Request.
  Time of request: 2026-10-03T01:07:52.7172401Z
  Time since last request: 0.0404349 seconds.
  importAddress: GUID: 4894376b7702cb947983b5d89189d6bf - Path: Assets/Scripts/Environment/GrietaReparacion.cs - Importer: PreviewImporter
Importing 'GUID: 4894376b7702cb947983b5d89189d6bf - Path: Assets/Scripts/Environment/GrietaReparacion.cs - Importer: PreviewImporter' with importer (PreviewImporter)
Imported 'GUID: 4894376b7702cb947983b5d89189d6bf' -> (Import Result ID: '00000000000000000000000000000000') in 0.002 seconds
Import Error Code:(4)
Message: Build asset version error: assets/scripts/environment/grietareparacion.cs in SourceAssetDB has modification time of '2026-10-03T01:06:19.9680304Z' while content on disk has modification time of '2026-10-03T01:06:47.2125Z'
  ERROR: Build asset version error: assets/scripts/environment/grietareparacion.cs in SourceAssetDB has modification time of '2026-10-03T01:06:19.9680304Z' while content on disk has modification time of '2026-10-03T01:06:47.2125Z'
Number of updated asset objects reloaded before import = 0
Number of asset objects unloaded after import = 0
========================================================================
Received Import Request.
  Time of request: 2026-10-03T01:07:52.755469Z
  Time since last request: 0.0348346 seconds.
  importAddress: GUID: 4894376b7702cb947983b5d89189d6bf - Path: Assets/Scripts/Environment/GrietaReparacion.cs - Importer: PreviewImporter
Importing 'GUID: 4894376b7702cb947983b5d89189d6bf - Path: Assets/Scripts/Environment/GrietaReparacion.cs - Importer: PreviewImporter' with importer (PreviewImporter)
Imported 'GUID: 4894376b7702cb947983b5d89189d6bf' -> (Import Result ID: '00000000000000000000000000000000') in 0.001 seconds
Import Error Code:(4)
Message: Build asset version error: assets/scripts/environment/grietareparacion.cs in SourceAssetDB has modification time of '2026-10-03T01:06:19.9680304Z' while content on disk has modification time of '2026-10-03T01:06:47.2125Z'
  ERROR: Build asset version error: assets/scripts/environment/grietareparacion.cs in SourceAssetDB has modification time of '2026-10-03T01:06:19.9680304Z' while content on disk has modification time of '2026-10-03T01:06:47.2125Z'
Number of updated asset objects reloaded before import = 0
Number of asset objects unloaded after import = 0
========================================================================
Received Import Request.
  Time of request: 2026-10-03T01:07:52.7930547Z
  Time since last request: 0.0333257 seconds.
  importAddress: GUID: 4894376b7702cb947983b5d89189d6bf - Path: Assets/Scripts/Environment/GrietaReparacion.cs - Importer: PreviewImporter
Importing 'GUID: 4894376b7702cb947983b5d89189d6bf - Path: Assets/Scripts/Environment/GrietaReparacion.cs - Importer: PreviewImporter' with importer (PreviewImporter)
Imported 'GUID: 4894376b7702cb947983b5d89189d6bf' -> (Import Result ID: '00000000000000000000000000000000') in 0.001 seconds
Import Error Code:(4)
Message: Build asset version error: assets/scripts/environment/grietareparacion.cs in SourceAssetDB has modification time of '2026-10-03T01:06:19.9680304Z' while content on disk has modification time of '2026-10-03T01:06:47.2125Z'
  ERROR: Build asset version error: assets/scripts/environment/grietareparacion.cs in SourceAssetDB has modification time of '2026-10-03T01:06:19.9680304Z' while content on disk has modification time of '2026-10-03T01:06:47.2125Z'
Number of updated asset objects reloaded before import = 0
Number of asset objects unloaded after import = 0
========================================================================
Received Import Request.
  Time of request: 2026-10-03T01:07:52.8308338Z
  Time since last request: 0.0354399 seconds.
  importAddress: GUID: 4894376b7702cb947983b5d89189d6bf - Path: Assets/Scripts/Environment/GrietaReparacion.cs - Importer: PreviewImporter
Importing 'GUID: 4894376b7702cb947983b5d89189d6bf - Path: Assets/Scripts/Environment/GrietaReparacion.cs - Importer: PreviewImporter' with importer (PreviewImporter)
Imported 'GUID: 4894376b7702cb947983b5d89189d6bf' -> (Import Result ID: '00000000000000000000000000000000') in 0.001 seconds
Import Error Code:(4)
Message: Build asset version error: assets/scripts/environment/grietareparacion.cs in SourceAssetDB has modification time of '2026-10-03T01:06:19.9680304Z' while content on disk has modification time of '2026-10-03T01:06:47.2125Z'
  ERROR: Build asset version error: assets/scripts/environment/grietareparacion.cs in SourceAssetDB has modification time of '2026-10-03T01:06:19.9680304Z' while content on disk has modification time of '2026-10-03T01:06:47.2125Z'
Number of updated asset objects reloaded before import = 0
Number of asset objects unloaded after import = 0
========================================================================
Received Import Request.
  Time of request: 2026-10-03T01:07:52.8685683Z
  Time since last request: 0.0352515 seconds.
  importAddress: GUID: 4894376b7702cb947983b5d89189d6bf - Path: Assets/Scripts/Environment/GrietaReparacion.cs - Importer: PreviewImporter
Importing 'GUID: 4894376b7702cb947983b5d89189d6bf - Path: Assets/Scripts/Environment/GrietaReparacion.cs - Importer: PreviewImporter' with importer (PreviewImporter)
Imported 'GUID: 4894376b7702cb947983b5d89189d6bf' -> (Import Result ID: '00000000000000000000000000000000') in 0.001 seconds
Import Error Code:(4)
Message: Build asset version error: assets/scripts/environment/grietareparacion.cs in SourceAssetDB has modification time of '2026-10-03T01:06:19.9680304Z' while content on disk has modification time of '2026-10-03T01:06:47.2125Z'
  ERROR: Build asset version error: assets/scripts/environment/grietareparacion.cs in SourceAssetDB has modification time of '2026-10-03T01:06:19.9680304Z' while content on disk has modification time of '2026-10-03T01:06:47.2125Z'
Number of updated asset objects reloaded before import = 0
Number of asset objects unloaded after import = 0
========================================================================
Received Import Request.
  Time of request: 2026-10-03T01:07:52.9039849Z
  Time since last request: 0.0325617 seconds.
  importAddress: GUID: 4894376b7702cb947983b5d89189d6bf - Path: Assets/Scripts/Environment/GrietaReparacion.cs - Importer: PreviewImporter
Importing 'GUID: 4894376b7702cb947983b5d89189d6bf - Path: Assets/Scripts/Environment/GrietaReparacion.cs - Importer: PreviewImporter' with importer (PreviewImporter)
Imported 'GUID: 4894376b7702cb947983b5d89189d6bf' -> (Import Result ID: '00000000000000000000000000000000') in 0.001 seconds
Import Error Code:(4)
Message: Build asset version error: assets/scripts/environment/grietareparacion.cs in SourceAssetDB has modification time of '2026-10-03T01:06:19.9680304Z' while content on disk has modification time of '2026-10-03T01:06:47.2125Z'
  ERROR: Build asset version error: assets/scripts/environment/grietareparacion.cs in SourceAssetDB has modification time of '2026-10-03T01:06:19.9680304Z' while content on disk has modification time of '2026-10-03T01:06:47.2125Z'
Number of updated asset objects reloaded before import = 0
Number of asset objects unloaded after import = 0
========================================================================
Received Import Request.
  Time of request: 2026-10-03T01:07:52.9327005Z
  Time since last request: 0.0267699 seconds.
  importAddress: GUID: 4894376b7702cb947983b5d89189d6bf - Path: Assets/Scripts/Environment/GrietaReparacion.cs - Importer: PreviewImporter
Importing 'GUID: 4894376b7702cb947983b5d89189d6bf - Path: Assets/Scripts/Environment/GrietaReparacion.cs - Importer: PreviewImporter' with importer (PreviewImporter)
Imported 'GUID: 4894376b7702cb947983b5d89189d6bf' -> (Import Result ID: '00000000000000000000000000000000') in 0.001 seconds
Import Error Code:(4)
Message: Build asset version error: assets/scripts/environment/grietareparacion.cs in SourceAssetDB has modification time of '2026-10-03T01:06:19.9680304Z' while content on disk has modification time of '2026-10-03T01:06:47.2125Z'
  ERROR: Build asset version error: assets/scripts/environment/grietareparacion.cs in SourceAssetDB has modification time of '2026-10-03T01:06:19.9680304Z' while content on disk has modification time of '2026-10-03T01:06:47.2125Z'
Number of updated asset objects reloaded before import = 0
Number of asset objects unloaded after import = 0
========================================================================
Received Import Request.
  Time of request: 2026-10-03T01:07:52.9623132Z
  Time since last request: 0.0272857 seconds.
  importAddress: GUID: 4894376b7702cb947983b5d89189d6bf - Path: Assets/Scripts/Environment/GrietaReparacion.cs - Importer: PreviewImporter
Importing 'GUID: 4894376b7702cb947983b5d89189d6bf - Path: Assets/Scripts/Environment/GrietaReparacion.cs - Importer: PreviewImporter' with importer (PreviewImporter)
Imported 'GUID: 4894376b7702cb947983b5d89189d6bf' -> (Import Result ID: '00000000000000000000000000000000') in 0.001 seconds
Import Error Code:(4)
Message: Build asset version error: assets/scripts/environment/grietareparacion.cs in SourceAssetDB has modification time of '2026-10-03T01:06:19.9680304Z' while content on disk has modification time of '2026-10-03T01:06:47.2125Z'
  ERROR: Build asset version error: assets/scripts/environment/grietareparacion.cs in SourceAssetDB has modification time of '2026-10-03T01:06:19.9680304Z' while content on disk has modification time of '2026-10-03T01:06:47.2125Z'
Number of updated asset objects reloaded before import = 0
Number of asset objects unloaded after import = 0
========================================================================
Received Import Request.
  Time of request: 2026-10-03T01:07:52.9919488Z
  Time since last request: 0.0277583 seconds.
  importAddress: GUID: 4894376b7702cb947983b5d89189d6bf - Path: Assets/Scripts/Environment/GrietaReparacion.cs - Importer: PreviewImporter
Importing 'GUID: 4894376b7702cb947983b5d89189d6bf - Path: Assets/Scripts/Environment/GrietaReparacion.cs - Importer: PreviewImporter' with importer (PreviewImporter)
Imported 'GUID: 4894376b7702cb947983b5d89189d6bf' -> (Import Result ID: '00000000000000000000000000000000') in 0.001 seconds
Import Error Code:(4)
Message: Build asset version error: assets/scripts/environment/grietareparacion.cs in SourceAssetDB has modification time of '2026-10-03T01:06:19.9680304Z' while content on disk has modification time of '2026-10-03T01:06:47.2125Z'
  ERROR: Build asset version error: assets/scripts/environment/grietareparacion.cs in SourceAssetDB has modification time of '2026-10-03T01:06:19.9680304Z' while content on disk has modification time of '2026-10-03T01:06:47.2125Z'
Number of updated asset objects reloaded before import = 0
Number of asset objects unloaded after import = 0
========================================================================
Received Import Request.
  Time of request: 2026-10-03T01:07:53.0224513Z
  Time since last request: 0.0287583 seconds.
  importAddress: GUID: 4894376b7702cb947983b5d89189d6bf - Path: Assets/Scripts/Environment/GrietaReparacion.cs - Importer: PreviewImporter
Importing 'GUID: 4894376b7702cb947983b5d89189d6bf - Path: Assets/Scripts/Environment/GrietaReparacion.cs - Importer: PreviewImporter' with importer (PreviewImporter)
Imported 'GUID: 4894376b7702cb947983b5d89189d6bf' -> (Import Result ID: '00000000000000000000000000000000') in 0.001 seconds
Import Error Code:(4)
Message: Build asset version error: assets/scripts/environment/grietareparacion.cs in SourceAssetDB has modification time of '2026-10-03T01:06:19.9680304Z' while content on disk has modification time of '2026-10-03T01:06:47.2125Z'
  ERROR: Build asset version error: assets/scripts/environment/grietareparacion.cs in SourceAssetDB has modification time of '2026-10-03T01:06:19.9680304Z' while content on disk has modification time of '2026-10-03T01:06:47.2125Z'
Number of updated asset objects reloaded before import = 0
Number of asset objects unloaded after import = 0
========================================================================
Received Import Request.
  Time of request: 2026-10-03T01:07:53.0545871Z
  Time since last request: 0.0298472 seconds.
  importAddress: GUID: 4894376b7702cb947983b5d89189d6bf - Path: Assets/Scripts/Environment/GrietaReparacion.cs - Importer: PreviewImporter
Importing 'GUID: 4894376b7702cb947983b5d89189d6bf - Path: Assets/Scripts/Environment/GrietaReparacion.cs - Importer: PreviewImporter' with importer (PreviewImporter)
Imported 'GUID: 4894376b7702cb947983b5d89189d6bf' -> (Import Result ID: '00000000000000000000000000000000') in 0.001 seconds
Import Error Code:(4)
Message: Build asset version error: assets/scripts/environment/grietareparacion.cs in SourceAssetDB has modification time of '2026-10-03T01:06:19.9680304Z' while content on disk has modification time of '2026-10-03T01:06:47.2125Z'
  ERROR: Build asset version error: assets/scripts/environment/grietareparacion.cs in SourceAssetDB has modification time of '2026-10-03T01:06:19.9680304Z' while content on disk has modification time of '2026-10-03T01:06:47.2125Z'
Number of updated asset objects reloaded before import = 0
Number of asset objects unloaded after import = 0
========================================================================
Received Import Request.
  Time of request: 2026-10-03T01:07:53.085522Z
  Time since last request: 0.0284751 seconds.
  importAddress: GUID: 4894376b7702cb947983b5d89189d6bf - Path: Assets/Scripts/Environment/GrietaReparacion.cs - Importer: PreviewImporter
Importing 'GUID: 4894376b7702cb947983b5d89189d6bf - Path: Assets/Scripts/Environment/GrietaReparacion.cs - Importer: PreviewImporter' with importer (PreviewImporter)
Imported 'GUID: 4894376b7702cb947983b5d89189d6bf' -> (Import Result ID: '00000000000000000000000000000000') in 0.002 seconds
Import Error Code:(4)
Message: Build asset version error: assets/scripts/environment/grietareparacion.cs in SourceAssetDB has modification time of '2026-10-03T01:06:19.9680304Z' while content on disk has modification time of '2026-10-03T01:06:47.2125Z'
  ERROR: Build asset version error: assets/scripts/environment/grietareparacion.cs in SourceAssetDB has modification time of '2026-10-03T01:06:19.9680304Z' while content on disk has modification time of '2026-10-03T01:06:47.2125Z'
Number of updated asset objects reloaded before import = 0
Number of asset objects unloaded after import = 0
========================================================================
Received Import Request.
  Time of request: 2026-10-03T01:07:53.1145375Z
  Time since last request: 0.0259046 seconds.
  importAddress: GUID: 4894376b7702cb947983b5d89189d6bf - Path: Assets/Scripts/Environment/GrietaReparacion.cs - Importer: PreviewImporter
Importing 'GUID: 4894376b7702cb947983b5d89189d6bf - Path: Assets/Scripts/Environment/GrietaReparacion.cs - Importer: PreviewImporter' with importer (PreviewImporter)
Imported 'GUID: 4894376b7702cb947983b5d89189d6bf' -> (Import Result ID: '00000000000000000000000000000000') in 0.001 seconds
Import Error Code:(4)
Message: Build asset version error: assets/scripts/environment/grietareparacion.cs in SourceAssetDB has modification time of '2026-10-03T01:06:19.9680304Z' while content on disk has modification time of '2026-10-03T01:06:47.2125Z'
  ERROR: Build asset version error: assets/scripts/environment/grietareparacion.cs in SourceAssetDB has modification time of '2026-10-03T01:06:19.9680304Z' while content on disk has modification time of '2026-10-03T01:06:47.2125Z'
Number of updated asset objects reloaded before import = 0
Number of asset objects unloaded after import = 0
========================================================================
Received Import Request.
  Time of request: 2026-10-03T01:07:53.1446956Z
  Time since last request: 0.027917 seconds.
  importAddress: GUID: 4894376b7702cb947983b5d89189d6bf - Path: Assets/Scripts/Environment/GrietaReparacion.cs - Importer: PreviewImporter
Importing 'GUID: 4894376b7702cb947983b5d89189d6bf - Path: Assets/Scripts/Environment/GrietaReparacion.cs - Importer: PreviewImporter' with importer (PreviewImporter)
Imported 'GUID: 4894376b7702cb947983b5d89189d6bf' -> (Import Result ID: '00000000000000000000000000000000') in 0.001 seconds
Import Error Code:(4)
Message: Build asset version error: assets/scripts/environment/grietareparacion.cs in SourceAssetDB has modification time of '2026-10-03T01:06:19.9680304Z' while content on disk has modification time of '2026-10-03T01:06:47.2125Z'
  ERROR: Build asset version error: assets/scripts/environment/grietareparacion.cs in SourceAssetDB has modification time of '2026-10-03T01:06:19.9680304Z' while content on disk has modification time of '2026-10-03T01:06:47.2125Z'
Number of updated asset objects reloaded before import = 0
Number of asset objects unloaded after import = 0
========================================================================
Received Import Request.
  Time of request: 2026-10-03T01:07:53.1747944Z
  Time since last request: 0.027964 seconds.
  importAddress: GUID: 4894376b7702cb947983b5d89189d6bf - Path: Assets/Scripts/Environment/GrietaReparacion.cs - Importer: PreviewImporter
Importing 'GUID: 4894376b7702cb947983b5d89189d6bf - Path: Assets/Scripts/Environment/GrietaReparacion.cs - Importer: PreviewImporter' with importer (PreviewImporter)
Imported 'GUID: 4894376b7702cb947983b5d89189d6bf' -> (Import Result ID: '00000000000000000000000000000000') in 0.001 seconds
Import Error Code:(4)
Message: Build asset version error: assets/scripts/environment/grietareparacion.cs in SourceAssetDB has modification time of '2026-10-03T01:06:19.9680304Z' while content on disk has modification time of '2026-10-03T01:06:47.2125Z'
  ERROR: Build asset version error: assets/scripts/environment/grietareparacion.cs in SourceAssetDB has modification time of '2026-10-03T01:06:19.9680304Z' while content on disk has modification time of '2026-10-03T01:06:47.2125Z'
Number of updated asset objects reloaded before import = 0
Number of asset objects unloaded after import = 0
========================================================================
Received Import Request.
  Time of request: 2026-10-03T01:07:53.2071411Z
  Time since last request: 0.0299811 seconds.
  importAddress: GUID: 4894376b7702cb947983b5d89189d6bf - Path: Assets/Scripts/Environment/GrietaReparacion.cs - Importer: PreviewImporter
Importing 'GUID: 4894376b7702cb947983b5d89189d6bf - Path: Assets/Scripts/Environment/GrietaReparacion.cs - Importer: PreviewImporter' with importer (PreviewImporter)
Imported 'GUID: 4894376b7702cb947983b5d89189d6bf' -> (Import Result ID: '00000000000000000000000000000000') in 0.001 seconds
Import Error Code:(4)
Message: Build asset version error: assets/scripts/environment/grietareparacion.cs in SourceAssetDB has modification time of '2026-10-03T01:06:19.9680304Z' while content on disk has modification time of '2026-10-03T01:06:47.2125Z'
  ERROR: Build asset version error: assets/scripts/environment/grietareparacion.cs in SourceAssetDB has modification time of '2026-10-03T01:06:19.9680304Z' while content on disk has modification time of '2026-10-03T01:06:47.2125Z'
Number of updated asset objects reloaded before import = 0
Number of asset objects unloaded after import = 0
========================================================================
Received Import Request.
  Time of request: 2026-10-03T01:07:53.2378454Z
  Time since last request: 0.0285707 seconds.
  importAddress: GUID: 4894376b7702cb947983b5d89189d6bf - Path: Assets/Scripts/Environment/GrietaReparacion.cs - Importer: PreviewImporter
Importing 'GUID: 4894376b7702cb947983b5d89189d6bf - Path: Assets/Scripts/Environment/GrietaReparacion.cs - Importer: PreviewImporter' with importer (PreviewImporter)
Imported 'GUID: 4894376b7702cb947983b5d89189d6bf' -> (Import Result ID: '00000000000000000000000000000000') in 0.001 seconds
Import Error Code:(4)
Message: Build asset version error: assets/scripts/environment/grietareparacion.cs in SourceAssetDB has modification time of '2026-10-03T01:06:19.9680304Z' while content on disk has modification time of '2026-10-03T01:06:47.2125Z'
  ERROR: Build asset version error: assets/scripts/environment/grietareparacion.cs in SourceAssetDB has modification time of '2026-10-03T01:06:19.9680304Z' while content on disk has modification time of '2026-10-03T01:06:47.2125Z'
Number of updated asset objects reloaded before import = 0
Number of asset objects unloaded after import = 0
========================================================================
Received Import Request.
  Time of request: 2026-10-03T01:07:53.2683538Z
  Time since last request: 0.0280424 seconds.
  importAddress: GUID: 4894376b7702cb947983b5d89189d6bf - Path: Assets/Scripts/Environment/GrietaReparacion.cs - Importer: PreviewImporter
Importing 'GUID: 4894376b7702cb947983b5d89189d6bf - Path: Assets/Scripts/Environment/GrietaReparacion.cs - Importer: PreviewImporter' with importer (PreviewImporter)
Imported 'GUID: 4894376b7702cb947983b5d89189d6bf' -> (Import Result ID: '00000000000000000000000000000000') in 0.001 seconds
Import Error Code:(4)
Message: Build asset version error: assets/scripts/environment/grietareparacion.cs in SourceAssetDB has modification time of '2026-10-03T01:06:19.9680304Z' while content on disk has modification time of '2026-10-03T01:06:47.2125Z'
  ERROR: Build asset version error: assets/scripts/environment/grietareparacion.cs in SourceAssetDB has modification time of '2026-10-03T01:06:19.9680304Z' while content on disk has modification time of '2026-10-03T01:06:47.2125Z'
Number of updated asset objects reloaded before import = 0
Number of asset objects unloaded after import = 0
========================================================================
Received Import Request.
  Time of request: 2026-10-03T01:07:53.2988678Z
  Time since last request: 0.0280108 seconds.
  importAddress: GUID: 4894376b7702cb947983b5d89189d6bf - Path: Assets/Scripts/Environment/GrietaReparacion.cs - Importer: PreviewImporter
Importing 'GUID: 4894376b7702cb947983b5d89189d6bf - Path: Assets/Scripts/Environment/GrietaReparacion.cs - Importer: PreviewImporter' with importer (PreviewImporter)
Imported 'GUID: 4894376b7702cb947983b5d89189d6bf' -> (Import Result ID: '00000000000000000000000000000000') in 0.001 seconds
Import Error Code:(4)
Message: Build asset version error: assets/scripts/environment/grietareparacion.cs in SourceAssetDB has modification time of '2026-10-03T01:06:19.9680304Z' while content on disk has modification time of '2026-10-03T01:06:47.2125Z'
  ERROR: Build asset version error: assets/scripts/environment/grietareparacion.cs in SourceAssetDB has modification time of '2026-10-03T01:06:19.9680304Z' while content on disk has modification time of '2026-10-03T01:06:47.2125Z'
Number of updated asset objects reloaded before import = 0
Number of asset objects unloaded after import = 0
========================================================================
Received Import Request.
  Time of request: 2026-10-03T01:07:53.3311068Z
  Time since last request: 0.0303707 seconds.
  importAddress: GUID: 4894376b7702cb947983b5d89189d6bf - Path: Assets/Scripts/Environment/GrietaReparacion.cs - Importer: PreviewImporter
Importing 'GUID: 4894376b7702cb947983b5d89189d6bf - Path: Assets/Scripts/Environment/GrietaReparacion.cs - Importer: PreviewImporter' with importer (PreviewImporter)
Imported 'GUID: 4894376b7702cb947983b5d89189d6bf' -> (Import Result ID: '00000000000000000000000000000000') in 0.001 seconds
Import Error Code:(4)
Message: Build asset version error: assets/scripts/environment/grietareparacion.cs in SourceAssetDB has modification time of '2026-10-03T01:06:19.9680304Z' while content on disk has modification time of '2026-10-03T01:06:47.2125Z'
  ERROR: Build asset version error: assets/scripts/environment/grietareparacion.cs in SourceAssetDB has modification time of '2026-10-03T01:06:19.9680304Z' while content on disk has modification time of '2026-10-03T01:06:47.2125Z'
Number of updated asset objects reloaded before import = 0
Number of asset objects unloaded after import = 0
========================================================================
Received Import Request.
  Time of request: 2026-10-03T01:07:53.3640105Z
  Time since last request: 0.0303374 seconds.
  importAddress: GUID: 4894376b7702cb947983b5d89189d6bf - Path: Assets/Scripts/Environment/GrietaReparacion.cs - Importer: PreviewImporter
Importing 'GUID: 4894376b7702cb947983b5d89189d6bf - Path: Assets/Scripts/Environment/GrietaReparacion.cs - Importer: PreviewImporter' with importer (PreviewImporter)
Imported 'GUID: 4894376b7702cb947983b5d89189d6bf' -> (Import Result ID: '00000000000000000000000000000000') in 0.001 seconds
Import Error Code:(4)
Message: Build asset version error: assets/scripts/environment/grietareparacion.cs in SourceAssetDB has modification time of '2026-10-03T01:06:19.9680304Z' while content on disk has modification time of '2026-10-03T01:06:47.2125Z'
  ERROR: Build asset version error: assets/scripts/environment/grietareparacion.cs in SourceAssetDB has modification time of '2026-10-03T01:06:19.9680304Z' while content on disk has modification time of '2026-10-03T01:06:47.2125Z'
Number of updated asset objects reloaded before import = 0
Number of asset objects unloaded after import = 0
========================================================================
Received Import Request.
  Time of request: 2026-10-03T01:07:53.3973858Z
  Time since last request: 0.0313868 seconds.
  importAddress: GUID: 4894376b7702cb947983b5d89189d6bf - Path: Assets/Scripts/Environment/GrietaReparacion.cs - Importer: PreviewImporter
Importing 'GUID: 4894376b7702cb947983b5d89189d6bf - Path: Assets/Scripts/Environment/GrietaReparacion.cs - Importer: PreviewImporter' with importer (PreviewImporter)
Imported 'GUID: 4894376b7702cb947983b5d89189d6bf' -> (Import Result ID: '00000000000000000000000000000000') in 0.001 seconds
Import Error Code:(4)
Message: Build asset version error: assets/scripts/environment/grietareparacion.cs in SourceAssetDB has modification time of '2026-10-03T01:06:19.9680304Z' while content on disk has modification time of '2026-10-03T01:06:47.2125Z'
  ERROR: Build asset version error: assets/scripts/environment/grietareparacion.cs in SourceAssetDB has modification time of '2026-10-03T01:06:19.9680304Z' while content on disk has modification time of '2026-10-03T01:06:47.2125Z'
Number of updated asset objects reloaded before import = 0
Number of asset objects unloaded after import = 0
========================================================================
Received Import Request.
  Time of request: 2026-10-03T01:07:53.4474268Z
  Time since last request: 0.0473189 seconds.
  importAddress: GUID: 4894376b7702cb947983b5d89189d6bf - Path: Assets/Scripts/Environment/GrietaReparacion.cs - Importer: PreviewImporter
Importing 'GUID: 4894376b7702cb947983b5d89189d6bf - Path: Assets/Scripts/Environment/GrietaReparacion.cs - Importer: PreviewImporter' with importer (PreviewImporter)
Imported 'GUID: 4894376b7702cb947983b5d89189d6bf' -> (Import Result ID: '00000000000000000000000000000000') in 0.002 seconds
Import Error Code:(4)
Message: Build asset version error: assets/scripts/environment/grietareparacion.cs in SourceAssetDB has modification time of '2026-10-03T01:06:19.9680304Z' while content on disk has modification time of '2026-10-03T01:06:47.2125Z'
  ERROR: Build asset version error: assets/scripts/environment/grietareparacion.cs in SourceAssetDB has modification time of '2026-10-03T01:06:19.9680304Z' while content on disk has modification time of '2026-10-03T01:06:47.2125Z'
Number of updated asset objects reloaded before import = 0
Number of asset objects unloaded after import = 0
========================================================================
Received Import Request.
  Time of request: 2026-10-03T01:07:53.497016Z
  Time since last request: 0.0465931 seconds.
  importAddress: GUID: 4894376b7702cb947983b5d89189d6bf - Path: Assets/Scripts/Environment/GrietaReparacion.cs - Importer: PreviewImporter
Importing 'GUID: 4894376b7702cb947983b5d89189d6bf - Path: Assets/Scripts/Environment/GrietaReparacion.cs - Importer: PreviewImporter' with importer (PreviewImporter)
Imported 'GUID: 4894376b7702cb947983b5d89189d6bf' -> (Import Result ID: '00000000000000000000000000000000') in 0.002 seconds
Import Error Code:(4)
Message: Build asset version error: assets/scripts/environment/grietareparacion.cs in SourceAssetDB has modification time of '2026-10-03T01:06:19.9680304Z' while content on disk has modification time of '2026-10-03T01:06:47.2125Z'
  ERROR: Build asset version error: assets/scripts/environment/grietareparacion.cs in SourceAssetDB has modification time of '2026-10-03T01:06:19.9680304Z' while content on disk has modification time of '2026-10-03T01:06:47.2125Z'
Number of updated asset objects reloaded before import = 0
Number of asset objects unloaded after import = 0
========================================================================
Received Import Request.
  Time of request: 2026-10-03T01:07:53.5454091Z
  Time since last request: 0.0452086 seconds.
  importAddress: GUID: 4894376b7702cb947983b5d89189d6bf - Path: Assets/Scripts/Environment/GrietaReparacion.cs - Importer: PreviewImporter
Importing 'GUID: 4894376b7702cb947983b5d89189d6bf - Path: Assets/Scripts/Environment/GrietaReparacion.cs - Importer: PreviewImporter' with importer (PreviewImporter)
Imported 'GUID: 4894376b7702cb947983b5d89189d6bf' -> (Import Result ID: '00000000000000000000000000000000') in 0.002 seconds
Import Error Code:(4)
Message: Build asset version error: assets/scripts/environment/grietareparacion.cs in SourceAssetDB has modification time of '2026-10-03T01:06:19.9680304Z' while content on disk has modification time of '2026-10-03T01:06:47.2125Z'
  ERROR: Build asset version error: assets/scripts/environment/grietareparacion.cs in SourceAssetDB has modification time of '2026-10-03T01:06:19.9680304Z' while content on disk has modification time of '2026-10-03T01:06:47.2125Z'
Number of updated asset objects reloaded before import = 0
Number of asset objects unloaded after import = 0
========================================================================
Received Import Request.
  Time of request: 2026-10-03T01:07:53.5802028Z
  Time since last request: 0.0314789 seconds.
  importAddress: GUID: 4894376b7702cb947983b5d89189d6bf - Path: Assets/Scripts/Environment/GrietaReparacion.cs - Importer: PreviewImporter
Importing 'GUID: 4894376b7702cb947983b5d89189d6bf - Path: Assets/Scripts/Environment/GrietaReparacion.cs - Importer: PreviewImporter' with importer (PreviewImporter)
Imported 'GUID: 4894376b7702cb947983b5d89189d6bf' -> (Import Result ID: '00000000000000000000000000000000') in 0.001 seconds
Import Error Code:(4)
Message: Build asset version error: assets/scripts/environment/grietareparacion.cs in SourceAssetDB has modification time of '2026-10-03T01:06:19.9680304Z' while content on disk has modification time of '2026-10-03T01:06:47.2125Z'
  ERROR: Build asset version error: assets/scripts/environment/grietareparacion.cs in SourceAssetDB has modification time of '2026-10-03T01:06:19.9680304Z' while content on disk has modification time of '2026-10-03T01:06:47.2125Z'
Number of updated asset objects reloaded before import = 0
Number of asset objects unloaded after import = 0
========================================================================
Received Import Request.
  Time of request: 2026-10-03T01:07:53.6162344Z
  Time since last request: 0.0333497 seconds.
  importAddress: GUID: 4894376b7702cb947983b5d89189d6bf - Path: Assets/Scripts/Environment/GrietaReparacion.cs - Importer: PreviewImporter
Importing 'GUID: 4894376b7702cb947983b5d89189d6bf - Path: Assets/Scripts/Environment/GrietaReparacion.cs - Importer: PreviewImporter' with importer (PreviewImporter)
Imported 'GUID: 4894376b7702cb947983b5d89189d6bf' -> (Import Result ID: '00000000000000000000000000000000') in 0.001 seconds
Import Error Code:(4)
Message: Build asset version error: assets/scripts/environment/grietareparacion.cs in SourceAssetDB has modification time of '2026-10-03T01:06:19.9680304Z' while content on disk has modification time of '2026-10-03T01:06:47.2125Z'
  ERROR: Build asset version error: assets/scripts/environment/grietareparacion.cs in SourceAssetDB has modification time of '2026-10-03T01:06:19.9680304Z' while content on disk has modification time of '2026-10-03T01:06:47.2125Z'
Number of updated asset objects reloaded before import = 0
Number of asset objects unloaded after import = 0
========================================================================
Received Import Request.
  Time of request: 2026-10-03T01:07:53.6551218Z
  Time since last request: 0.0361667 seconds.
  importAddress: GUID: 4894376b7702cb947983b5d89189d6bf - Path: Assets/Scripts/Environment/GrietaReparacion.cs - Importer: PreviewImporter
Importing 'GUID: 4894376b7702cb947983b5d89189d6bf - Path: Assets/Scripts/Environment/GrietaReparacion.cs - Importer: PreviewImporter' with importer (PreviewImporter)
Imported 'GUID: 4894376b7702cb947983b5d89189d6bf' -> (Import Result ID: '00000000000000000000000000000000') in 0.001 seconds
Import Error Code:(4)
Message: Build asset version error: assets/scripts/environment/grietareparacion.cs in SourceAssetDB has modification time of '2026-10-03T01:06:19.9680304Z' while content on disk has modification time of '2026-10-03T01:06:47.2125Z'
  ERROR: Build asset version error: assets/scripts/environment/grietareparacion.cs in SourceAssetDB has modification time of '2026-10-03T01:06:19.9680304Z' while content on disk has modification time of '2026-10-03T01:06:47.2125Z'
Number of updated asset objects reloaded before import = 0
Number of asset objects unloaded after import = 0
========================================================================
Received Import Request.
  Time of request: 2026-10-03T01:07:53.6930396Z
  Time since last request: 0.0355237 seconds.
  importAddress: GUID: 4894376b7702cb947983b5d89189d6bf - Path: Assets/Scripts/Environment/GrietaReparacion.cs - Importer: PreviewImporter
Importing 'GUID: 4894376b7702cb947983b5d89189d6bf - Path: Assets/Scripts/Environment/GrietaReparacion.cs - Importer: PreviewImporter' with importer (PreviewImporter)
Imported 'GUID: 4894376b7702cb947983b5d89189d6bf' -> (Import Result ID: '00000000000000000000000000000000') in 0.001 seconds
Import Error Code:(4)
Message: Build asset version error: assets/scripts/environment/grietareparacion.cs in SourceAssetDB has modification time of '2026-10-03T01:06:19.9680304Z' while content on disk has modification time of '2026-10-03T01:06:47.2125Z'
  ERROR: Build asset version error: assets/scripts/environment/grietareparacion.cs in SourceAssetDB has modification time of '2026-10-03T01:06:19.9680304Z' while content on disk has modification time of '2026-10-03T01:06:47.2125Z'
Number of updated asset objects reloaded before import = 0
Number of asset objects unloaded after import = 0
========================================================================
Received Import Request.
  Time of request: 2026-10-03T01:07:53.7311309Z
  Time since last request: 0.0357231 seconds.
  importAddress: GUID: 4894376b7702cb947983b5d89189d6bf - Path: Assets/Scripts/Environment/GrietaReparacion.cs - Importer: PreviewImporter
Importing 'GUID: 4894376b7702cb947983b5d89189d6bf - Path: Assets/Scripts/Environment/GrietaReparacion.cs - Importer: PreviewImporter' with importer (PreviewImporter)
Imported 'GUID: 4894376b7702cb947983b5d89189d6bf' -> (Import Result ID: '00000000000000000000000000000000') in 0.001 seconds
Import Error Code:(4)
Message: Build asset version error: assets/scripts/environment/grietareparacion.cs in SourceAssetDB has modification time of '2026-10-03T01:06:19.9680304Z' while content on disk has modification time of '2026-10-03T01:06:47.2125Z'
  ERROR: Build asset version error: assets/scripts/environment/grietareparacion.cs in SourceAssetDB has modification time of '2026-10-03T01:06:19.9680304Z' while content on disk has modification time of '2026-10-03T01:06:47.2125Z'
Number of updated asset objects reloaded before import = 0
Number of asset objects unloaded after import = 0
========================================================================
Received Import Request.
  Time of request: 2026-10-03T01:07:53.765093Z
  Time since last request: 0.0319057 seconds.
  importAddress: GUID: 4894376b7702cb947983b5d89189d6bf - Path: Assets/Scripts/Environment/GrietaReparacion.cs - Importer: PreviewImporter
Importing 'GUID: 4894376b7702cb947983b5d89189d6bf - Path: Assets/Scripts/Environment/GrietaReparacion.cs - Importer: PreviewImporter' with importer (PreviewImporter)
Imported 'GUID: 4894376b7702cb947983b5d89189d6bf' -> (Import Result ID: '00000000000000000000000000000000') in 0.001 seconds
Import Error Code:(4)
Message: Build asset version error: assets/scripts/environment/grietareparacion.cs in SourceAssetDB has modification time of '2026-10-03T01:06:19.9680304Z' while content on disk has modification time of '2026-10-03T01:06:47.2125Z'
  ERROR: Build asset version error: assets/scripts/environment/grietareparacion.cs in SourceAssetDB has modification time of '2026-10-03T01:06:19.9680304Z' while content on disk has modification time of '2026-10-03T01:06:47.2125Z'
Number of updated asset objects reloaded before import = 0
Number of asset objects unloaded after import = 0
========================================================================
Received Import Request.
  Time of request: 2026-10-03T01:07:53.7990341Z
  Time since last request: 0.0305634 seconds.
  importAddress: GUID: 4894376b7702cb947983b5d89189d6bf - Path: Assets/Scripts/Environment/GrietaReparacion.cs - Importer: PreviewImporter
Importing 'GUID: 4894376b7702cb947983b5d89189d6bf - Path: Assets/Scripts/Environment/GrietaReparacion.cs - Importer: PreviewImporter' with importer (PreviewImporter)
Imported 'GUID: 4894376b7702cb947983b5d89189d6bf' -> (Import Result ID: '00000000000000000000000000000000') in 0.001 seconds
Import Error Code:(4)
Message: Build asset version error: assets/scripts/environment/grietareparacion.cs in SourceAssetDB has modification time of '2026-10-03T01:06:19.9680304Z' while content on disk has modification time of '2026-10-03T01:06:47.2125Z'
  ERROR: Build asset version error: assets/scripts/environment/grietareparacion.cs in SourceAssetDB has modification time of '2026-10-03T01:06:19.9680304Z' while content on disk has modification time of '2026-10-03T01:06:47.2125Z'
Number of updated asset objects reloaded before import = 0
Number of asset objects unloaded after import = 0
========================================================================
Received Import Request.
  Time of request: 2026-10-03T01:07:53.837978Z
  Time since last request: 0.0365668 seconds.
  importAddress: GUID: 4894376b7702cb947983b5d89189d6bf - Path: Assets/Scripts/Environment/GrietaReparacion.cs - Importer: PreviewImporter
Importing 'GUID: 4894376b7702cb947983b5d89189d6bf - Path: Assets/Scripts/Environment/GrietaReparacion.cs - Importer: PreviewImporter' with importer (PreviewImporter)
Imported 'GUID: 4894376b7702cb947983b5d89189d6bf' -> (Import Result ID: '00000000000000000000000000000000') in 0.002 seconds
Import Error Code:(4)
Message: Build asset version error: assets/scripts/environment/grietareparacion.cs in SourceAssetDB has modification time of '2026-10-03T01:06:19.9680304Z' while content on disk has modification time of '2026-10-03T01:06:47.2125Z'
  ERROR: Build asset version error: assets/scripts/environment/grietareparacion.cs in SourceAssetDB has modification time of '2026-10-03T01:06:19.9680304Z' while content on disk has modification time of '2026-10-03T01:06:47.2125Z'
Number of updated asset objects reloaded before import = 0
Number of asset objects unloaded after import = 0
========================================================================
Received Import Request.
  Time of request: 2026-10-03T01:07:53.8762118Z
  Time since last request: 0.0347445 seconds.
  importAddress: GUID: 4894376b7702cb947983b5d89189d6bf - Path: Assets/Scripts/Environment/GrietaReparacion.cs - Importer: PreviewImporter
Importing 'GUID: 4894376b7702cb947983b5d89189d6bf - Path: Assets/Scripts/Environment/GrietaReparacion.cs - Importer: PreviewImporter' with importer (PreviewImporter)
Imported 'GUID: 4894376b7702cb947983b5d89189d6bf' -> (Import Result ID: '00000000000000000000000000000000') in 0.002 seconds
Import Error Code:(4)
Message: Build asset version error: assets/scripts/environment/grietareparacion.cs in SourceAssetDB has modification time of '2026-10-03T01:06:19.9680304Z' while content on disk has modification time of '2026-10-03T01:06:47.2125Z'
  ERROR: Build asset version error: assets/scripts/environment/grietareparacion.cs in SourceAssetDB has modification time of '2026-10-03T01:06:19.9680304Z' while content on disk has modification time of '2026-10-03T01:06:47.2125Z'
Number of updated asset objects reloaded before import = 0
Number of asset objects unloaded after import = 0
========================================================================
Received Import Request.
  Time of request: 2026-10-03T01:07:53.9141378Z
  Time since last request: 0.0351774 seconds.
  importAddress: GUID: 4894376b7702cb947983b5d89189d6bf - Path: Assets/Scripts/Environment/GrietaReparacion.cs - Importer: PreviewImporter
Importing 'GUID: 4894376b7702cb947983b5d89189d6bf - Path: Assets/Scripts/Environment/GrietaReparacion.cs - Importer: PreviewImporter' with importer (PreviewImporter)
Imported 'GUID: 4894376b7702cb947983b5d89189d6bf' -> (Import Result ID: '00000000000000000000000000000000') in 0.002 seconds
Import Error Code:(4)
Message: Build asset version error: assets/scripts/environment/grietareparacion.cs in SourceAssetDB has modification time of '2026-10-03T01:06:19.9680304Z' while content on disk has modification time of '2026-10-03T01:06:47.2125Z'
  ERROR: Build asset version error: assets/scripts/environment/grietareparacion.cs in SourceAssetDB has modification time of '2026-10-03T01:06:19.9680304Z' while content on disk has modification time of '2026-10-03T01:06:47.2125Z'
Number of updated asset objects reloaded before import = 0
Number of asset objects unloaded after import = 0
========================================================================
Received Import Request.
  Time of request: 2026-10-03T01:07:53.9507486Z
  Time since last request: 0.0314675 seconds.
  importAddress: GUID: 4894376b7702cb947983b5d89189d6bf - Path: Assets/Scripts/Environment/GrietaReparacion.cs - Importer: PreviewImporter
Importing 'GUID: 4894376b7702cb947983b5d89189d6bf - Path: Assets/Scripts/Environment/GrietaReparacion.cs - Importer: PreviewImporter' with importer (PreviewImporter)
Imported 'GUID: 4894376b7702cb947983b5d89189d6bf' -> (Import Result ID: '00000000000000000000000000000000') in 0.002 seconds
Import Error Code:(4)
Message: Build asset version error: assets/scripts/environment/grietareparacion.cs in SourceAssetDB has modification time of '2026-10-03T01:06:19.9680304Z' while content on disk has modification time of '2026-10-03T01:06:47.2125Z'
  ERROR: Build asset version error: assets/scripts/environment/grietareparacion.cs in SourceAssetDB has modification time of '2026-10-03T01:06:19.9680304Z' while content on disk has modification time of '2026-10-03T01:06:47.2125Z'
Number of updated asset objects reloaded before import = 0
Number of asset objects unloaded after import = 0
========================================================================
Received Import Request.
  Time of request: 2026-10-03T01:07:53.9897063Z
  Time since last request: 0.0346298 seconds.
  importAddress: GUID: 4894376b7702cb947983b5d89189d6bf - Path: Assets/Scripts/Environment/GrietaReparacion.cs - Importer: PreviewImporter
Importing 'GUID: 4894376b7702cb947983b5d89189d6bf - Path: Assets/Scripts/Environment/GrietaReparacion.cs - Importer: PreviewImporter' with importer (PreviewImporter)
Imported 'GUID: 4894376b7702cb947983b5d89189d6bf' -> (Import Result ID: '00000000000000000000000000000000') in 0.001 seconds
Import Error Code:(4)
Message: Build asset version error: assets/scripts/environment/grietareparacion.cs in SourceAssetDB has modification time of '2026-10-03T01:06:19.9680304Z' while content on disk has modification time of '2026-10-03T01:06:47.2125Z'
  ERROR: Build asset version error: assets/scripts/environment/grietareparacion.cs in SourceAssetDB has modification time of '2026-10-03T01:06:19.9680304Z' while content on disk has modification time of '2026-10-03T01:06:47.2125Z'
Number of updated asset objects reloaded before import = 0
Number of asset objects unloaded after import = 0
========================================================================
Received Import Request.
  Time of request: 2026-10-03T01:07:54.0304892Z
  Time since last request: 0.0381178 seconds.
  importAddress: GUID: 4894376b7702cb947983b5d89189d6bf - Path: Assets/Scripts/Environment/GrietaReparacion.cs - Importer: PreviewImporter
Importing 'GUID: 4894376b7702cb947983b5d89189d6bf - Path: Assets/Scripts/Environment/GrietaReparacion.cs - Importer: PreviewImporter' with importer (PreviewImporter)
Imported 'GUID: 4894376b7702cb947983b5d89189d6bf' -> (Import Result ID: '00000000000000000000000000000000') in 0.002 seconds
Import Error Code:(4)
Message: Build asset version error: assets/scripts/environment/grietareparacion.cs in SourceAssetDB has modification time of '2026-10-03T01:06:19.9680304Z' while content on disk has modification time of '2026-10-03T01:06:47.2125Z'
  ERROR: Build asset version error: assets/scripts/environment/grietareparacion.cs in SourceAssetDB has modification time of '2026-10-03T01:06:19.9680304Z' while content on disk has modification time of '2026-10-03T01:06:47.2125Z'
Number of updated asset objects reloaded before import = 0
Number of asset objects unloaded after import = 0
========================================================================
Received Import Request.
  Time of request: 2026-10-03T01:07:54.0770619Z
  Time since last request: 0.0432188 seconds.
  importAddress: GUID: 4894376b7702cb947983b5d89189d6bf - Path: Assets/Scripts/Environment/GrietaReparacion.cs - Importer: PreviewImporter
Importing 'GUID: 4894376b7702cb947983b5d89189d6bf - Path: Assets/Scripts/Environment/GrietaReparacion.cs - Importer: PreviewImporter' with importer (PreviewImporter)
Imported 'GUID: 4894376b7702cb947983b5d89189d6bf' -> (Import Result ID: '00000000000000000000000000000000') in 0.002 seconds
Import Error Code:(4)
Message: Build asset version error: assets/scripts/environment/grietareparacion.cs in SourceAssetDB has modification time of '2026-10-03T01:06:19.9680304Z' while content on disk has modification time of '2026-10-03T01:06:47.2125Z'
  ERROR: Build asset version error: assets/scripts/environment/grietareparacion.cs in SourceAssetDB has modification time of '2026-10-03T01:06:19.9680304Z' while content on disk has modification time of '2026-10-03T01:06:47.2125Z'
Number of updated asset objects reloaded before import = 0
Number of asset objects unloaded after import = 0
========================================================================
Received Import Request.
  Time of request: 2026-10-03T01:07:54.1254697Z
  Time since last request: 0.0448983 seconds.
  importAddress: GUID: 4894376b7702cb947983b5d89189d6bf - Path: Assets/Scripts/Environment/GrietaReparacion.cs - Importer: PreviewImporter
Importing 'GUID: 4894376b7702cb947983b5d89189d6bf - Path: Assets/Scripts/Environment/GrietaReparacion.cs - Importer: PreviewImporter' with importer (PreviewImporter)
Imported 'GUID: 4894376b7702cb947983b5d89189d6bf' -> (Import Result ID: '00000000000000000000000000000000') in 0.002 seconds
Import Error Code:(4)
Message: Build asset version error: assets/scripts/environment/grietareparacion.cs in SourceAssetDB has modification time of '2026-10-03T01:06:19.9680304Z' while content on disk has modification time of '2026-10-03T01:06:47.2125Z'
  ERROR: Build asset version error: assets/scripts/environment/grietareparacion.cs in SourceAssetDB has modification time of '2026-10-03T01:06:19.9680304Z' while content on disk has modification time of '2026-10-03T01:06:47.2125Z'
Number of updated asset objects reloaded before import = 0
Number of asset objects unloaded after import = 0
========================================================================
Received Import Request.
  Time of request: 2026-10-03T01:07:54.1748932Z
  Time since last request: 0.0430792 seconds.
  importAddress: GUID: 4894376b7702cb947983b5d89189d6bf - Path: Assets/Scripts/Environment/GrietaReparacion.cs - Importer: PreviewImporter
Importing 'GUID: 4894376b7702cb947983b5d89189d6bf - Path: Assets/Scripts/Environment/GrietaReparacion.cs - Importer: PreviewImporter' with importer (PreviewImporter)
Imported 'GUID: 4894376b7702cb947983b5d89189d6bf' -> (Import Result ID: '00000000000000000000000000000000') in 0.003 seconds
Import Error Code:(4)
Message: Build asset version error: assets/scripts/environment/grietareparacion.cs in SourceAssetDB has modification time of '2026-10-03T01:06:19.9680304Z' while content on disk has modification time of '2026-10-03T01:06:47.2125Z'
  ERROR: Build asset version error: assets/scripts/environment/grietareparacion.cs in SourceAssetDB has modification time of '2026-10-03T01:06:19.9680304Z' while content on disk has modification time of '2026-10-03T01:06:47.2125Z'
Number of updated asset objects reloaded before import = 0
Number of asset objects unloaded after import = 0
========================================================================
Received Import Request.
  Time of request: 2026-10-03T01:07:54.2464829Z
  Time since last request: 0.0647221 seconds.
  importAddress: GUID: 4894376b7702cb947983b5d89189d6bf - Path: Assets/Scripts/Environment/GrietaReparacion.cs - Importer: PreviewImporter
Importing 'GUID: 4894376b7702cb947983b5d89189d6bf - Path: Assets/Scripts/Environment/GrietaReparacion.cs - Importer: PreviewImporter' with importer (PreviewImporter)
Imported 'GUID: 4894376b7702cb947983b5d89189d6bf' -> (Import Result ID: '00000000000000000000000000000000') in 0.012 seconds
Import Error Code:(4)
Message: Build asset version error: assets/scripts/environment/grietareparacion.cs in SourceAssetDB has modification time of '2026-10-03T01:06:19.9680304Z' while content on disk has modification time of '2026-10-03T01:06:47.2125Z'
  ERROR: Build asset version error: assets/scripts/environment/grietareparacion.cs in SourceAssetDB has modification time of '2026-10-03T01:06:19.9680304Z' while content on disk has modification time of '2026-10-03T01:06:47.2125Z'
Number of updated asset objects reloaded before import = 0
Number of asset objects unloaded after import = 0
========================================================================
Received Import Request.
  Time of request: 2026-10-03T01:07:54.3029971Z
  Time since last request: 0.0223351 seconds.
  importAddress: GUID: 4894376b7702cb947983b5d89189d6bf - Path: Assets/Scripts/Environment/GrietaReparacion.cs - Importer: PreviewImporter
Importing 'GUID: 4894376b7702cb947983b5d89189d6bf - Path: Assets/Scripts/Environment/GrietaReparacion.cs - Importer: PreviewImporter' with importer (PreviewImporter)
Imported 'GUID: 4894376b7702cb947983b5d89189d6bf' -> (Import Result ID: '00000000000000000000000000000000') in 0.003 seconds
Import Error Code:(4)
Message: Build asset version error: assets/scripts/environment/grietareparacion.cs in SourceAssetDB has modification time of '2026-10-03T01:06:19.9680304Z' while content on disk has modification time of '2026-10-03T01:06:47.2125Z'
  ERROR: Build asset version error: assets/scripts/environment/grietareparacion.cs in SourceAssetDB has modification time of '2026-10-03T01:06:19.9680304Z' while content on disk has modification time of '2026-10-03T01:06:47.2125Z'
Number of updated asset objects reloaded before import = 0
Number of asset objects unloaded after import = 0
========================================================================
Received Import Request.
  Time of request: 2026-10-03T01:07:54.3730986Z
  Time since last request: 0.0637655 seconds.
  importAddress: GUID: 4894376b7702cb947983b5d89189d6bf - Path: Assets/Scripts/Environment/GrietaReparacion.cs - Importer: PreviewImporter
Importing 'GUID: 4894376b7702cb947983b5d89189d6bf - Path: Assets/Scripts/Environment/GrietaReparacion.cs - Importer: PreviewImporter' with importer (PreviewImporter)
Imported 'GUID: 4894376b7702cb947983b5d89189d6bf' -> (Import Result ID: '00000000000000000000000000000000') in 0.002 seconds
Import Error Code:(4)
Message: Build asset version error: assets/scripts/environment/grietareparacion.cs in SourceAssetDB has modification time of '2026-10-03T01:06:19.9680304Z' while content on disk has modification time of '2026-10-03T01:06:47.2125Z'
  ERROR: Build asset version error: assets/scripts/environment/grietareparacion.cs in SourceAssetDB has modification time of '2026-10-03T01:06:19.9680304Z' while content on disk has modification time of '2026-10-03T01:06:47.2125Z'
Number of updated asset objects reloaded before import = 0
Number of asset objects unloaded after import = 0
========================================================================
Received Prepare
AcceleratorClientConnectionCallback - disconnected - :0
Assembly reference Packages/com.unity.cinemachine/Editor/Samples/ExposeHDRPInternals/HDRP-Editor-ref.asmref has no target assembly definition
Assembly reference Packages/com.unity.cinemachine/Editor/Samples/ExposeHDRPInternals/HDRP-Editor-ref.asmref has no target assembly definition
[Licensing::Client] Successfully resolved entitlement details
Begin MonoManager ReloadAssembly
Assembly reference Packages/com.unity.cinemachine/Editor/Samples/ExposeHDRPInternals/HDRP-Editor-ref.asmref has no target assembly definition
Assembly reference Packages/com.unity.cinemachine/Editor/Samples/ExposeHDRPInternals/HDRP-Editor-ref.asmref has no target assembly definition
'Packages/com.unity.cinemachine/Editor/Obsolete/CinemachineVirtualCameraBaseEditor.cs' contains partial class of Unity.Object, exactly 1 of the partial classes needs to be in a file with the same filename. This is to know the one that can be referenced from ie. GameObjects
'Packages/com.unity.cinemachine/Editor/Editors/CinemachineVirtualCameraBaseEditor.cs' contains partial class of Unity.Object, exactly 1 of the partial classes needs to be in a file with the same filename. This is to know the one that can be referenced from ie. GameObjects
Refreshing native plugins compatible for Editor in 9.70 ms, found 5 plugins.
Native extension for WindowsStandalone target not found
Native extension for WebGL target not found
[Package Manager] Failed to launch server process. Reason: Unity was launched with the -noUpm command-line argument
[Package Manager] Unable to send message (not connected to server process).
[Package Manager] Cannot connect to Unity Package Manager local server
[Package Manager] Failed to launch server process. Reason: Unity was launched with the -noUpm command-line argument
[Package Manager] Unable to send message (not connected to server process).
[Package Manager] Cannot connect to Unity Package Manager local server
[Package Manager] Failed to launch server process. Reason: Unity was launched with the -noUpm command-line argument
[Package Manager] Unable to send message (not connected to server process).
[Package Manager] Cannot connect to Unity Package Manager local server
ScheduleIndexationOnStartup MainProcess:False IndexOnStartup:True
Scripting: successfully reloaded assembly
- Finished resetting the current domain, in  7.493 seconds
Domain Reload Profiling: 21658ms
	BeginReloadAssembly (5369ms)
		DisableScriptedObjects (414ms)
		ReleaseScriptingObjects (17ms)
		CreateAndSetChildDomain (2263ms)
	RebuildCommonClasses (44ms)
	RebuildNativeTypeToScriptingClass (78ms)
	initialDomainReloadingComplete (559ms)
	LoadAllAssembliesAndSetupDomain (8111ms)
		LoadAssemblies (4833ms)
		TypeCache.Refresh (104ms)
			TypeCache.ScanAssembly (3ms)
		AnalyzeDomain (2878ms)
			BuildScriptInfoCaches (2364ms)
			ResolveRequiredComponents (166ms)
	FinalizeReload (7497ms)
		SetupLoadedEditorAssemblies (0ms)
			LogAssemblyErrors (96ms)
			InitializePlatformSupportModulesInManaged (19ms)
			BeforeProcessingInitializeOnLoad (2314ms)
			ProcessInitializeOnLoadAttributes (3273ms)
			ProcessInitializeOnLoadMethodAttributes (393ms)
			AfterProcessingInitializeOnLoad (45ms)
			EditorAssembliesLoaded (19ms)
		AwakeInstancesAfterBackupRestoration (42ms)
Refreshing native plugins compatible for Editor in 15.36 ms, found 5 plugins.
Unloading 1 Unused Serialized files (Serialized files now loaded: 0)
Unloading 5605 unused Assets / (2.8 MB). Loaded Objects now: 6353.
Memory consumption went from 347.6 MB to 344.8 MB.
Total: 62.691800 ms (FindLiveObjects: 5.446400 ms CreateObjectMapping: 2.749900 ms MarkObjects: 42.493800 ms  DeleteObjects: 9.418400 ms)

Prepare: number of updated asset objects reloaded= 0
========================================================================
Received Import Request.
  Time of request: 2026-10-03T01:14:23.3617073Z
  Time since last request: 388.9835033 seconds.
  importAddress: GUID: 4894376b7702cb947983b5d89189d6bf - Path: Assets/Scripts/Environment/GrietaReparacion.cs - Importer: ScriptedImporter/UnityEditor.QuickSearchModule:UnityEditor.Search:ASIAI0B
Importing 'GUID: 4894376b7702cb947983b5d89189d6bf - Path: Assets/Scripts/Environment/GrietaReparacion.cs - Importer: ScriptedImporter/UnityEditor.QuickSearchModule:UnityEditor.Search:ASIAI0B' with importer (ScriptedImporter : UnityEditor.QuickSearchModule:UnityEditor.Search:ASIAI0B)
Imported 'GUID: 4894376b7702cb947983b5d89189d6bf' -> (Import Result ID: 'b5b83186c8d58b0c1b2e27f440526c01') in 0.786 seconds [static and dynamic dependencies]. Details - ImportResultOutputID=4e3056b8efd59ef9dc2b62c1b6c5cc9c DependenciesID=ee0132bf88ef5a9b0637a870d8315948 StaticDependenciesID=314a45d91eaaad94a83c4d0886c37c10 
Number of updated asset objects reloaded before import = 0
Number of asset objects unloaded after import = 0
========================================================================
Received Prepare
AcceleratorClientConnectionCallback - disconnected - :0
'Packages/com.unity.cinemachine/Editor/Obsolete/CinemachineVirtualCameraBaseEditor.cs' contains partial class of Unity.Object, exactly 1 of the partial classes needs to be in a file with the same filename. This is to know the one that can be referenced from ie. GameObjects
'Packages/com.unity.cinemachine/Editor/Editors/CinemachineVirtualCameraBaseEditor.cs' contains partial class of Unity.Object, exactly 1 of the partial classes needs to be in a file with the same filename. This is to know the one that can be referenced from ie. GameObjects
Refreshing native plugins compatible for Editor in 31.55 ms, found 5 plugins.
Unloading 1 Unused Serialized files (Serialized files now loaded: 0)
Unloading 5591 unused Assets / (2.8 MB). Loaded Objects now: 6354.
Memory consumption went from 349.8 MB to 347.0 MB.
Total: 76.952700 ms (FindLiveObjects: 6.020200 ms CreateObjectMapping: 2.476400 ms MarkObjects: 59.561800 ms  DeleteObjects: 7.774800 ms)

Prepare: number of updated asset objects reloaded= 0
========================================================================
Received Import Request.
  Time of request: 2026-10-03T01:14:27.3709145Z
  Time since last request: 3.1684895 seconds.
  importAddress: GUID: 7ed4d4ae50e264c48bc457dd2c39faf2 - Path: Assets/Scripts/Core/TimerManager.cs - Importer: ScriptedImporter/UnityEditor.QuickSearchModule:UnityEditor.Search:ASIAI0B
Importing 'GUID: 7ed4d4ae50e264c48bc457dd2c39faf2 - Path: Assets/Scripts/Core/TimerManager.cs - Importer: ScriptedImporter/UnityEditor.QuickSearchModule:UnityEditor.Search:ASIAI0B' with importer (ScriptedImporter : UnityEditor.QuickSearchModule:UnityEditor.Search:ASIAI0B)
Imported 'GUID: 7ed4d4ae50e264c48bc457dd2c39faf2' -> (Import Result ID: 'c987e4d40bc1f779b5933106ab87fd96') in 0.021 seconds [static and dynamic dependencies]. Details - ImportResultOutputID=14b369ebe16da372716961a6666233dd DependenciesID=4fe4197fb15306639497898f24d14be0 StaticDependenciesID=c64806af27f8edd94e02bb8ee09dbbad 
Number of updated asset objects reloaded before import = 0
Number of asset objects unloaded after import = 0
========================================================================
Received Import Request.
  Time of request: 2026-10-03T01:14:27.5412782Z
  Time since last request: 0.1475729 seconds.
  importAddress: GUID: 7ed4d4ae50e264c48bc457dd2c39faf2 - Path: Assets/Scripts/Core/TimerManager.cs - Importer: PreviewImporter
Importing 'GUID: 7ed4d4ae50e264c48bc457dd2c39faf2 - Path: Assets/Scripts/Core/TimerManager.cs - Importer: PreviewImporter' with importer (PreviewImporter)
Imported 'GUID: 7ed4d4ae50e264c48bc457dd2c39faf2' -> (Import Result ID: 'bc2acdcef58031649b5d0dd4cf645d73') in 0.006 seconds [static and dynamic dependencies]. Details - ImportResultOutputID=cfb9ca54791050fb9238b9d1ed97b803 DependenciesID=dc57bda2d087147f1d99f8ad83b73a66 StaticDependenciesID=efdc6e38986ea52b40876981d655ed47 
Number of updated asset objects reloaded before import = 0
Number of asset objects unloaded after import = 0
========================================================================
Received Prepare
AcceleratorClientConnectionCallback - disconnected - :0
Assembly reference Packages/com.unity.cinemachine/Editor/Samples/ExposeHDRPInternals/HDRP-Editor-ref.asmref has no target assembly definition
Assembly reference Packages/com.unity.cinemachine/Editor/Samples/ExposeHDRPInternals/HDRP-Editor-ref.asmref has no target assembly definition
[Licensing::Client] Successfully resolved entitlement details
Begin MonoManager ReloadAssembly
Assembly reference Packages/com.unity.cinemachine/Editor/Samples/ExposeHDRPInternals/HDRP-Editor-ref.asmref has no target assembly definition
Assembly reference Packages/com.unity.cinemachine/Editor/Samples/ExposeHDRPInternals/HDRP-Editor-ref.asmref has no target assembly definition
'Packages/com.unity.cinemachine/Editor/Obsolete/CinemachineVirtualCameraBaseEditor.cs' contains partial class of Unity.Object, exactly 1 of the partial classes needs to be in a file with the same filename. This is to know the one that can be referenced from ie. GameObjects
'Packages/com.unity.cinemachine/Editor/Editors/CinemachineVirtualCameraBaseEditor.cs' contains partial class of Unity.Object, exactly 1 of the partial classes needs to be in a file with the same filename. This is to know the one that can be referenced from ie. GameObjects
Refreshing native plugins compatible for Editor in 22.45 ms, found 5 plugins.
Native extension for WindowsStandalone target not found
Native extension for WebGL target not found
[Package Manager] Failed to launch server process. Reason: Unity was launched with the -noUpm command-line argument
[Package Manager] Unable to send message (not connected to server process).
[Package Manager] Cannot connect to Unity Package Manager local server
[Package Manager] Failed to launch server process. Reason: Unity was launched with the -noUpm command-line argument
[Package Manager] Unable to send message (not connected to server process).
[Package Manager] Cannot connect to Unity Package Manager local server
[Package Manager] Failed to launch server process. Reason: Unity was launched with the -noUpm command-line argument
[Package Manager] Unable to send message (not connected to server process).
[Package Manager] Cannot connect to Unity Package Manager local server
ScheduleIndexationOnStartup MainProcess:False IndexOnStartup:True
Scripting: successfully reloaded assembly
- Finished resetting the current domain, in 10.659 seconds
Domain Reload Profiling: 54003ms
	BeginReloadAssembly (6234ms)
		ExecutionOrderSort (6ms)
		DisableScriptedObjects (655ms)
		ReleaseScriptingObjects (8ms)
		CreateAndSetChildDomain (2272ms)
	RebuildCommonClasses (73ms)
	RebuildNativeTypeToScriptingClass (187ms)
	initialDomainReloadingComplete (1573ms)
	LoadAllAssembliesAndSetupDomain (35271ms)
		LoadAssemblies (24210ms)
		TypeCache.Refresh (2916ms)
			TypeCache.ScanAssembly (25ms)
		AnalyzeDomain (4483ms)
			BuildScriptInfoCaches (4098ms)
			ResolveRequiredComponents (64ms)
	FinalizeReload (10666ms)
		SetupLoadedEditorAssemblies (0ms)
			LogAssemblyErrors (64ms)
			InitializePlatformSupportModulesInManaged (23ms)
			BeforeProcessingInitializeOnLoad (1054ms)
			ProcessInitializeOnLoadAttributes (5535ms)
			ProcessInitializeOnLoadMethodAttributes (1199ms)
			AfterProcessingInitializeOnLoad (214ms)
			EditorAssembliesLoaded (11ms)
		AwakeInstancesAfterBackupRestoration (93ms)
Refreshing native plugins compatible for Editor in 20.93 ms, found 5 plugins.
Unloading 1 Unused Serialized files (Serialized files now loaded: 0)
Unloading 5606 unused Assets / (3.9 MB). Loaded Objects now: 6357.
Memory consumption went from 351.1 MB to 347.2 MB.
Total: 65.940300 ms (FindLiveObjects: 8.258700 ms CreateObjectMapping: 1.635300 ms MarkObjects: 39.885900 ms  DeleteObjects: 13.350700 ms)

Prepare: number of updated asset objects reloaded= 0
========================================================================
Received Prepare
AcceleratorClientConnectionCallback - disconnected - :0
Assembly reference Packages/com.unity.cinemachine/Editor/Samples/ExposeHDRPInternals/HDRP-Editor-ref.asmref has no target assembly definition
Assembly reference Packages/com.unity.cinemachine/Editor/Samples/ExposeHDRPInternals/HDRP-Editor-ref.asmref has no target assembly definition
[Licensing::Client] Successfully resolved entitlement details
Begin MonoManager ReloadAssembly
Assembly reference Packages/com.unity.cinemachine/Editor/Samples/ExposeHDRPInternals/HDRP-Editor-ref.asmref has no target assembly definition
Assembly reference Packages/com.unity.cinemachine/Editor/Samples/ExposeHDRPInternals/HDRP-Editor-ref.asmref has no target assembly definition
'Packages/com.unity.cinemachine/Editor/Obsolete/CinemachineVirtualCameraBaseEditor.cs' contains partial class of Unity.Object, exactly 1 of the partial classes needs to be in a file with the same filename. This is to know the one that can be referenced from ie. GameObjects
'Packages/com.unity.cinemachine/Editor/Editors/CinemachineVirtualCameraBaseEditor.cs' contains partial class of Unity.Object, exactly 1 of the partial classes needs to be in a file with the same filename. This is to know the one that can be referenced from ie. GameObjects
Refreshing native plugins compatible for Editor in 111.68 ms, found 5 plugins.
Native extension for WindowsStandalone target not found
Native extension for WebGL target not found
[Package Manager] Failed to launch server process. Reason: Unity was launched with the -noUpm command-line argument
[Package Manager] Unable to send message (not connected to server process).
[Package Manager] Cannot connect to Unity Package Manager local server
[Package Manager] Failed to launch server process. Reason: Unity was launched with the -noUpm command-line argument
[Package Manager] Unable to send message (not connected to server process).
[Package Manager] Cannot connect to Unity Package Manager local server
[Package Manager] Failed to launch server process. Reason: Unity was launched with the -noUpm command-line argument
[Package Manager] Unable to send message (not connected to server process).
[Package Manager] Cannot connect to Unity Package Manager local server
ScheduleIndexationOnStartup MainProcess:False IndexOnStartup:True
Scripting: successfully reloaded assembly
- Finished resetting the current domain, in  4.958 seconds
Domain Reload Profiling: 16550ms
	BeginReloadAssembly (2498ms)
		DisableScriptedObjects (102ms)
		CreateAndSetChildDomain (569ms)
	RebuildCommonClasses (84ms)
	RebuildNativeTypeToScriptingClass (168ms)
	initialDomainReloadingComplete (2255ms)
	LoadAllAssembliesAndSetupDomain (6580ms)
		LoadAssemblies (4310ms)
		TypeCache.Refresh (139ms)
		AnalyzeDomain (1768ms)
			BuildScriptInfoCaches (1482ms)
			ResolveRequiredComponents (36ms)
	FinalizeReload (4965ms)
		SetupLoadedEditorAssemblies (0ms)
			LogAssemblyErrors (28ms)
			InitializePlatformSupportModulesInManaged (22ms)
			BeforeProcessingInitializeOnLoad (936ms)
			ProcessInitializeOnLoadAttributes (1662ms)
			ProcessInitializeOnLoadMethodAttributes (337ms)
			AfterProcessingInitializeOnLoad (56ms)
			EditorAssembliesLoaded (7ms)
		AwakeInstancesAfterBackupRestoration (49ms)
Refreshing native plugins compatible for Editor in 15.36 ms, found 5 plugins.
Unloading 1 Unused Serialized files (Serialized files now loaded: 0)
Unloading 5606 unused Assets / (2.3 MB). Loaded Objects now: 6360.
Memory consumption went from 352.9 MB to 350.6 MB.
Total: 33.787100 ms (FindLiveObjects: 2.261300 ms CreateObjectMapping: 2.229700 ms MarkObjects: 22.072800 ms  DeleteObjects: 6.285000 ms)

Prepare: number of updated asset objects reloaded= 0
========================================================================
Received Prepare
AcceleratorClientConnectionCallback - disconnected - :0
Assembly reference Packages/com.unity.cinemachine/Editor/Samples/ExposeHDRPInternals/HDRP-Editor-ref.asmref has no target assembly definition
Assembly reference Packages/com.unity.cinemachine/Editor/Samples/ExposeHDRPInternals/HDRP-Editor-ref.asmref has no target assembly definition
Begin MonoManager ReloadAssembly
Assembly reference Packages/com.unity.cinemachine/Editor/Samples/ExposeHDRPInternals/HDRP-Editor-ref.asmref has no target assembly definition
Assembly reference Packages/com.unity.cinemachine/Editor/Samples/ExposeHDRPInternals/HDRP-Editor-ref.asmref has no target assembly definition
'Packages/com.unity.cinemachine/Editor/Obsolete/CinemachineVirtualCameraBaseEditor.cs' contains partial class of Unity.Object, exactly 1 of the partial classes needs to be in a file with the same filename. This is to know the one that can be referenced from ie. GameObjects
'Packages/com.unity.cinemachine/Editor/Editors/CinemachineVirtualCameraBaseEditor.cs' contains partial class of Unity.Object, exactly 1 of the partial classes needs to be in a file with the same filename. This is to know the one that can be referenced from ie. GameObjects
Refreshing native plugins compatible for Editor in 15.59 ms, found 5 plugins.
Native extension for WindowsStandalone target not found
Native extension for WebGL target not found
[Package Manager] Failed to launch server process. Reason: Unity was launched with the -noUpm command-line argument
[Package Manager] Unable to send message (not connected to server process).
[Package Manager] Cannot connect to Unity Package Manager local server
[Package Manager] Failed to launch server process. Reason: Unity was launched with the -noUpm command-line argument
[Package Manager] Unable to send message (not connected to server process).
[Package Manager] Cannot connect to Unity Package Manager local server
[Package Manager] Failed to launch server process. Reason: Unity was launched with the -noUpm command-line argument
[Package Manager] Unable to send message (not connected to server process).
[Package Manager] Cannot connect to Unity Package Manager local server
ScheduleIndexationOnStartup MainProcess:False IndexOnStartup:True
Scripting: successfully reloaded assembly
- Finished resetting the current domain, in 10.272 seconds
Domain Reload Profiling: 16137ms
	BeginReloadAssembly (1710ms)
		DisableScriptedObjects (154ms)
		ReleaseScriptingObjects (3ms)
		CreateAndSetChildDomain (377ms)
	RebuildCommonClasses (53ms)
	RebuildNativeTypeToScriptingClass (96ms)
	initialDomainReloadingComplete (548ms)
	LoadAllAssembliesAndSetupDomain (3445ms)
		LoadAssemblies (2658ms)
		TypeCache.Refresh (24ms)
		AnalyzeDomain (54ms)
			ResolveRequiredComponents (31ms)
	FinalizeReload (10284ms)
		SetupLoadedEditorAssemblies (0ms)
			LogAssemblyErrors (12ms)
			InitializePlatformSupportModulesInManaged (20ms)
			BeforeProcessingInitializeOnLoad (1730ms)
			ProcessInitializeOnLoadAttributes (4685ms)
			ProcessInitializeOnLoadMethodAttributes (681ms)
			AfterProcessingInitializeOnLoad (81ms)
			EditorAssembliesLoaded (9ms)
		AwakeInstancesAfterBackupRestoration (87ms)
Refreshing native plugins compatible for Editor in 45.96 ms, found 5 plugins.
Unloading 1 Unused Serialized files (Serialized files now loaded: 0)
Unloading 5606 unused Assets / (2.6 MB). Loaded Objects now: 6363.
Memory consumption went from 354.5 MB to 351.9 MB.
Total: 108.341000 ms (FindLiveObjects: 7.230400 ms CreateObjectMapping: 2.608300 ms MarkObjects: 83.190700 ms  DeleteObjects: 14.340900 ms)

Prepare: number of updated asset objects reloaded= 0
========================================================================
Received Prepare
AcceleratorClientConnectionCallback - disconnected - :0
Assembly reference Packages/com.unity.cinemachine/Editor/Samples/ExposeHDRPInternals/HDRP-Editor-ref.asmref has no target assembly definition
Assembly reference Packages/com.unity.cinemachine/Editor/Samples/ExposeHDRPInternals/HDRP-Editor-ref.asmref has no target assembly definition
[Licensing::Client] Successfully resolved entitlement details
Begin MonoManager ReloadAssembly
Assembly reference Packages/com.unity.cinemachine/Editor/Samples/ExposeHDRPInternals/HDRP-Editor-ref.asmref has no target assembly definition
Assembly reference Packages/com.unity.cinemachine/Editor/Samples/ExposeHDRPInternals/HDRP-Editor-ref.asmref has no target assembly definition
'Packages/com.unity.cinemachine/Editor/Obsolete/CinemachineVirtualCameraBaseEditor.cs' contains partial class of Unity.Object, exactly 1 of the partial classes needs to be in a file with the same filename. This is to know the one that can be referenced from ie. GameObjects
'Packages/com.unity.cinemachine/Editor/Editors/CinemachineVirtualCameraBaseEditor.cs' contains partial class of Unity.Object, exactly 1 of the partial classes needs to be in a file with the same filename. This is to know the one that can be referenced from ie. GameObjects
Refreshing native plugins compatible for Editor in 12.53 ms, found 5 plugins.
Native extension for WindowsStandalone target not found
Native extension for WebGL target not found
[Package Manager] Failed to launch server process. Reason: Unity was launched with the -noUpm command-line argument
[Package Manager] Unable to send message (not connected to server process).
[Package Manager] Cannot connect to Unity Package Manager local server
[Package Manager] Failed to launch server process. Reason: Unity was launched with the -noUpm command-line argument
[Package Manager] Unable to send message (not connected to server process).
[Package Manager] Cannot connect to Unity Package Manager local server
[Package Manager] Failed to launch server process. Reason: Unity was launched with the -noUpm command-line argument
[Package Manager] Unable to send message (not connected to server process).
[Package Manager] Cannot connect to Unity Package Manager local server
ScheduleIndexationOnStartup MainProcess:False IndexOnStartup:True
Scripting: successfully reloaded assembly
- Finished resetting the current domain, in  4.738 seconds
Domain Reload Profiling: 13465ms
	BeginReloadAssembly (1919ms)
		DisableScriptedObjects (93ms)
		CreateAndSetChildDomain (389ms)
	RebuildCommonClasses (58ms)
	RebuildNativeTypeToScriptingClass (106ms)
	initialDomainReloadingComplete (900ms)
	LoadAllAssembliesAndSetupDomain (5740ms)
		LoadAssemblies (4244ms)
		TypeCache.Refresh (221ms)
		AnalyzeDomain (62ms)
			ResolveRequiredComponents (28ms)
	FinalizeReload (4743ms)
		SetupLoadedEditorAssemblies (0ms)
			LogAssemblyErrors (32ms)
			InitializePlatformSupportModulesInManaged (15ms)
			BeforeProcessingInitializeOnLoad (757ms)
			ProcessInitializeOnLoadAttributes (1925ms)
			ProcessInitializeOnLoadMethodAttributes (406ms)
			AfterProcessingInitializeOnLoad (137ms)
			EditorAssembliesLoaded (13ms)
		AwakeInstancesAfterBackupRestoration (85ms)
Refreshing native plugins compatible for Editor in 12.89 ms, found 5 plugins.
Unloading 1 Unused Serialized files (Serialized files now loaded: 0)
Unloading 5606 unused Assets / (3.1 MB). Loaded Objects now: 6366.
Memory consumption went from 354.7 MB to 351.6 MB.
Total: 53.211400 ms (FindLiveObjects: 6.036100 ms CreateObjectMapping: 2.589900 ms MarkObjects: 32.214500 ms  DeleteObjects: 11.225300 ms)

Prepare: number of updated asset objects reloaded= 0
========================================================================
Received Prepare
AcceleratorClientConnectionCallback - disconnected - :0
Refreshing native plugins compatible for Editor in 298.02 ms, found 5 plugins.
Unloading 8 Unused Serialized files (Serialized files now loaded: 0)
Unloading 8 unused Assets / (0.6 MB). Loaded Objects now: 6366.
Memory consumption went from 351.6 MB to 351.0 MB.
Total: 5963.522500 ms (FindLiveObjects: 88.236900 ms CreateObjectMapping: 27.927000 ms MarkObjects: 5797.251300 ms  DeleteObjects: 16.351400 ms)

Prepare: number of updated asset objects reloaded= 0
========================================================================
Received Import Request.
  Time of request: 2026-10-03T03:03:18.7441123Z
  Time since last request: 6531.19433229999959 seconds.
  importAddress: GUID: 7243f69f1eb897e499e831ed058b53ff - Path: Assets/Scripts/Core/GameEvents.cs - Importer: PreviewImporter
Importing 'GUID: 7243f69f1eb897e499e831ed058b53ff - Path: Assets/Scripts/Core/GameEvents.cs - Importer: PreviewImporter' with importer (PreviewImporter)
Imported 'GUID: 7243f69f1eb897e499e831ed058b53ff' -> (Import Result ID: '4323c2d1f5249aca91bd4c49c8e9120c') in 0.201 seconds [static and dynamic dependencies]. Details - ImportResultOutputID=d33db219eb983ad259029b33661ebf95 DependenciesID=711a4edc14bc6b08b6f04ca72fac768a StaticDependenciesID=0dd7ff14a9d39da8342e78c108fa648e 
Number of updated asset objects reloaded before import = 0
Number of asset objects unloaded after import = 0
========================================================================
Received Prepare
AcceleratorClientConnectionCallback - disconnected - :0
Refreshing native plugins compatible for Editor in 15.83 ms, found 5 plugins.
Unloading 19 Unused Serialized files (Serialized files now loaded: 0)
Unloading 19 unused Assets / (1.1 MB). Loaded Objects now: 6366.
Memory consumption went from 351.9 MB to 350.8 MB.
Total: 486.531300 ms (FindLiveObjects: 11.531300 ms CreateObjectMapping: 3.011500 ms MarkObjects: 462.951500 ms  DeleteObjects: 5.412000 ms)

Prepare: number of updated asset objects reloaded= 0
========================================================================
Received Import Request.
  Time of request: 2026-10-03T04:40:47.3267074Z
  Time since last request: 5848.03259259999959 seconds.
  importAddress: GUID: e73a58f6e2794ae7b1b7e50b7fb811b0 - Path: Assets/TextMesh Pro/Resources/Fonts & Materials/LiberationSans SDF - Drop Shadow.mat - Importer: ScriptedImporter/UnityEditor.QuickSearchModule:UnityEditor.Search:ASIAI0B
Importing 'GUID: e73a58f6e2794ae7b1b7e50b7fb811b0 - Path: Assets/TextMesh Pro/Resources/Fonts & Materials/LiberationSans SDF - Drop Shadow.mat - Importer: ScriptedImporter/UnityEditor.QuickSearchModule:UnityEditor.Search:ASIAI0B' with importer (ScriptedImporter : UnityEditor.QuickSearchModule:UnityEditor.Search:ASIAI0B)
Imported 'GUID: e73a58f6e2794ae7b1b7e50b7fb811b0' -> (Import Result ID: '59ef39dbaf9ca7978cd7eab85f77011a') in 10.335 seconds [static and dynamic dependencies]. Details - ImportResultOutputID=6680d7c7a1125074a6d8ff55645135d5 DependenciesID=64415716b93f9dc46b8ce175b4192451 StaticDependenciesID=fc2d459d5d8a1344874b4e5500f157cd 
Number of updated asset objects reloaded before import = 0
Number of asset objects unloaded after import = 3
========================================================================
Received Prepare
AcceleratorClientConnectionCallback - disconnected - :0
'Packages/com.unity.cinemachine/Editor/Obsolete/CinemachineVirtualCameraBaseEditor.cs' contains partial class of Unity.Object, exactly 1 of the partial classes needs to be in a file with the same filename. This is to know the one that can be referenced from ie. GameObjects
'Packages/com.unity.cinemachine/Editor/Editors/CinemachineVirtualCameraBaseEditor.cs' contains partial class of Unity.Object, exactly 1 of the partial classes needs to be in a file with the same filename. This is to know the one that can be referenced from ie. GameObjects
Refreshing native plugins compatible for Editor in 19.76 ms, found 5 plugins.
Unloading 19 Unused Serialized files (Serialized files now loaded: 0)
Unloading 5610 unused Assets / (5.0 MB). Loaded Objects now: 6367.
Memory consumption went from 355.8 MB to 350.8 MB.
Total: 2173.776100 ms (FindLiveObjects: 7.295500 ms CreateObjectMapping: 1.622700 ms MarkObjects: 2113.021600 ms  DeleteObjects: 48.057300 ms)

Prepare: number of updated asset objects reloaded= 0
========================================================================
Received Import Request.
  Time of request: 2026-10-03T04:41:05.2081056Z
  Time since last request: 7.4260225 seconds.
  importAddress: GUID: 124c112a6e8f1a54e8b0870e881b56d8 - Path: Assets/TextMesh Pro/Shaders/TMP_SDF-URP Unlit.shadergraph - Importer: ScriptedImporter/UnityEditor.QuickSearchModule:UnityEditor.Search:ASIAI0B
Importing 'GUID: 124c112a6e8f1a54e8b0870e881b56d8 - Path: Assets/TextMesh Pro/Shaders/TMP_SDF-URP Unlit.shadergraph - Importer: ScriptedImporter/UnityEditor.QuickSearchModule:UnityEditor.Search:ASIAI0B' with importer (ScriptedImporter : UnityEditor.QuickSearchModule:UnityEditor.Search:ASIAI0B)
Imported 'GUID: 124c112a6e8f1a54e8b0870e881b56d8' -> (Import Result ID: '2d4abf4984adec57e4d0786b4be32ddc') in 0.058 seconds [static and dynamic dependencies]. Details - ImportResultOutputID=48c385855336304051f014af0e42bd85 DependenciesID=ee022704255e00e550846268a1d0ce8f StaticDependenciesID=b123a692cfda1dedab69258138737474 
Number of updated asset objects reloaded before import = 0
Number of asset objects unloaded after import = 1
========================================================================
Received Import Request.
  Time of request: 2026-10-03T04:41:05.2795575Z
  Time since last request: 0.0093147 seconds.
  importAddress: GUID: bc1ede39bf3643ee8e493720e4259791 - Path: Assets/TextMesh Pro/Shaders/TMP_SDF-Mobile Masking.shader - Importer: ScriptedImporter/UnityEditor.QuickSearchModule:UnityEditor.Search:ASIAI0B
Importing 'GUID: bc1ede39bf3643ee8e493720e4259791 - Path: Assets/TextMesh Pro/Shaders/TMP_SDF-Mobile Masking.shader - Importer: ScriptedImporter/UnityEditor.QuickSearchModule:UnityEditor.Search:ASIAI0B' with importer (ScriptedImporter : UnityEditor.QuickSearchModule:UnityEditor.Search:ASIAI0B)
Imported 'GUID: bc1ede39bf3643ee8e493720e4259791' -> (Import Result ID: 'fdf2f8c47729c588a3023a5deac9c00d') in 0.101 seconds [static and dynamic dependencies]. Details - ImportResultOutputID=200236e62f8a26ba0ffdf1c73bc2a8eb DependenciesID=7c0b6e3a70d364bf82cde8189248dcae StaticDependenciesID=c4bb745028783cc2281489e16969bde9 
Number of updated asset objects reloaded before import = 0
Number of asset objects unloaded after import = 1
========================================================================
Received Import Request.
  Time of request: 2026-10-03T04:41:05.3850624Z
  Time since last request: 0.0023794 seconds.
  importAddress: GUID: 85187c2149c549c5b33f0cdb02836b17 - Path: Assets/TextMesh Pro/Shaders/TMP_SDF-Surface-Mobile.shader - Importer: ScriptedImporter/UnityEditor.QuickSearchModule:UnityEditor.Search:ASIAI0B
Importing 'GUID: 85187c2149c549c5b33f0cdb02836b17 - Path: Assets/TextMesh Pro/Shaders/TMP_SDF-Surface-Mobile.shader - Importer: ScriptedImporter/UnityEditor.QuickSearchModule:UnityEditor.Search:ASIAI0B' with importer (ScriptedImporter : UnityEditor.QuickSearchModule:UnityEditor.Search:ASIAI0B)
Imported 'GUID: 85187c2149c549c5b33f0cdb02836b17' -> (Import Result ID: '281f65707712ac1d85c29e20d8e40bab') in 0.021 seconds [static and dynamic dependencies]. Details - ImportResultOutputID=8e28ea2f061ee29648ff42ab787512f6 DependenciesID=8ee856bbfeb4f6a110f08fbaabd6a686 StaticDependenciesID=fcce47948219d0a9ee7c08c205df31dd 
Number of updated asset objects reloaded before import = 0
Number of asset objects unloaded after import = 1
========================================================================
Received Import Request.
  Time of request: 2026-10-03T04:41:05.4106128Z
  Time since last request: 0.0033085 seconds.
  importAddress: GUID: 5c6f31a5a80ebc04f8bcfdeed8327fe1 - Path: Assets/TextMesh Pro/Shaders/TMP_SDF SSD SpaceWarp.shader - Importer: ScriptedImporter/UnityEditor.QuickSearchModule:UnityEditor.Search:ASIAI0B
Importing 'GUID: 5c6f31a5a80ebc04f8bcfdeed8327fe1 - Path: Assets/TextMesh Pro/Shaders/TMP_SDF SSD SpaceWarp.shader - Importer: ScriptedImporter/UnityEditor.QuickSearchModule:UnityEditor.Search:ASIAI0B' with importer (ScriptedImporter : UnityEditor.QuickSearchModule:UnityEditor.Search:ASIAI0B)
Imported 'GUID: 5c6f31a5a80ebc04f8bcfdeed8327fe1' -> (Import Result ID: '1fb6464c4399c88e3804eed182b13a66') in 0.035 seconds [static and dynamic dependencies]. Details - ImportResultOutputID=fab0385107d958fd1e19695ba7ad3655 DependenciesID=00a26b6ee4387a540a8696067c78880c StaticDependenciesID=f774458290eb7a3a8aebe36f72b00cc0 
Number of updated asset objects reloaded before import = 0
Number of asset objects unloaded after import = 2
========================================================================
Received Import Request.
  Time of request: 2026-10-03T04:41:05.4507461Z
  Time since last request: 0.0012764 seconds.
  importAddress: GUID: fade42e8bc714b018fac513c043d323b - Path: Assets/TextMesh Pro/Resources/LineBreaking Following Characters.txt - Importer: ScriptedImporter/UnityEditor.QuickSearchModule:UnityEditor.Search:ASIAI0B
Importing 'GUID: fade42e8bc714b018fac513c043d323b - Path: Assets/TextMesh Pro/Resources/LineBreaking Following Characters.txt - Importer: ScriptedImporter/UnityEditor.QuickSearchModule:UnityEditor.Search:ASIAI0B' with importer (ScriptedImporter : UnityEditor.QuickSearchModule:UnityEditor.Search:ASIAI0B)
Imported 'GUID: fade42e8bc714b018fac513c043d323b' -> (Import Result ID: '1de2ab000d328c3e03c401380451a404') in 0.027 seconds [static and dynamic dependencies]. Details - ImportResultOutputID=378b8e1ea31542d9946145536f0604c9 DependenciesID=10686ab8eccd9ee3716e706d35602a34 StaticDependenciesID=dfd2c637af78f9b67bc376c55652d2ee 
Number of updated asset objects reloaded before import = 0
Number of asset objects unloaded after import = 1
========================================================================
Received Import Request.
  Time of request: 2026-10-03T04:41:05.4839951Z
  Time since last request: 0.0028544 seconds.
  importAddress: GUID: e3265ab4bf004d28a9537516768c1c75 - Path: Assets/TextMesh Pro/Fonts/LiberationSans.ttf - Importer: ScriptedImporter/UnityEditor.QuickSearchModule:UnityEditor.Search:ASIAI0B
Importing 'GUID: e3265ab4bf004d28a9537516768c1c75 - Path: Assets/TextMesh Pro/Fonts/LiberationSans.ttf - Importer: ScriptedImporter/UnityEditor.QuickSearchModule:UnityEditor.Search:ASIAI0B' with importer (ScriptedImporter : UnityEditor.QuickSearchModule:UnityEditor.Search:ASIAI0B)
Imported 'GUID: e3265ab4bf004d28a9537516768c1c75' -> (Import Result ID: 'eefb452f46f59537343f21b7d44c6ef7') in 0.674 seconds [static and dynamic dependencies]. Details - ImportResultOutputID=ad685daf4bea769798931682a10c17b9 DependenciesID=b8a1dce277400a8489bbd54bcf93f18c StaticDependenciesID=6dda293e2b0de3e7b07592e107f5d679 
Number of updated asset objects reloaded before import = 0
Number of asset objects unloaded after import = 3
========================================================================
Received Import Request.
  Time of request: 2026-10-03T04:41:06.1667635Z
  Time since last request: 0.00411 seconds.
  importAddress: GUID: 2f52e8cb070aaf94289b130df84e2882 - Path: Assets/TextMesh Pro/Shaders/TMP_SDF-Mobile SSD SpaceWarp.shader - Importer: ScriptedImporter/UnityEditor.QuickSearchModule:UnityEditor.Search:ASIAI0B
Importing 'GUID: 2f52e8cb070aaf94289b130df84e2882 - Path: Assets/TextMesh Pro/Shaders/TMP_SDF-Mobile SSD SpaceWarp.shader - Importer: ScriptedImporter/UnityEditor.QuickSearchModule:UnityEditor.Search:ASIAI0B' with importer (ScriptedImporter : UnityEditor.QuickSearchModule:UnityEditor.Search:ASIAI0B)
Imported 'GUID: 2f52e8cb070aaf94289b130df84e2882' -> (Import Result ID: '9b16a6b2e7d8c39ae6f8fa052c1a2a8a') in 0.052 seconds [static and dynamic dependencies]. Details - ImportResultOutputID=f9c37311bf2f34de607ae6c71e5e3b89 DependenciesID=08389154f8967a83e0bfeee939730c91 StaticDependenciesID=d6cbb40d5fed12cd3fb43f18fb28e9b5 
Number of updated asset objects reloaded before import = 0
Number of asset objects unloaded after import = 1
========================================================================
Received Import Request.
  Time of request: 2026-10-03T04:41:06.2250826Z
  Time since last request: 0.0017883 seconds.
  importAddress: GUID: 407bc68d299748449bbf7f48ee690f8d - Path: Assets/TextMesh Pro/Shaders/TMPro.cginc - Importer: ScriptedImporter/UnityEditor.QuickSearchModule:UnityEditor.Search:ASIAI0B
Importing 'GUID: 407bc68d299748449bbf7f48ee690f8d - Path: Assets/TextMesh Pro/Shaders/TMPro.cginc - Importer: ScriptedImporter/UnityEditor.QuickSearchModule:UnityEditor.Search:ASIAI0B' with importer (ScriptedImporter : UnityEditor.QuickSearchModule:UnityEditor.Search:ASIAI0B)
Imported 'GUID: 407bc68d299748449bbf7f48ee690f8d' -> (Import Result ID: 'f8c6cc00904eabbbd190829c749e2725') in 0.019 seconds [static and dynamic dependencies]. Details - ImportResultOutputID=543fa3a86f27007c3cce17d57f143448 DependenciesID=f1b77a861e67180aaa9ef9546907243b StaticDependenciesID=d9d3699bc9408042945f026e59095056 
Number of updated asset objects reloaded before import = 0
Number of asset objects unloaded after import = 1
========================================================================
Received Import Request.
  Time of request: 2026-10-03T04:41:06.2475366Z
  Time since last request: 0.0013036 seconds.
  importAddress: GUID: 68e6db2ebdc24f95958faec2be5558d6 - Path: Assets/TextMesh Pro/Shaders/TMP_SDF.shader - Importer: ScriptedImporter/UnityEditor.QuickSearchModule:UnityEditor.Search:ASIAI0B
Importing 'GUID: 68e6db2ebdc24f95958faec2be5558d6 - Path: Assets/TextMesh Pro/Shaders/TMP_SDF.shader - Importer: ScriptedImporter/UnityEditor.QuickSearchModule:UnityEditor.Search:ASIAI0B' with importer (ScriptedImporter : UnityEditor.QuickSearchModule:UnityEditor.Search:ASIAI0B)
Imported 'GUID: 68e6db2ebdc24f95958faec2be5558d6' -> (Import Result ID: '89f8aa9ef401d86905a8363c23654695') in 0.024 seconds [static and dynamic dependencies]. Details - ImportResultOutputID=03dff8f15c47af7deb4d32101cbe4951 DependenciesID=9ef51e009032b9ed7c66080846c464b9 StaticDependenciesID=0cb1c353ccfcb419cfcecb472d6b09bb 
Number of updated asset objects reloaded before import = 0
Number of asset objects unloaded after import = 2
========================================================================
Received Import Request.
  Time of request: 2026-10-03T04:41:06.2786278Z
  Time since last request: 0.0018421 seconds.
  importAddress: GUID: 3997e2241185407d80309a82f9148466 - Path: Assets/TextMesh Pro/Shaders/TMPro_Properties.cginc - Importer: ScriptedImporter/UnityEditor.QuickSearchModule:UnityEditor.Search:ASIAI0B
Importing 'GUID: 3997e2241185407d80309a82f9148466 - Path: Assets/TextMesh Pro/Shaders/TMPro_Properties.cginc - Importer: ScriptedImporter/UnityEditor.QuickSearchModule:UnityEditor.Search:ASIAI0B' with importer (ScriptedImporter : UnityEditor.QuickSearchModule:UnityEditor.Search:ASIAI0B)
Imported 'GUID: 3997e2241185407d80309a82f9148466' -> (Import Result ID: '0a24cbe3757d3a963539e40c4a59a8b8') in 0.016 seconds [static and dynamic dependencies]. Details - ImportResultOutputID=84e616f8b2729fc24d5a94e34a70971d DependenciesID=dcc6c7862811dda726d3a239eecdd35d StaticDependenciesID=706c2b42319950aa473885d6f24e1ca1 
Number of updated asset objects reloaded before import = 0
Number of asset objects unloaded after import = 1
========================================================================
Received Import Request.
  Time of request: 2026-10-03T04:41:06.2977693Z
  Time since last request: 0.0015458 seconds.
  importAddress: GUID: 8f586378b4e144a9851e7b34d9b748ee - Path: Assets/TextMesh Pro/Resources/Fonts & Materials/LiberationSans SDF.asset - Importer: ScriptedImporter/UnityEditor.QuickSearchModule:UnityEditor.Search:ASIAI0B
Importing 'GUID: 8f586378b4e144a9851e7b34d9b748ee - Path: Assets/TextMesh Pro/Resources/Fonts & Materials/LiberationSans SDF.asset - Importer: ScriptedImporter/UnityEditor.QuickSearchModule:UnityEditor.Search:ASIAI0B' with importer (ScriptedImporter : UnityEditor.QuickSearchModule:UnityEditor.Search:ASIAI0B)
Imported 'GUID: 8f586378b4e144a9851e7b34d9b748ee' -> (Import Result ID: '7e274c36f61f356ed9fdc442a8da16ef') in 2.107 seconds [static and dynamic dependencies]. Details - ImportResultOutputID=8f067085f3a89c6f73a7553875b55645 DependenciesID=44aa3b3b2c24f94014ee805b95f71b29 StaticDependenciesID=ff3b2ce013f640ffa930170dee7bc366 
Number of updated asset objects reloaded before import = 0
Number of asset objects unloaded after import = 9
========================================================================
Received Import Request.
  Time of request: 2026-10-03T04:41:08.4114583Z
  Time since last request: 0.0033547 seconds.
  importAddress: GUID: f7ada0af4f174f0694ca6a487b8f543d - Path: Assets/TextMesh Pro/Shaders/TMP_SDF-Surface.shader - Importer: ScriptedImporter/UnityEditor.QuickSearchModule:UnityEditor.Search:ASIAI0B
Importing 'GUID: f7ada0af4f174f0694ca6a487b8f543d - Path: Assets/TextMesh Pro/Shaders/TMP_SDF-Surface.shader - Importer: ScriptedImporter/UnityEditor.QuickSearchModule:UnityEditor.Search:ASIAI0B' with importer (ScriptedImporter : UnityEditor.QuickSearchModule:UnityEditor.Search:ASIAI0B)
Imported 'GUID: f7ada0af4f174f0694ca6a487b8f543d' -> (Import Result ID: '6032b9c94addf4269e8ce161a3bdc027') in 0.062 seconds [static and dynamic dependencies]. Details - ImportResultOutputID=f77cd2498f252c701dda0b08e65288af DependenciesID=472948c8ee2c8f572ffac046a68fd938 StaticDependenciesID=65e5386c8bbaed134beab3ceaa3843fc 
Number of updated asset objects reloaded before import = 0
Number of asset objects unloaded after import = 1
========================================================================
Received Import Request.
  Time of request: 2026-10-03T04:41:08.4797223Z
  Time since last request: 0.0044199 seconds.
  importAddress: GUID: 79459efec17a4d00a321bdcc27bbc385 - Path: Assets/TextMesh Pro/Resources/Fonts & Materials/LiberationSans SDF - Outline.mat - Importer: ScriptedImporter/UnityEditor.QuickSearchModule:UnityEditor.Search:ASIAI0B
Importing 'GUID: 79459efec17a4d00a321bdcc27bbc385 - Path: Assets/TextMesh Pro/Resources/Fonts & Materials/LiberationSans SDF - Outline.mat - Importer: ScriptedImporter/UnityEditor.QuickSearchModule:UnityEditor.Search:ASIAI0B' with importer (ScriptedImporter : UnityEditor.QuickSearchModule:UnityEditor.Search:ASIAI0B)
Imported 'GUID: 79459efec17a4d00a321bdcc27bbc385' -> (Import Result ID: 'c2ae722d80f370f817b85026b35738b0') in 0.198 seconds [static and dynamic dependencies]. Details - ImportResultOutputID=972e8524f81f295532106e438345717a DependenciesID=a5c6bc9fbe453bce00402ab4c5675b1d StaticDependenciesID=fa128d4da307148da83df7e4de07e3fd 
Number of updated asset objects reloaded before import = 0
Number of asset objects unloaded after import = 3
========================================================================
Received Import Request.
  Time of request: 2026-10-03T04:41:08.6879167Z
  Time since last request: 0.0047984 seconds.
  importAddress: GUID: 2baa854f183de5a43afd0b925dd82dea - Path: Assets/Scripts/UI/VignetteController.cs - Importer: PreviewImporter
Importing 'GUID: 2baa854f183de5a43afd0b925dd82dea - Path: Assets/Scripts/UI/VignetteController.cs - Importer: PreviewImporter' with importer (PreviewImporter)
Imported 'GUID: 2baa854f183de5a43afd0b925dd82dea' -> (Import Result ID: 'b97289296ddfbce98dbda7dc45cf62dc') in 0.014 seconds [static and dynamic dependencies]. Details - ImportResultOutputID=ae6e06a66e2bf584ff73d7316b1d761c DependenciesID=5f9a6648986541cbb11a8b4247febfce StaticDependenciesID=dc001d2d00cbe1836d8178aceff9dce6 
Number of updated asset objects reloaded before import = 0
Number of asset objects unloaded after import = 0
========================================================================
Received Import Request.
  Time of request: 2026-10-03T04:41:08.7267278Z
  Time since last request: 0.0183688 seconds.
  importAddress: GUID: 14eb328de4b8eb245bb7cea29e4ac00b - Path: Assets/TextMesh Pro/Shaders/TMP_SDF SSD.shader - Importer: ScriptedImporter/UnityEditor.QuickSearchModule:UnityEditor.Search:ASIAI0B
Importing 'GUID: 14eb328de4b8eb245bb7cea29e4ac00b - Path: Assets/TextMesh Pro/Shaders/TMP_SDF SSD.shader - Importer: ScriptedImporter/UnityEditor.QuickSearchModule:UnityEditor.Search:ASIAI0B' with importer (ScriptedImporter : UnityEditor.QuickSearchModule:UnityEditor.Search:ASIAI0B)
Imported 'GUID: 14eb328de4b8eb245bb7cea29e4ac00b' -> (Import Result ID: '15f6a4238369bca71382e2e751315152') in 0.033 seconds [static and dynamic dependencies]. Details - ImportResultOutputID=496e45d03e0a598813e83ce8a77b9dfd DependenciesID=0222d4a10db29c65086db3ec4a496c54 StaticDependenciesID=d047cea5db06556051c23dabab78b8b9 
Number of updated asset objects reloaded before import = 0
Number of asset objects unloaded after import = 2
========================================================================
Received Import Request.
  Time of request: 2026-10-03T04:41:08.7720081Z
  Time since last request: 0.003757 seconds.
  importAddress: GUID: 7ed4d4ae50e264c48bc457dd2c39faf2 - Path: Assets/Scripts/Core/TimerManager.cs - Importer: ScriptedImporter/UnityEditor.QuickSearchModule:UnityEditor.Search:ASIAI0B
Importing 'GUID: 7ed4d4ae50e264c48bc457dd2c39faf2 - Path: Assets/Scripts/Core/TimerManager.cs - Importer: ScriptedImporter/UnityEditor.QuickSearchModule:UnityEditor.Search:ASIAI0B' with importer (ScriptedImporter : UnityEditor.QuickSearchModule:UnityEditor.Search:ASIAI0B)
Imported 'GUID: 7ed4d4ae50e264c48bc457dd2c39faf2' -> (Import Result ID: '822f173e5ac38d77ba44fd2c823a07d5') in 0.056 seconds [static and dynamic dependencies]. Details - ImportResultOutputID=fa9a613e12d91aa2206bab0811ae2d1e DependenciesID=08d54df32a1c91748d3ef7110e06e372 StaticDependenciesID=3a225e71d157ffbda966f22620c88ff0 
Number of updated asset objects reloaded before import = 0
Number of asset objects unloaded after import = 0
========================================================================
Received Import Request.
  Time of request: 2026-10-03T04:41:08.8334467Z
  Time since last request: 0.0022928 seconds.
  importAddress: GUID: 128e987d567d4e2c824d754223b3f3b0 - Path: Assets/TextMesh Pro/Shaders/TMP_Bitmap.shader - Importer: ScriptedImporter/UnityEditor.QuickSearchModule:UnityEditor.Search:ASIAI0B
Importing 'GUID: 128e987d567d4e2c824d754223b3f3b0 - Path: Assets/TextMesh Pro/Shaders/TMP_Bitmap.shader - Importer: ScriptedImporter/UnityEditor.QuickSearchModule:UnityEditor.Search:ASIAI0B' with importer (ScriptedImporter : UnityEditor.QuickSearchModule:UnityEditor.Search:ASIAI0B)
Imported 'GUID: 128e987d567d4e2c824d754223b3f3b0' -> (Import Result ID: 'd55d9148d0749da6170de70b6e1e21a6') in 0.026 seconds [static and dynamic dependencies]. Details - ImportResultOutputID=c195b2484f0f204c29ea1777014c4b31 DependenciesID=afe2fd9fe467ee17f7dc3031fa7e7d22 StaticDependenciesID=82bb7749bb4acbfca556a3834bbd64de 
Number of updated asset objects reloaded before import = 0
Number of asset objects unloaded after import = 1
========================================================================
Received Import Request.
  Time of request: 2026-10-03T04:41:10.6893125Z
  Time since last request: 1.8261853 seconds.
  importAddress: GUID: 2baa854f183de5a43afd0b925dd82dea - Path: Assets/Scripts/UI/VignetteController.cs - Importer: ScriptedImporter/UnityEditor.QuickSearchModule:UnityEditor.Search:ASIAI0B
Importing 'GUID: 2baa854f183de5a43afd0b925dd82dea - Path: Assets/Scripts/UI/VignetteController.cs - Importer: ScriptedImporter/UnityEditor.QuickSearchModule:UnityEditor.Search:ASIAI0B' with importer (ScriptedImporter : UnityEditor.QuickSearchModule:UnityEditor.Search:ASIAI0B)
Imported 'GUID: 2baa854f183de5a43afd0b925dd82dea' -> (Import Result ID: 'd5329204147d05e09292a70b32b7c706') in 0.054 seconds [static and dynamic dependencies]. Details - ImportResultOutputID=bc3f727c6b499c7d9f42a2f89a5c2f75 DependenciesID=c78de4b01d414a824e7f193abc8f8701 StaticDependenciesID=fbe8b49d24fe3d93d1d24019037ff9b6 
Number of updated asset objects reloaded before import = 0
Number of asset objects unloaded after import = 0
========================================================================
Received Prepare
AcceleratorClientConnectionCallback - disconnected - :0
Assembly reference Packages/com.unity.cinemachine/Editor/Samples/ExposeHDRPInternals/HDRP-Editor-ref.asmref has no target assembly definition
Assembly reference Packages/com.unity.cinemachine/Editor/Samples/ExposeHDRPInternals/HDRP-Editor-ref.asmref has no target assembly definition
[Licensing::Client] Successfully resolved entitlement details
Begin MonoManager ReloadAssembly
Assembly reference Packages/com.unity.cinemachine/Editor/Samples/ExposeHDRPInternals/HDRP-Editor-ref.asmref has no target assembly definition
Assembly reference Packages/com.unity.cinemachine/Editor/Samples/ExposeHDRPInternals/HDRP-Editor-ref.asmref has no target assembly definition
'Packages/com.unity.cinemachine/Editor/Obsolete/CinemachineVirtualCameraBaseEditor.cs' contains partial class of Unity.Object, exactly 1 of the partial classes needs to be in a file with the same filename. This is to know the one that can be referenced from ie. GameObjects
'Packages/com.unity.cinemachine/Editor/Editors/CinemachineVirtualCameraBaseEditor.cs' contains partial class of Unity.Object, exactly 1 of the partial classes needs to be in a file with the same filename. This is to know the one that can be referenced from ie. GameObjects
Refreshing native plugins compatible for Editor in 48.17 ms, found 5 plugins.
Native extension for WindowsStandalone target not found
Native extension for WebGL target not found
[Package Manager] Failed to launch server process. Reason: Unity was launched with the -noUpm command-line argument
[Package Manager] Unable to send message (not connected to server process).
[Package Manager] Cannot connect to Unity Package Manager local server
[Package Manager] Failed to launch server process. Reason: Unity was launched with the -noUpm command-line argument
[Package Manager] Unable to send message (not connected to server process).
[Package Manager] Cannot connect to Unity Package Manager local server
[Package Manager] Failed to launch server process. Reason: Unity was launched with the -noUpm command-line argument
[Package Manager] Unable to send message (not connected to server process).
[Package Manager] Cannot connect to Unity Package Manager local server
ScheduleIndexationOnStartup MainProcess:False IndexOnStartup:True
Scripting: successfully reloaded assembly
- Finished resetting the current domain, in  9.421 seconds
Domain Reload Profiling: 68845ms
	BeginReloadAssembly (27644ms)
		ExecutionOrderSort (24ms)
		DisableScriptedObjects (2254ms)
		ReleaseScriptingObjects (20ms)
		CreateAndSetChildDomain (17345ms)
	RebuildCommonClasses (72ms)
	RebuildNativeTypeToScriptingClass (1258ms)
	initialDomainReloadingComplete (3184ms)
	LoadAllAssembliesAndSetupDomain (27250ms)
		LoadAssemblies (26639ms)
		TypeCache.Refresh (293ms)
			TypeCache.ScanAssembly (7ms)
		AnalyzeDomain (2752ms)
			BuildScriptInfoCaches (2444ms)
			ResolveRequiredComponents (51ms)
	FinalizeReload (9438ms)
		SetupLoadedEditorAssemblies (0ms)
			LogAssemblyErrors (36ms)
			InitializePlatformSupportModulesInManaged (19ms)
			BeforeProcessingInitializeOnLoad (1005ms)
			ProcessInitializeOnLoadAttributes (2758ms)
			ProcessInitializeOnLoadMethodAttributes (784ms)
			AfterProcessingInitializeOnLoad (105ms)
			EditorAssembliesLoaded (30ms)
		AwakeInstancesAfterBackupRestoration (46ms)
Refreshing native plugins compatible for Editor in 44.94 ms, found 5 plugins.
Unloading 19 Unused Serialized files (Serialized files now loaded: 0)
Unloading 5625 unused Assets / (3.0 MB). Loaded Objects now: 6371.
Memory consumption went from 360.6 MB to 357.5 MB.
Total: 226.184600 ms (FindLiveObjects: 38.968100 ms CreateObjectMapping: 2.147500 ms MarkObjects: 150.197300 ms  DeleteObjects: 24.496300 ms)

Prepare: number of updated asset objects reloaded= 0
========================================================================
Received Prepare
AcceleratorClientConnectionCallback - disconnected - :0
Assembly reference Packages/com.unity.cinemachine/Editor/Samples/ExposeHDRPInternals/HDRP-Editor-ref.asmref has no target assembly definition
Assembly reference Packages/com.unity.cinemachine/Editor/Samples/ExposeHDRPInternals/HDRP-Editor-ref.asmref has no target assembly definition
[Licensing::Client] Successfully resolved entitlement details
Begin MonoManager ReloadAssembly
Assembly reference Packages/com.unity.cinemachine/Editor/Samples/ExposeHDRPInternals/HDRP-Editor-ref.asmref has no target assembly definition
Assembly reference Packages/com.unity.cinemachine/Editor/Samples/ExposeHDRPInternals/HDRP-Editor-ref.asmref has no target assembly definition
'Packages/com.unity.cinemachine/Editor/Obsolete/CinemachineVirtualCameraBaseEditor.cs' contains partial class of Unity.Object, exactly 1 of the partial classes needs to be in a file with the same filename. This is to know the one that can be referenced from ie. GameObjects
'Packages/com.unity.cinemachine/Editor/Editors/CinemachineVirtualCameraBaseEditor.cs' contains partial class of Unity.Object, exactly 1 of the partial classes needs to be in a file with the same filename. This is to know the one that can be referenced from ie. GameObjects
Refreshing native plugins compatible for Editor in 17.06 ms, found 5 plugins.
Native extension for WindowsStandalone target not found
Native extension for WebGL target not found
[Package Manager] Failed to launch server process. Reason: Unity was launched with the -noUpm command-line argument
[Package Manager] Unable to send message (not connected to server process).
[Package Manager] Cannot connect to Unity Package Manager local server
[Package Manager] Failed to launch server process. Reason: Unity was launched with the -noUpm command-line argument
[Package Manager] Unable to send message (not connected to server process).
[Package Manager] Cannot connect to Unity Package Manager local server
[Package Manager] Failed to launch server process. Reason: Unity was launched with the -noUpm command-line argument
[Package Manager] Unable to send message (not connected to server process).
[Package Manager] Cannot connect to Unity Package Manager local server
ScheduleIndexationOnStartup MainProcess:False IndexOnStartup:True
Scripting: successfully reloaded assembly
- Finished resetting the current domain, in  9.205 seconds
Domain Reload Profiling: 32469ms
	BeginReloadAssembly (4095ms)
		DisableScriptedObjects (344ms)
		CreateAndSetChildDomain (1051ms)
	RebuildCommonClasses (134ms)
	RebuildNativeTypeToScriptingClass (379ms)
	initialDomainReloadingComplete (6135ms)
	LoadAllAssembliesAndSetupDomain (12503ms)
		LoadAssemblies (10995ms)
		TypeCache.Refresh (790ms)
		AnalyzeDomain (186ms)
			ResolveRequiredComponents (61ms)
	FinalizeReload (9223ms)
		SetupLoadedEditorAssemblies (0ms)
			LogAssemblyErrors (30ms)
			InitializePlatformSupportModulesInManaged (83ms)
			BeforeProcessingInitializeOnLoad (1293ms)
			ProcessInitializeOnLoadAttributes (2038ms)
			ProcessInitializeOnLoadMethodAttributes (439ms)
			AfterProcessingInitializeOnLoad (137ms)
			EditorAssembliesLoaded (298ms)
		AwakeInstancesAfterBackupRestoration (560ms)
Refreshing native plugins compatible for Editor in 21.34 ms, found 5 plugins.
Unloading 19 Unused Serialized files (Serialized files now loaded: 0)
Unloading 5625 unused Assets / (1.9 MB). Loaded Objects now: 6374.
Memory consumption went from 361.8 MB to 359.9 MB.
Total: 170.772900 ms (FindLiveObjects: 18.605800 ms CreateObjectMapping: 3.998600 ms MarkObjects: 106.083600 ms  DeleteObjects: 27.329400 ms)

Prepare: number of updated asset objects reloaded= 0
========================================================================
Received Import Request.
  Time of request: 2026-10-03T04:45:29.2408114Z
  Time since last request: 258.49381469999997 seconds.
  importAddress: GUID: 2baa854f183de5a43afd0b925dd82dea - Path: Assets/Scripts/UI/VignetteController.cs - Importer: ScriptedImporter/UnityEditor.QuickSearchModule:UnityEditor.Search:ASIAI0B
Importing 'GUID: 2baa854f183de5a43afd0b925dd82dea - Path: Assets/Scripts/UI/VignetteController.cs - Importer: ScriptedImporter/UnityEditor.QuickSearchModule:UnityEditor.Search:ASIAI0B' with importer (ScriptedImporter : UnityEditor.QuickSearchModule:UnityEditor.Search:ASIAI0B)
Imported 'GUID: 2baa854f183de5a43afd0b925dd82dea' -> (Import Result ID: '9124e668cc99acb2107f4182896ccefb') in 0.521 seconds [static and dynamic dependencies]. Details - ImportResultOutputID=88d5746de2b47edd59585421ec9d0045 DependenciesID=baf4b73d4ed78e5d3e7dcf97eca62d6f StaticDependenciesID=de89075f59b5a619419472c8f724eddb 
Number of updated asset objects reloaded before import = 0
Number of asset objects unloaded after import = 0
========================================================================
Received Prepare
AcceleratorClientConnectionCallback - disconnected - :0
'Packages/com.unity.cinemachine/Editor/Obsolete/CinemachineVirtualCameraBaseEditor.cs' contains partial class of Unity.Object, exactly 1 of the partial classes needs to be in a file with the same filename. This is to know the one that can be referenced from ie. GameObjects
'Packages/com.unity.cinemachine/Editor/Editors/CinemachineVirtualCameraBaseEditor.cs' contains partial class of Unity.Object, exactly 1 of the partial classes needs to be in a file with the same filename. This is to know the one that can be referenced from ie. GameObjects
Refreshing native plugins compatible for Editor in 31.85 ms, found 5 plugins.
Unloading 19 Unused Serialized files (Serialized files now loaded: 0)
Unloading 5611 unused Assets / (3.3 MB). Loaded Objects now: 6375.
Memory consumption went from 362.0 MB to 358.7 MB.
Total: 72.950500 ms (FindLiveObjects: 3.948100 ms CreateObjectMapping: 3.315100 ms MarkObjects: 41.737300 ms  DeleteObjects: 23.203100 ms)

Prepare: number of updated asset objects reloaded= 0
========================================================================
Received Prepare
AcceleratorClientConnectionCallback - disconnected - :0
Assembly reference Packages/com.unity.cinemachine/Editor/Samples/ExposeHDRPInternals/HDRP-Editor-ref.asmref has no target assembly definition
Assembly reference Packages/com.unity.cinemachine/Editor/Samples/ExposeHDRPInternals/HDRP-Editor-ref.asmref has no target assembly definition
[Licensing::Client] Successfully resolved entitlement details
Begin MonoManager ReloadAssembly
Assembly reference Packages/com.unity.cinemachine/Editor/Samples/ExposeHDRPInternals/HDRP-Editor-ref.asmref has no target assembly definition
Assembly reference Packages/com.unity.cinemachine/Editor/Samples/ExposeHDRPInternals/HDRP-Editor-ref.asmref has no target assembly definition
'Packages/com.unity.cinemachine/Editor/Obsolete/CinemachineVirtualCameraBaseEditor.cs' contains partial class of Unity.Object, exactly 1 of the partial classes needs to be in a file with the same filename. This is to know the one that can be referenced from ie. GameObjects
'Packages/com.unity.cinemachine/Editor/Editors/CinemachineVirtualCameraBaseEditor.cs' contains partial class of Unity.Object, exactly 1 of the partial classes needs to be in a file with the same filename. This is to know the one that can be referenced from ie. GameObjects
Refreshing native plugins compatible for Editor in 17.17 ms, found 5 plugins.
Native extension for WindowsStandalone target not found
Native extension for WebGL target not found
[Package Manager] Failed to launch server process. Reason: Unity was launched with the -noUpm command-line argument
[Package Manager] Unable to send message (not connected to server process).
[Package Manager] Cannot connect to Unity Package Manager local server
[Package Manager] Failed to launch server process. Reason: Unity was launched with the -noUpm command-line argument
[Package Manager] Unable to send message (not connected to server process).
[Package Manager] Cannot connect to Unity Package Manager local server
[Package Manager] Failed to launch server process. Reason: Unity was launched with the -noUpm command-line argument
[Package Manager] Unable to send message (not connected to server process).
[Package Manager] Cannot connect to Unity Package Manager local server
ScheduleIndexationOnStartup MainProcess:False IndexOnStartup:True
Scripting: successfully reloaded assembly
- Finished resetting the current domain, in  4.888 seconds
Domain Reload Profiling: 28197ms
	BeginReloadAssembly (8897ms)
		ExecutionOrderSort (39ms)
		DisableScriptedObjects (1206ms)
		ReleaseScriptingObjects (9ms)
		CreateAndSetChildDomain (2511ms)
	RebuildCommonClasses (106ms)
	RebuildNativeTypeToScriptingClass (169ms)
	initialDomainReloadingComplete (1172ms)
	LoadAllAssembliesAndSetupDomain (12959ms)
		LoadAssemblies (11480ms)
		TypeCache.Refresh (86ms)
		AnalyzeDomain (1541ms)
			BuildScriptInfoCaches (1400ms)
			ResolveRequiredComponents (39ms)
	FinalizeReload (4894ms)
		SetupLoadedEditorAssemblies (0ms)
			LogAssemblyErrors (25ms)
			InitializePlatformSupportModulesInManaged (12ms)
			BeforeProcessingInitializeOnLoad (740ms)
			ProcessInitializeOnLoadAttributes (1711ms)
			ProcessInitializeOnLoadMethodAttributes (517ms)
			AfterProcessingInitializeOnLoad (64ms)
			EditorAssembliesLoaded (20ms)
		AwakeInstancesAfterBackupRestoration (46ms)
Refreshing native plugins compatible for Editor in 14.91 ms, found 5 plugins.
Unloading 19 Unused Serialized files (Serialized files now loaded: 0)
Unloading 5626 unused Assets / (4.3 MB). Loaded Objects now: 6378.
Memory consumption went from 365.9 MB to 361.6 MB.
Total: 44.310200 ms (FindLiveObjects: 3.913400 ms CreateObjectMapping: 2.307100 ms MarkObjects: 27.726500 ms  DeleteObjects: 9.063600 ms)

Prepare: number of updated asset objects reloaded= 0
========================================================================
Received Prepare
AcceleratorClientConnectionCallback - disconnected - :0
Assembly reference Packages/com.unity.cinemachine/Editor/Samples/ExposeHDRPInternals/HDRP-Editor-ref.asmref has no target assembly definition
Assembly reference Packages/com.unity.cinemachine/Editor/Samples/ExposeHDRPInternals/HDRP-Editor-ref.asmref has no target assembly definition
[Licensing::Client] Successfully resolved entitlement details
Begin MonoManager ReloadAssembly
Assembly reference Packages/com.unity.cinemachine/Editor/Samples/ExposeHDRPInternals/HDRP-Editor-ref.asmref has no target assembly definition
Assembly reference Packages/com.unity.cinemachine/Editor/Samples/ExposeHDRPInternals/HDRP-Editor-ref.asmref has no target assembly definition
'Packages/com.unity.cinemachine/Editor/Obsolete/CinemachineVirtualCameraBaseEditor.cs' contains partial class of Unity.Object, exactly 1 of the partial classes needs to be in a file with the same filename. This is to know the one that can be referenced from ie. GameObjects
'Packages/com.unity.cinemachine/Editor/Editors/CinemachineVirtualCameraBaseEditor.cs' contains partial class of Unity.Object, exactly 1 of the partial classes needs to be in a file with the same filename. This is to know the one that can be referenced from ie. GameObjects
Refreshing native plugins compatible for Editor in 48.43 ms, found 5 plugins.
Native extension for WindowsStandalone target not found
Native extension for WebGL target not found
[Package Manager] Failed to launch server process. Reason: Unity was launched with the -noUpm command-line argument
[Package Manager] Unable to send message (not connected to server process).
[Package Manager] Cannot connect to Unity Package Manager local server
[Package Manager] Failed to launch server process. Reason: Unity was launched with the -noUpm command-line argument
[Package Manager] Unable to send message (not connected to server process).
[Package Manager] Cannot connect to Unity Package Manager local server
[Package Manager] Failed to launch server process. Reason: Unity was launched with the -noUpm command-line argument
[Package Manager] Unable to send message (not connected to server process).
[Package Manager] Cannot connect to Unity Package Manager local server
ScheduleIndexationOnStartup MainProcess:False IndexOnStartup:True
Scripting: successfully reloaded assembly
- Finished resetting the current domain, in  8.033 seconds
Domain Reload Profiling: 29455ms
	BeginReloadAssembly (8480ms)
		ExecutionOrderSort (7ms)
		DisableScriptedObjects (984ms)
		ReleaseScriptingObjects (12ms)
		CreateAndSetChildDomain (3085ms)
	RebuildCommonClasses (147ms)
	RebuildNativeTypeToScriptingClass (111ms)
	initialDomainReloadingComplete (700ms)
	LoadAllAssembliesAndSetupDomain (11978ms)
		LoadAssemblies (8220ms)
		TypeCache.Refresh (330ms)
			TypeCache.ScanAssembly (5ms)
		AnalyzeDomain (1970ms)
			BuildScriptInfoCaches (1707ms)
			ResolveRequiredComponents (59ms)
	FinalizeReload (8039ms)
		SetupLoadedEditorAssemblies (0ms)
			LogAssemblyErrors (25ms)
			InitializePlatformSupportModulesInManaged (48ms)
			BeforeProcessingInitializeOnLoad (1382ms)
			ProcessInitializeOnLoadAttributes (1672ms)
			ProcessInitializeOnLoadMethodAttributes (569ms)
			AfterProcessingInitializeOnLoad (40ms)
			EditorAssembliesLoaded (19ms)
		AwakeInstancesAfterBackupRestoration (37ms)
Refreshing native plugins compatible for Editor in 12.01 ms, found 5 plugins.
Unloading 19 Unused Serialized files (Serialized files now loaded: 0)
Unloading 5626 unused Assets / (5.1 MB). Loaded Objects now: 6381.
Memory consumption went from 368.3 MB to 363.2 MB.
Total: 35.711800 ms (FindLiveObjects: 2.726300 ms CreateObjectMapping: 1.046800 ms MarkObjects: 23.128300 ms  DeleteObjects: 8.230100 ms)

Prepare: number of updated asset objects reloaded= 0
========================================================================
Received Import Request.
  Time of request: 2026-10-03T04:55:32.0378695Z
  Time since last request: 602.26818189999995 seconds.
  importAddress: GUID: 4b87c55f0b1d2c549bbcb99178ac8796 - Path: Assets/Scripts/UI/HudController.cs - Importer: PreviewImporter
Importing 'GUID: 4b87c55f0b1d2c549bbcb99178ac8796 - Path: Assets/Scripts/UI/HudController.cs - Importer: PreviewImporter' with importer (PreviewImporter)
Imported 'GUID: 4b87c55f0b1d2c549bbcb99178ac8796' -> (Import Result ID: 'fe8dcc14cb38dfd12b7a1af1755c8898') in 0.119 seconds [static and dynamic dependencies]. Details - ImportResultOutputID=fac770264582438c9c26df84473113cd DependenciesID=10a4da7099007ef6de27100fc7ec58b5 StaticDependenciesID=61a5f53ac81e4f01a4cefc61e2f8bd59 
Number of updated asset objects reloaded before import = 0
Number of asset objects unloaded after import = 0
========================================================================
Received Prepare
AcceleratorClientConnectionCallback - disconnected - :0
Assembly reference Packages/com.unity.cinemachine/Editor/Samples/ExposeHDRPInternals/HDRP-Editor-ref.asmref has no target assembly definition
Assembly reference Packages/com.unity.cinemachine/Editor/Samples/ExposeHDRPInternals/HDRP-Editor-ref.asmref has no target assembly definition
[Licensing::Client] Successfully resolved entitlement details
Begin MonoManager ReloadAssembly
Assembly reference Packages/com.unity.cinemachine/Editor/Samples/ExposeHDRPInternals/HDRP-Editor-ref.asmref has no target assembly definition
Assembly reference Packages/com.unity.cinemachine/Editor/Samples/ExposeHDRPInternals/HDRP-Editor-ref.asmref has no target assembly definition
'Packages/com.unity.cinemachine/Editor/Obsolete/CinemachineVirtualCameraBaseEditor.cs' contains partial class of Unity.Object, exactly 1 of the partial classes needs to be in a file with the same filename. This is to know the one that can be referenced from ie. GameObjects
'Packages/com.unity.cinemachine/Editor/Editors/CinemachineVirtualCameraBaseEditor.cs' contains partial class of Unity.Object, exactly 1 of the partial classes needs to be in a file with the same filename. This is to know the one that can be referenced from ie. GameObjects
Refreshing native plugins compatible for Editor in 21.13 ms, found 5 plugins.
Native extension for WindowsStandalone target not found
Native extension for WebGL target not found
[Package Manager] Failed to launch server process. Reason: Unity was launched with the -noUpm command-line argument
[Package Manager] Unable to send message (not connected to server process).
[Package Manager] Cannot connect to Unity Package Manager local server
[Package Manager] Failed to launch server process. Reason: Unity was launched with the -noUpm command-line argument
[Package Manager] Unable to send message (not connected to server process).
[Package Manager] Cannot connect to Unity Package Manager local server
[Package Manager] Failed to launch server process. Reason: Unity was launched with the -noUpm command-line argument
[Package Manager] Unable to send message (not connected to server process).
[Package Manager] Cannot connect to Unity Package Manager local server
ScheduleIndexationOnStartup MainProcess:False IndexOnStartup:True
Scripting: successfully reloaded assembly
- Finished resetting the current domain, in  5.193 seconds
Domain Reload Profiling: 33442ms
	BeginReloadAssembly (20052ms)
		ExecutionOrderSort (358ms)
		DisableScriptedObjects (4936ms)
		ReleaseScriptingObjects (8ms)
		CreateAndSetChildDomain (2170ms)
	RebuildCommonClasses (105ms)
	RebuildNativeTypeToScriptingClass (184ms)
	initialDomainReloadingComplete (706ms)
	LoadAllAssembliesAndSetupDomain (7170ms)
		LoadAssemblies (7492ms)
		TypeCache.Refresh (186ms)
			TypeCache.ScanAssembly (4ms)
		AnalyzeDomain (1245ms)
			BuildScriptInfoCaches (1072ms)
			ResolveRequiredComponents (32ms)
	FinalizeReload (5224ms)
		SetupLoadedEditorAssemblies (0ms)
			LogAssemblyErrors (39ms)
			InitializePlatformSupportModulesInManaged (22ms)
			BeforeProcessingInitializeOnLoad (1032ms)
			ProcessInitializeOnLoadAttributes (1821ms)
			ProcessInitializeOnLoadMethodAttributes (390ms)
			AfterProcessingInitializeOnLoad (50ms)
			EditorAssembliesLoaded (17ms)
		AwakeInstancesAfterBackupRestoration (48ms)
Refreshing native plugins compatible for Editor in 16.29 ms, found 5 plugins.
Unloading 19 Unused Serialized files (Serialized files now loaded: 0)
Unloading 5626 unused Assets / (5.0 MB). Loaded Objects now: 6384.
Memory consumption went from 370.7 MB to 365.7 MB.
Total: 73.946400 ms (FindLiveObjects: 4.118900 ms CreateObjectMapping: 2.301700 ms MarkObjects: 46.180700 ms  DeleteObjects: 19.901700 ms)

Prepare: number of updated asset objects reloaded= 0
========================================================================
Received Prepare
AcceleratorClientConnectionCallback - disconnected - :0
Assembly reference Packages/com.unity.cinemachine/Editor/Samples/ExposeHDRPInternals/HDRP-Editor-ref.asmref has no target assembly definition
Assembly reference Packages/com.unity.cinemachine/Editor/Samples/ExposeHDRPInternals/HDRP-Editor-ref.asmref has no target assembly definition
[Licensing::Client] Successfully resolved entitlement details
Begin MonoManager ReloadAssembly
Assembly reference Packages/com.unity.cinemachine/Editor/Samples/ExposeHDRPInternals/HDRP-Editor-ref.asmref has no target assembly definition
Assembly reference Packages/com.unity.cinemachine/Editor/Samples/ExposeHDRPInternals/HDRP-Editor-ref.asmref has no target assembly definition
'Packages/com.unity.cinemachine/Editor/Obsolete/CinemachineVirtualCameraBaseEditor.cs' contains partial class of Unity.Object, exactly 1 of the partial classes needs to be in a file with the same filename. This is to know the one that can be referenced from ie. GameObjects
'Packages/com.unity.cinemachine/Editor/Editors/CinemachineVirtualCameraBaseEditor.cs' contains partial class of Unity.Object, exactly 1 of the partial classes needs to be in a file with the same filename. This is to know the one that can be referenced from ie. GameObjects
Refreshing native plugins compatible for Editor in 17.25 ms, found 5 plugins.
Native extension for WindowsStandalone target not found
Native extension for WebGL target not found
[Package Manager] Failed to launch server process. Reason: Unity was launched with the -noUpm command-line argument
[Package Manager] Unable to send message (not connected to server process).
[Package Manager] Cannot connect to Unity Package Manager local server
[Package Manager] Failed to launch server process. Reason: Unity was launched with the -noUpm command-line argument
[Package Manager] Unable to send message (not connected to server process).
[Package Manager] Cannot connect to Unity Package Manager local server
[Package Manager] Failed to launch server process. Reason: Unity was launched with the -noUpm command-line argument
[Package Manager] Unable to send message (not connected to server process).
[Package Manager] Cannot connect to Unity Package Manager local server
ScheduleIndexationOnStartup MainProcess:False IndexOnStartup:True
Scripting: successfully reloaded assembly
- Finished resetting the current domain, in 10.951 seconds
Domain Reload Profiling: 30968ms
	BeginReloadAssembly (11545ms)
		ExecutionOrderSort (9ms)
		DisableScriptedObjects (2667ms)
		ReleaseScriptingObjects (11ms)
		CreateAndSetChildDomain (3300ms)
	RebuildCommonClasses (105ms)
	RebuildNativeTypeToScriptingClass (154ms)
	initialDomainReloadingComplete (596ms)
	LoadAllAssembliesAndSetupDomain (7601ms)
		LoadAssemblies (7227ms)
		TypeCache.Refresh (236ms)
			TypeCache.ScanAssembly (3ms)
		AnalyzeDomain (2075ms)
			BuildScriptInfoCaches (1813ms)
			ResolveRequiredComponents (60ms)
	FinalizeReload (10967ms)
		SetupLoadedEditorAssemblies (0ms)
			LogAssemblyErrors (20ms)
			InitializePlatformSupportModulesInManaged (10ms)
			BeforeProcessingInitializeOnLoad (684ms)
			ProcessInitializeOnLoadAttributes (7782ms)
			ProcessInitializeOnLoadMethodAttributes (577ms)
			AfterProcessingInitializeOnLoad (61ms)
			EditorAssembliesLoaded (18ms)
		AwakeInstancesAfterBackupRestoration (122ms)
Refreshing native plugins compatible for Editor in 47.33 ms, found 5 plugins.
Unloading 19 Unused Serialized files (Serialized files now loaded: 0)
Unloading 5626 unused Assets / (4.7 MB). Loaded Objects now: 6387.
Memory consumption went from 373.4 MB to 368.7 MB.
Total: 62.940200 ms (FindLiveObjects: 7.391000 ms CreateObjectMapping: 1.643500 ms MarkObjects: 39.568400 ms  DeleteObjects: 13.624600 ms)

Prepare: number of updated asset objects reloaded= 0
========================================================================
Received Prepare
AcceleratorClientConnectionCallback - disconnected - :0
Refreshing native plugins compatible for Editor in 12.70 ms, found 5 plugins.
Unloading 19 Unused Serialized files (Serialized files now loaded: 0)
Unloading 19 unused Assets / (1.2 MB). Loaded Objects now: 6387.
Memory consumption went from 369.6 MB to 368.4 MB.
Total: 25.770300 ms (FindLiveObjects: 1.033400 ms CreateObjectMapping: 0.498600 ms MarkObjects: 20.537300 ms  DeleteObjects: 2.718500 ms)

Prepare: number of updated asset objects reloaded= 0
Editor requested this worker to shutdown with reason: Editor is closing down
AssetImportWorkerClient::OnTransportError - code=2 error=End of file
AcceleratorClientConnectionCallback - disconnected - :0
Curl error 42: Callback aborted
AssetImportWorker is now disconnected from the server
Process exiting
[ExitDontLaunchBugReporter] Exiting without the bug reporter. Application will exit with return code 0
