VBCSCompilerPreWarmer: pre-warm launched (dotnet PID 15280)
VBCSCompiler prewarm took 112.70 ms
[Licensing::Module] Trying to connect to existing licensing client channel...
Built from '6000.6/respin/6000.6.0f1-fa21a270ab12' branch; Version is '6000.6.0f1 (f7f8ed4d1e24) revision 16251117'; Using compiler version '194234433'; Build Type 'Release'
OS: 'Windows 10  (10.0.19045) 64bit CoreSingleLanguage' Language: 'es' Physical Memory: 6099 MB
[Licensing::IpcConnector] Successfully connected to: "LicenseClient-CAURFESA" at "2026-10-02T17:38:33.6866625Z"
BatchMode: 0, IsHumanControllingUs: 1, StartBugReporterOnCrash: 1, Is64bit: 1
System  architecture: x64
Process architecture: x64
Date: 2026-10-02T17:38:33Z
[Licensing::Client] Code 10 while verifying Licensing Client signature (process Id: 3428, path: "C:/Program Files/Unity Hub/UnityLicensingClient_V1/Unity.Licensing.Client.exe")
[Licensing::Module] LicensingClient has failed validation; ignoring
[Licensing::Client] Handshaking with LicensingClient:
  Version:                 1.18.3+d7ffd15
  Session Id:              6e73498300ef44199495e2ce1acd39f4
  Correlation Id:          6670af51ee1ef093ebd8b8510a7ca2a7
  External correlation Id: 4310995078308756699
  Machine Id:              olCXLNDLr2tGng5msl/O74yqVd0=
[Licensing::Module] Successfully connected to LicensingClient on channel: "LicenseClient-CAURFESA" (connect: 0.00s, validation: 0.05s, handshake: 0.59s)
[Licensing::IpcConnector] Successfully connected to: "LicenseClient-CAURFESA-notifications" at "2026-10-02T17:38:34.3331174Z"
[Licensing::Client] Successfully updated the access token
[Licensing::Module] Successfully updated the access token Z8Qv9MQbwt...
[Licensing::Client] Successfully resolved entitlement details
[Licensing::Module] License group:
  Id: 4674240122532-UnityPersXXXX
  Product: Unity Personal
  Type: Assigned
  Expiration: Unlimited
[Licensing::Client] Successfully updated license, isAsync: True, time: 0.05
[Licensing::Client] Successfully resolved entitlement details
[Licensing::Module] Licensing Background thread has ended after 0.88s

COMMAND LINE ARGUMENTS:
C:\Program Files\Unity\Hub\Editor\6000.6.0f1\Editor\Unity.exe
-projectpath
C:\Users\kimji\Ingenieria_MisionKonstruir
-acceptSoftwareTermsForThisRunOnly
-useHub
-hubIPC
-cloudEnvironment
production
-licensingIpc
LicenseClient-CAURFESA
-hubSessionId
b8450300-e76f-44d1-8152-64b3b2e048d9
-accessToken
Z8Qv9MQbwtmvURhG6edRfqPBsf-ozNi-DD8DQ_G17fU004f
Successfully changed project path to: C:\Users\kimji\Ingenieria_MisionKonstruir
C:/Users/kimji/Ingenieria_MisionKonstruir
[UnityMemory] Configuration Parameters - Can be set up in boot.config
    "memorysetup-temp-allocator-size-gi-baking-worker=262144"
    "memorysetup-temp-allocator-size-gi-baking-worker=262144"
    "memorysetup-temp-allocator-size-gi-baking-worker=262144"
    "memorysetup-temp-allocator-size-gi-baking-worker=262144"
    "memorysetup-temp-allocator-size-gi-baking-worker=262144"
    "memorysetup-temp-allocator-size-nav-mesh-worker=65536"
    "memorysetup-temp-allocator-size-audio-worker=65536"
    "memorysetup-temp-allocator-size-cloud-worker=32768"
    "memorysetup-temp-allocator-size-gfx=262144"
    "memorysetup-remapper-allocator-initial-capacity=32768"
    "memorysetup-temp-allocator-size-preload-manager=33554432"
    "memorysetup-allocator-temp-initial-block-size-main=262144"
    "memorysetup-allocator-temp-initial-block-size-worker=262144"
    "memorysetup-temp-allocator-size-job-worker=262144"
    "memorysetup-temp-allocator-size-background-worker=32768"
    "memorysetup-bucket-allocator-granularity=16"
    "memorysetup-bucket-allocator-bucket-count=8"
    "memorysetup-bucket-allocator-block-size=33554432"
    "memorysetup-bucket-allocator-block-count=8"
    "memorysetup-main-allocator-block-size=16777216"
    "memorysetup-thread-allocator-block-size=16777216"
    "memorysetup-main-allocator-mimalloc-enabled=1"
    "memorysetup-gfx-main-allocator-block-size=16777216"
    "memorysetup-gfx-thread-allocator-block-size=16777216"
    "memorysetup-cache-allocator-block-size=4194304"
    "memorysetup-typetree-allocator-block-size=2097152"
    "memorysetup-profiler-bucket-allocator-granularity=16"
    "memorysetup-profiler-bucket-allocator-bucket-count=8"
    "memorysetup-profiler-bucket-allocator-block-size=33554432"
    "memorysetup-profiler-bucket-allocator-block-count=8"
    "memorysetup-profiler-allocator-block-size=16777216"
    "memorysetup-profiler-editor-allocator-block-size=1048576"
    "memorysetup-temp-allocator-size-main=16777216"
    "memorysetup-job-temp-allocator-block-size=2097152"
    "memorysetup-job-temp-allocator-block-size-background=1048576"
    "memorysetup-job-temp-allocator-reduction-small-platforms=262144"
Player connection [21300]  Target information:

Player connection [21300]  * "[IP] 192.168.47.1 [Port] 55504 [Flags] 2 [Guid] 2398966928 [EditorId] 2398966928 [Version] 1048832 [Id] WindowsEditor(7,DESKTOP-3HPLMV0) [Debug] 1 [PackageName] WindowsEditor [ProjectName] Editor" 

Player connection [21300]  * "[IP] 192.168.163.1 [Port] 55504 [Flags] 2 [Guid] 2398966928 [EditorId] 2398966928 [Version] 1048832 [Id] WindowsEditor(7,DESKTOP-3HPLMV0) [Debug] 1 [PackageName] WindowsEditor [ProjectName] Editor" 

Player connection [21300]  * "[IP] 192.168.56.1 [Port] 55504 [Flags] 2 [Guid] 2398966928 [EditorId] 2398966928 [Version] 1048832 [Id] WindowsEditor(7,DESKTOP-3HPLMV0) [Debug] 1 [PackageName] WindowsEditor [ProjectName] Editor" 

Player connection [21300]  * "[IP] 169.254.62.158 [Port] 55504 [Flags] 2 [Guid] 2398966928 [EditorId] 2398966928 [Version] 1048832 [Id] WindowsEditor(7,DESKTOP-3HPLMV0) [Debug] 1 [PackageName] WindowsEditor [ProjectName] Editor" 

Player connection [21300]  * "[IP] 192.168.100.122 [Port] 55504 [Flags] 2 [Guid] 2398966928 [EditorId] 2398966928 [Version] 1048832 [Id] WindowsEditor(7,DESKTOP-3HPLMV0) [Debug] 1 [PackageName] WindowsEditor [ProjectName] Editor" 

Player connection [21300] Host joined multi-casting on [225.0.0.222:54997]...
Player connection [21300] Host joined alternative multi-casting on [225.0.0.222:34997]...
Input System module state changed to: Initialized.
[Physics::Module] Initialized fallback backend.
[Physics::Module] Id: 0xdecafbad
[Package Manager] Connected to IPC stream "Upm-21176" after 2.3 seconds.
[Licensing::Client] Successfully resolved entitlement details
Library Redirect Path: Library/
Initialising UDS system complete:
  - System type: Client
  - Resource namespace: 40e3c16f32eb00e1da9559442c698f73
  - Shared memory size: 1073741824
  - Command buffer id: 1052576
  - Command buffer size: 8192
  - Hashmap size: 4194304
  - Service connected: false
Launching Unity Data Store - C:/Program Files/Unity/Hub/Editor/6000.6.0f1/Editor/Data/Tools/Unity.DataStore.exe 
Unity Data Store artifact dir = Library/DataStore, working dir = C:/Users/kimji/Ingenieria_MisionKonstruir[Physics::Module] Selected backend.
[Physics::Module] Name: PhysX
[Physics::Module] Id: 0xf2b8ea05
[Physics::Module] SDK Version: 4.1.2
[Physics::Module] Integration Version: 1.0.0
[Physics::Module] Threading Mode: Multi-Threaded
Unity Data Store running and initialised
Refreshing native plugins compatible for Editor in 2.76 ms, found 0 plugins.
Initialize engine version: 6000.6.0f1 (f7f8ed4d1e24)
[EntityIdStore] init: VM path (explicit commit), pageSize=4096, blockCount=1048576, entitiesPerBlock=256, slots reserved=4294967296 bytes
[Subsystems] Discovering subsystems at path C:/Program Files/Unity/Hub/Editor/6000.6.0f1/Editor/Data/Resources/UnitySubsystems
[Subsystems] Discovering subsystems at path C:/Users/kimji/Ingenieria_MisionKonstruir/Assets
[D3D12 Device Filter] Vendor Name: ATI
[D3D12 Device Filter] Device Name: AMD Radeon(TM) Vega 8 Graphics
[D3D12 Device Filter] Driver Version: 26.20.11008.6001
[D3D12 Device Filter] Feature Level: 12.1
[D3D12 Device Filter] Graphics Memory: 3049 MB
[D3D12 Device Filter] Processor Count: 8
[D3D12 Device Filter] Device Type: Integrated
[D3D12 Device Filter] D3D12 API denied by user filter: {"Graphics Memory Comparator": Less Than"Graphics Memory": "3600", "Device Type:": Do Not Care}
GfxDevice: creating device client; kGfxThreadingModeThreaded
Direct3D:
    Version:  Direct3D 11.0 [level 11.1]
    Renderer: AMD Radeon(TM) Vega 8 Graphics (ID=0x15dd)
    Vendor:   ATI
    VRAM:     3049 MB
    Driver:   26.20.11008.6001
Initialize mono
Mono path[0] = 'C:/Program Files/Unity/Hub/Editor/6000.6.0f1/Editor/Data/Managed'
Mono path[1] = 'C:/Program Files/Unity/Hub/Editor/6000.6.0f1/Editor/Data/BCLExtensions/runtime/netstandard2.1'
Mono path[2] = 'C:/Program Files/Unity/Hub/Editor/6000.6.0f1/Editor/Data/MonoBleedingEdge/lib/mono/unityjit-win32'
Mono config path = 'C:/Program Files/Unity/Hub/Editor/6000.6.0f1/Editor/Data/MonoBleedingEdge/etc'
Using monoOptions --debugger-agent=transport=dt_socket,embedding=1,server=y,suspend=n,address=127.0.0.1:56176
CodeReloadManager initialized
ImportWorker Server TCP listen port: 0
AcceleratorClientConnectionCallback - disconnected - :0
Begin MonoManager ReloadAssembly
Registering precompiled unity dll's ...
Register platform support module: C:/Program Files/Unity/Hub/Editor/6000.6.0f1/Editor/Data/PlaybackEngines/WebGLSupport/UnityEditor.WebGL.Extensions.dll
Register platform support module: C:/Program Files/Unity/Hub/Editor/6000.6.0f1/Editor/Data/PlaybackEngines/WindowsStandaloneSupport/UnityEditor.WindowsStandalone.Extensions.dll
Registered in 0.012604 seconds.
Native extension for WindowsStandalone target not found
Native extension for WebGL target not found
Package Manager log level set to [2]
ScheduleIndexationOnStartup MainProcess:False IndexOnStartup:True
Scripting: successfully reloaded assembly
- Finished resetting the current domain, in  5.910 seconds
Domain Reload Profiling: 8669ms
	BeginReloadAssembly (608ms)
		CreateAndSetChildDomain (11ms)
	RebuildCommonClasses (22ms)
	RebuildNativeTypeToScriptingClass (87ms)
	initialDomainReloadingComplete (322ms)
	LoadAllAssembliesAndSetupDomain (1713ms)
		LoadAssemblies (631ms)
		TypeCache.Refresh (1146ms)
			TypeCache.ScanAssembly (1081ms)
		AnalyzeDomain (3ms)
	FinalizeReload (5917ms)
		SetupLoadedEditorAssemblies (0ms)
			LogAssemblyErrors (6ms)
			InitializePlatformSupportModulesInManaged (13ms)
			BeforeProcessingInitializeOnLoad (725ms)
			ProcessInitializeOnLoadAttributes (809ms)
			ProcessInitializeOnLoadMethodAttributes (3273ms)
			EditorAssembliesLoaded (16ms)
[Licensing::Client] Successfully resolved entitlement details
Application.AssetDatabase Initial Refresh Start
[Package Manager] Restoring resolved packages state from cache
[Licensing::Client] Successfully resolved entitlement details
[Package Manager] Registered 66 packages:
  Packages from [https://packages.unity.com]:
    com.unity.collab-proxy@2.13.6 (location: C:\Users\kimji\Ingenieria_MisionKonstruir\Library\PackageCache\com.unity.collab-proxy@4628d2ba6ea4)
    com.unity.ide.rider@3.0.38 (location: C:\Users\kimji\Ingenieria_MisionKonstruir\Library\PackageCache\com.unity.ide.rider@1f60b3138684)
    com.unity.ide.visualstudio@2.0.26 (location: C:\Users\kimji\Ingenieria_MisionKonstruir\Library\PackageCache\com.unity.ide.visualstudio@a99d56dec63f)
    com.unity.inputsystem@1.20.0 (location: C:\Users\kimji\Ingenieria_MisionKonstruir\Library\PackageCache\com.unity.inputsystem@7a4e1a2a8194)
    com.unity.visualscripting@1.9.12 (location: C:\Users\kimji\Ingenieria_MisionKonstruir\Library\PackageCache\com.unity.visualscripting@4edfcc09512f)
    com.unity.2d.animation@16.0.0 (location: C:\Users\kimji\Ingenieria_MisionKonstruir\Library\PackageCache\com.unity.2d.animation@147f6a6d9e7f)
    com.unity.2d.pixel-perfect@6.0.0 (location: C:\Users\kimji\Ingenieria_MisionKonstruir\Library\PackageCache\com.unity.2d.pixel-perfect@a860cb24a0cc)
    com.unity.2d.psdimporter@15.0.0 (location: C:\Users\kimji\Ingenieria_MisionKonstruir\Library\PackageCache\com.unity.2d.psdimporter@3ef8178676f6)
    com.unity.2d.spriteshape@16.0.0 (location: C:\Users\kimji\Ingenieria_MisionKonstruir\Library\PackageCache\com.unity.2d.spriteshape@42798c9d35d3)
    com.unity.2d.tilemap.extras@9.0.0 (location: C:\Users\kimji\Ingenieria_MisionKonstruir\Library\PackageCache\com.unity.2d.tilemap.extras@598e8b65eaae)
    com.unity.2d.aseprite@6.0.0 (location: C:\Users\kimji\Ingenieria_MisionKonstruir\Library\PackageCache\com.unity.2d.aseprite@ab909e3e9b5f)
    com.unity.2d.tooling@4.0.1 (location: C:\Users\kimji\Ingenieria_MisionKonstruir\Library\PackageCache\com.unity.2d.tooling@4e93af4036ee)
    com.unity.splines@2.9.0 (location: C:\Users\kimji\Ingenieria_MisionKonstruir\Library\PackageCache\com.unity.splines@e6e1d5900acc)
    com.unity.2d.common@15.0.0 (location: C:\Users\kimji\Ingenieria_MisionKonstruir\Library\PackageCache\com.unity.2d.common@b779c433ed47)
    com.unity.settings-manager@2.1.1 (location: C:\Users\kimji\Ingenieria_MisionKonstruir\Library\PackageCache\com.unity.settings-manager@0b8638c5ce86)
    com.unity.nuget.mono-cecil@1.11.6 (location: C:\Users\kimji\Ingenieria_MisionKonstruir\Library\PackageCache\com.unity.nuget.mono-cecil@ecb9724e46ff)
  Built-in packages:
    com.unity.cinemachine@6.6.0 (location: C:\Users\kimji\Ingenieria_MisionKonstruir\Library\PackageCache\com.unity.cinemachine@f53aa49b3acc)
    com.unity.feature.2d@2.0.2 (location: C:\Users\kimji\Ingenieria_MisionKonstruir\Library\PackageCache\com.unity.feature.2d@11724ae7e5b5)
    com.unity.test-framework@1.8.0 (location: C:\Users\kimji\Ingenieria_MisionKonstruir\Library\PackageCache\com.unity.test-framework@7a3849e09bd0)
    com.unity.timeline@6.6.0 (location: C:\Users\kimji\Ingenieria_MisionKonstruir\Library\PackageCache\com.unity.timeline@281d5f7e7d7d)
    com.unity.ugui@2.6.0 (location: C:\Users\kimji\Ingenieria_MisionKonstruir\Library\PackageCache\com.unity.ugui@23caec89ae27)
    com.unity.modules.accessibility@1.0.0 (location: C:\Users\kimji\Ingenieria_MisionKonstruir\Library\PackageCache\com.unity.modules.accessibility)
    com.unity.modules.adaptiveperformance@1.0.0 (location: C:\Users\kimji\Ingenieria_MisionKonstruir\Library\PackageCache\com.unity.modules.adaptiveperformance)
    com.unity.modules.ai@1.0.0 (location: C:\Users\kimji\Ingenieria_MisionKonstruir\Library\PackageCache\com.unity.modules.ai)
    com.unity.modules.androidjni@1.0.0 (location: C:\Users\kimji\Ingenieria_MisionKonstruir\Library\PackageCache\com.unity.modules.androidjni)
    com.unity.modules.animation@1.0.0 (location: C:\Users\kimji\Ingenieria_MisionKonstruir\Library\PackageCache\com.unity.modules.animation)
    com.unity.modules.assetbundle@1.0.0 (location: C:\Users\kimji\Ingenieria_MisionKonstruir\Library\PackageCache\com.unity.modules.assetbundle)
    com.unity.modules.audio@1.0.0 (location: C:\Users\kimji\Ingenieria_MisionKonstruir\Library\PackageCache\com.unity.modules.audio)
    com.unity.modules.cloth@1.0.0 (location: C:\Users\kimji\Ingenieria_MisionKonstruir\Library\PackageCache\com.unity.modules.cloth)
    com.unity.modules.director@1.0.0 (location: C:\Users\kimji\Ingenieria_MisionKonstruir\Library\PackageCache\com.unity.modules.director)
    com.unity.modules.imageconversion@1.0.0 (location: C:\Users\kimji\Ingenieria_MisionKonstruir\Library\PackageCache\com.unity.modules.imageconversion)
    com.unity.modules.imgui@1.0.0 (location: C:\Users\kimji\Ingenieria_MisionKonstruir\Library\PackageCache\com.unity.modules.imgui)
    com.unity.modules.jsonserialize@1.0.0 (location: C:\Users\kimji\Ingenieria_MisionKonstruir\Library\PackageCache\com.unity.modules.jsonserialize)
    com.unity.modules.particlesystem@1.0.0 (location: C:\Users\kimji\Ingenieria_MisionKonstruir\Library\PackageCache\com.unity.modules.particlesystem)
    com.unity.modules.physics@1.0.0 (location: C:\Users\kimji\Ingenieria_MisionKonstruir\Library\PackageCache\com.unity.modules.physics)
    com.unity.modules.physics2d@1.0.0 (location: C:\Users\kimji\Ingenieria_MisionKonstruir\Library\PackageCache\com.unity.modules.physics2d)
    com.unity.modules.physicscore2d@1.0.0 (location: C:\Users\kimji\Ingenieria_MisionKonstruir\Library\PackageCache\com.unity.modules.physicscore2d)
    com.unity.modules.screencapture@1.0.0 (location: C:\Users\kimji\Ingenieria_MisionKonstruir\Library\PackageCache\com.unity.modules.screencapture)
    com.unity.modules.terrain@1.0.0 (location: C:\Users\kimji\Ingenieria_MisionKonstruir\Library\PackageCache\com.unity.modules.terrain)
    com.unity.modules.terrainphysics@1.0.0 (location: C:\Users\kimji\Ingenieria_MisionKonstruir\Library\PackageCache\com.unity.modules.terrainphysics)
    com.unity.modules.tetgen@1.0.0 (location: C:\Users\kimji\Ingenieria_MisionKonstruir\Library\PackageCache\com.unity.modules.tetgen)
    com.unity.modules.tilemap@1.0.0 (location: C:\Users\kimji\Ingenieria_MisionKonstruir\Library\PackageCache\com.unity.modules.tilemap)
    com.unity.modules.timelinefoundation@1.0.0 (location: C:\Users\kimji\Ingenieria_MisionKonstruir\Library\PackageCache\com.unity.modules.timelinefoundation)
    com.unity.modules.ui@1.0.0 (location: C:\Users\kimji\Ingenieria_MisionKonstruir\Library\PackageCache\com.unity.modules.ui)
    com.unity.modules.uielements@1.0.0 (location: C:\Users\kimji\Ingenieria_MisionKonstruir\Library\PackageCache\com.unity.modules.uielements)
    com.unity.modules.umbra@1.0.0 (location: C:\Users\kimji\Ingenieria_MisionKonstruir\Library\PackageCache\com.unity.modules.umbra)
    com.unity.modules.unityanalytics@1.0.0 (location: C:\Users\kimji\Ingenieria_MisionKonstruir\Library\PackageCache\com.unity.modules.unityanalytics)
    com.unity.modules.unitywebrequest@1.0.0 (location: C:\Users\kimji\Ingenieria_MisionKonstruir\Library\PackageCache\com.unity.modules.unitywebrequest)
    com.unity.modules.unitywebrequestassetbundle@1.0.0 (location: C:\Users\kimji\Ingenieria_MisionKonstruir\Library\PackageCache\com.unity.modules.unitywebrequestassetbundle)
    com.unity.modules.unitywebrequestaudio@1.0.0 (location: C:\Users\kimji\Ingenieria_MisionKonstruir\Library\PackageCache\com.unity.modules.unitywebrequestaudio)
    com.unity.modules.unitywebrequesttexture@1.0.0 (location: C:\Users\kimji\Ingenieria_MisionKonstruir\Library\PackageCache\com.unity.modules.unitywebrequesttexture)
    com.unity.modules.unitywebrequestwww@1.0.0 (location: C:\Users\kimji\Ingenieria_MisionKonstruir\Library\PackageCache\com.unity.modules.unitywebrequestwww)
    com.unity.modules.vectorgraphics@1.0.0 (location: C:\Users\kimji\Ingenieria_MisionKonstruir\Library\PackageCache\com.unity.modules.vectorgraphics)
    com.unity.modules.vehicles@1.0.0 (location: C:\Users\kimji\Ingenieria_MisionKonstruir\Library\PackageCache\com.unity.modules.vehicles)
    com.unity.modules.video@1.0.0 (location: C:\Users\kimji\Ingenieria_MisionKonstruir\Library\PackageCache\com.unity.modules.video)
    com.unity.modules.wind@1.0.0 (location: C:\Users\kimji\Ingenieria_MisionKonstruir\Library\PackageCache\com.unity.modules.wind)
    com.unity.modules.xr@1.0.0 (location: C:\Users\kimji\Ingenieria_MisionKonstruir\Library\PackageCache\com.unity.modules.xr)
    com.unity.modules.subsystems@1.0.0 (location: C:\Users\kimji\Ingenieria_MisionKonstruir\Library\PackageCache\com.unity.modules.subsystems)
    com.unity.modules.hierarchycore@1.0.0 (location: C:\Users\kimji\Ingenieria_MisionKonstruir\Library\PackageCache\com.unity.modules.hierarchycore)
    com.unity.ext.nunit@2.1.0 (location: C:\Users\kimji\Ingenieria_MisionKonstruir\Library\PackageCache\com.unity.ext.nunit@0198eae3b53e)
    com.unity.2d.sprite@1.0.0 (location: C:\Users\kimji\Ingenieria_MisionKonstruir\Library\PackageCache\com.unity.2d.sprite@947350d67f82)
    com.unity.2d.tilemap@1.0.0 (location: C:\Users\kimji\Ingenieria_MisionKonstruir\Library\PackageCache\com.unity.2d.tilemap@639ca1d99254)
    com.unity.mathematics@1.4.0 (location: C:\Users\kimji\Ingenieria_MisionKonstruir\Library\PackageCache\com.unity.mathematics@8306a64d0cd6)
    com.unity.collections@6.6.0 (location: C:\Users\kimji\Ingenieria_MisionKonstruir\Library\PackageCache\com.unity.collections@10fff0607388)
    com.unity.burst@2.0.0 (location: C:\Users\kimji\Ingenieria_MisionKonstruir\Library\PackageCache\com.unity.burst@626e66ab421b)
    com.unity.test-framework.performance@6.6.0 (location: C:\Users\kimji\Ingenieria_MisionKonstruir\Library\PackageCache\com.unity.test-framework.performance@0a60b857a52e)
[Subsystems] No new subsystems found in resolved package list.
[Package Manager] Done registering packages in 0.17 seconds
Assembly reference Packages/com.unity.cinemachine/Editor/Samples/ExposeHDRPInternals/HDRP-Editor-ref.asmref has no target assembly definition
Assembly reference Packages/com.unity.cinemachine/Editor/Samples/ExposeHDRPInternals/HDRP-Editor-ref.asmref has no target assembly definition
Starting: C:\Program Files\Unity\Hub\Editor\6000.6.0f1\Editor\Data\Tools\BuildPipeline\bee_backend.exe --ipc --defer-dag-verification --dagfile="Library/Bee/1900b0aE.dag" --continue-on-failure --profile="Library/Bee/backend1.traceevents" ScriptAssemblies
WorkingDir: C:/Users/kimji/Ingenieria_MisionKonstruir
warn: Unity.ILPP.Runner.PostProcessingAssemblyLoadContext[0]
      Assembly system.runtime.interopservices.windowsruntime has duplicate hint path. Ignoring "C:\Program Files\Unity\Hub\Editor\6000.6.0f1\Editor\Data\UnityReferenceAssemblies\unity-4.8-api\Facades\System.Runtime.InteropServices.WindowsRuntime.dll" in favor of "C:\Program Files\Unity\Hub\Editor\6000.6.0f1\Editor\Data\NetStandard\Extensions\2.0.0\System.Runtime.InteropServices.WindowsRuntime.dll"
warn: Unity.ILPP.Runner.PostProcessingAssemblyLoadContext[0]
      Assembly system.componentmodel.composition has duplicate hint path. Ignoring "C:\Program Files\Unity\Hub\Editor\6000.6.0f1\Editor\Data\UnityReferenceAssemblies\unity-4.8-api\System.ComponentModel.Composition.dll" in favor of "C:\Program Files\Unity\Hub\Editor\6000.6.0f1\Editor\Data\NetStandard\compat\2.1.0\shims\netfx\System.ComponentModel.Composition.dll"
ExitCode: 0 Duration: 3s846ms
[747/958    2s] ILPP-Configuration Library/ilpp-configuration.nevergeneratedoutput
*** Tundra build success (3.38 seconds), 1 items updated, 958 evaluated
AssetDatabase: script compilation time: 25.804568s
Begin MonoManager ReloadAssembly
Assembly reference Packages/com.unity.cinemachine/Editor/Samples/ExposeHDRPInternals/HDRP-Editor-ref.asmref has no target assembly definition
'Packages/com.unity.cinemachine/Editor/Editors/CinemachineVirtualCameraBaseEditor.cs' contains partial class of Unity.Object, exactly 1 of the partial classes needs to be in a file with the same filename. This is to know the one that can be referenced from ie. GameObjects
'Packages/com.unity.cinemachine/Editor/Obsolete/CinemachineVirtualCameraBaseEditor.cs' contains partial class of Unity.Object, exactly 1 of the partial classes needs to be in a file with the same filename. This is to know the one that can be referenced from ie. GameObjects
Refreshing native plugins compatible for Editor in 25.11 ms, found 5 plugins.
Native extension for WindowsStandalone target not found
Native extension for WebGL target not found
ScheduleIndexationOnStartup MainProcess:True IndexOnStartup:True
Scripting: successfully reloaded assembly
- Finished resetting the current domain, in  6.977 seconds
Domain Reload Profiling: 14801ms
	BeginReloadAssembly (2276ms)
		DisableScriptedObjects (294ms)
		CreateAndSetChildDomain (437ms)
	RebuildCommonClasses (56ms)
	RebuildNativeTypeToScriptingClass (168ms)
	initialDomainReloadingComplete (550ms)
	LoadAllAssembliesAndSetupDomain (4764ms)
		LoadAssemblies (2740ms)
		TypeCache.Refresh (1310ms)
			TypeCache.ScanAssembly (1245ms)
		AnalyzeDomain (417ms)
			BuildScriptInfoCaches (372ms)
			ResolveRequiredComponents (36ms)
	FinalizeReload (6986ms)
		SetupLoadedEditorAssemblies (0ms)
			LogAssemblyErrors (15ms)
			InitializePlatformSupportModulesInManaged (10ms)
			BeforeProcessingInitializeOnLoad (917ms)
			ProcessInitializeOnLoadAttributes (3635ms)
			ProcessInitializeOnLoadMethodAttributes (730ms)
			AfterProcessingInitializeOnLoad (128ms)
			EditorAssembliesLoaded (13ms)
		AwakeInstancesAfterBackupRestoration (143ms)
Starting new worker id: 0 with log in C:/Users/kimji/Ingenieria_MisionKonstruir/Logs/AssetImportWorkerHW0.log

Asset Pipeline Refresh (id=56b3a666bf857ba43b9365309e7697aa): Total: 45.903 seconds - Initiated by InitialRefreshV2(ForceSynchronousImport)
	(Values over 0.05ms)
	Summary:
		Imports: total=0 (actual=0, local cache=0, cache server=0)
		Asset DB Process Time: managed=0 ms, native=10374 ms
		Asset DB Callback time: managed=251 ms, native=262 ms
		Scripting: domain reloads=1, domain reload time=8577 ms, compile time=25827 ms, other=609 ms
		Project Asset Count: scripts=1208, non-scripts=1934
		Asset File Changes: new=0, changed=0, moved=0, deleted=0
		Scan Filter Count: 0
	InvokePackagesCallback: 274.581ms
	ApplyChangesToAssetFolders: 3.549ms
	Scan: 462.505ms
	Collect global state as custom dependencies: 109.381ms
	CategorizeScriptCompilationAssets: 556.272ms
	ProcessAssetsWithTransientArtifactChanges: 524.897ms
	CategorizeAssets: 184.917ms
	CompileScripts: 25826.742ms
	ImportOutOfDateAssets: 7119.104ms (7068.851ms without children)
		UnloadImportedAssets: 0.513ms
		EnsureUptoDateAssetsAreRegisteredWithGuidPM: 3.364ms
		ImportSchedulerStart: 46.351ms
	PostProcessAllAssets: 252.082ms
		MonoPostProcessAllAssets: 251.865ms
			SyncVS.PostprocessSyncProject 80.956ms
			WindowAssetPostprocessingWatcher.OnPostprocessAllAssets 58.565ms
			EditModeScopePostprocessor.OnPostprocessAllAssets 5.017ms
			SpeedTree9Postprocessor.OnPostprocessAllAssets 3.969ms
			InputActionAssetPostprocessor.OnPostprocessAllAssets 2.413ms
			TerrainToolbarOverlayPostProcessor.OnPostprocessAllAssets 1.869ms
			CinemachineSettings.OnPostprocessAllAssets 1.689ms
			ReferencedClipsPostProcessor.OnPostprocessAllAssets 1.682ms
			DomainReloadProcessor.OnPostprocessAllAssets 1.636ms
			AssetDatabaseCallbacks.OnPostprocessAllAssets 1.141ms
			ProjectSettingsPostprocessor.OnPostprocessAllAssets 1.080ms
			RenderPipelineGlobalSettingsPostprocessor.OnPostprocessAllAssets 0.486ms
	UnloadStreamsBegin: 8.796ms
	PersistCurrentRevisions: 0.498ms
	GenerateScriptTypeHashes: 8.683ms
	GenerateScriptTypeSerializationHashes: 15.392ms
	Untracked: 10442.340ms

Application.AssetDatabase Initial Refresh End
Launched and connected shader compiler UnityShaderCompiler.exe after 0.07 seconds
Scanning for USB devices : 19.132ms
Initializing Unity extensions:
[MODES] ModeService[none].Initialize
[MODES] ModeService[none].LoadModes
[MODES] Loading mode Default (0) for mode-current-id-Ingenieria_MisionKonstruir
Unloading 3 Unused Serialized files (Serialized files now loaded: 0)
Loaded scene 'Assets/Scenes/Nivel_1.unity'
	Deserialize:            62.900 ms
	Integration:            276.123 ms
	Integration of assets:  0.504 ms
	Thread Wait Time:       -0.459 ms
	Total Operation Time:   339.069 ms
Unloading 5615 unused Assets / (0.8 MB). Loaded Objects now: 6388.
Memory consumption went from 362.8 MB to 362.1 MB.
Total: 74.891900 ms (FindLiveObjects: 2.025300 ms CreateObjectMapping: 2.585100 ms MarkObjects: 48.250800 ms  DeleteObjects: 20.763700 ms)

[LAYOUT] About to load UserSettings\Layouts\default-6000.dwlt, keepMainWindow=False
[LAYOUT] About to save layout C:\Users\kimji\Ingenieria_MisionKonstruir\UserSettings\Layouts\default-6000.dwlt
[LAYOUT] About to save layout C:/Users/kimji/AppData/Roaming/Unity/Editor-5.x/Preferences\Layouts\current\default-6000.dwlt
[MODES] ModeService[default].InitializeCurrentMode
[MODES] ModeService[default].RaiseModeChanged(default, default)
This project uses Input Manager, which is marked for deprecation. To manage input in your project, use the <a href="https://docs.unity3d.com/Packages/com.unity.inputsystem@latest">Input System package</a> instead.
<RI> Initializing input.
Using Windows.Gaming.Input
<RI> Input initialized.
D3D11 device created for Microsoft Media Foundation video decoding.
[Project] Loading completed in 81.575 seconds
	Project init time: 				66.315 seconds
		Template init time: 		0.000 seconds
		Package Manager init time: 		2.271 seconds
		Asset Database init time: 		2.608 seconds
		Global illumination init time: 	0.012 seconds
		Assemblies load time: 			9.028 seconds
		Unity extensions init time: 	0.285 seconds
		Asset Database refresh time: 	45.906 seconds
	Scene opening time: 			13.302 seconds
##utp:{"type":"ProjectInfo","version":2,"phase":"Immediate","time":1790962795045,"processId":21176,"projectLoad":81.5752009,"projectInit":66.315196,"templateInit":0.0,"packageManagerInit":2.2707522,"assetDatabaseInit":2.6075319,"globalIlluminationInit":0.0118483,"assembliesLoad":9.0278902,"unityExtensionsInit":0.2849097,"assetDatabaseRefresh":45.9055041,"sceneOpening":13.3019554}
##utp:{"type":"EditorInfo","version":2,"phase":"Immediate","time":1790962795046,"processId":21176,"editorVersion":"6000.6.0f1 (f7f8ed4d1e24)","branch":"6000.6/respin/6000.6.0f1-fa21a270ab12","buildType":"Release","platform":"Windows"}
[Licensing::Client] Successfully resolved entitlement details
[Licensing::Client] Successfully resolved entitlement details
Created GICache directory at C:/Users/kimji/AppData/LocalLow/Unity/Caches/GiCache. Took: 0.140s, timestamps: [89.797 - 89.936]
[Licensing::Client] Successfully resolved entitlement details
[Licensing::Client] Successfully resolved entitlement details
[Licensing::Client] Successfully resolved entitlement details
[Licensing::Client] Successfully resolved entitlement details
[Licensing::Client] Successfully updated the access token
[Licensing::Module] Successfully updated access token: "Z8Qv9MQb"... (expires: 2026-10-02T18:47:04Z)
UPID Received '568c27f6-37e2-4d04-a3cc-cd50cd05e909'.

Asset Pipeline Refresh (id=ec4acaea58672b849b6ab5934defb6be): Total: 0.492 seconds - Initiated by RefreshV2(AllowForceSynchronousImport)
	(Values over 0.05ms)
	Summary:
		Imports: total=0 (actual=0, local cache=0, cache server=0)
		Asset DB Process Time: managed=0 ms, native=488 ms
		Asset DB Callback time: managed=0 ms, native=2 ms
		Scripting: domain reloads=0, domain reload time=0 ms, compile time=0 ms, other=0 ms
		Project Asset Count: scripts=1208, non-scripts=1934
		Asset File Changes: new=0, changed=0, moved=0, deleted=0
		Scan Filter Count: 0
	InvokeCustomDependenciesCallbacks: 0.063ms
	InvokePackagesCallback: 6.427ms
	ApplyChangesToAssetFolders: 1.434ms
	Collect global state as custom dependencies: 11.547ms
	OnSourceAssetsModified: 0.247ms
	ProcessAssetsWithTransientArtifactChanges: 5.974ms
	CategorizeAssets: 17.044ms
	CompileScripts: 0.125ms
	ImportOutOfDateAssets: 8.608ms (1.847ms without children)
		ReloadNativeAssets: 0.477ms
		UnloadImportedAssets: 0.738ms
		EnsureUptoDateAssetsAreRegisteredWithGuidPM: 1.883ms
		ImportSchedulerStart: 3.643ms
	GatherAllCurrentPrimaryImportResultRevisions: 10.078ms
	UnloadStreamsBegin: 28.561ms
	PersistCurrentRevisions: 0.310ms
	Untracked: 282.798ms

Start Indexing on Editor startup
[Indexing] Starting Initial Indexing for Assets
[Licensing::Client] Successfully resolved entitlement details
Worker ready: AssetImportWorkerHW0 0
TrimDiskCacheJob: Current cache size 0mb
Asset Pipeline Refresh (id=bc38868b1e1abd141a9aa11fc2a06b15): Total: 0.047 seconds - Initiated by RefreshV2(AllowForceSynchronousImport)
Starting new worker id: 1 with log in C:/Users/kimji/Ingenieria_MisionKonstruir/Logs/AssetImportWorkerHW1.log
[Worker0] Imported GUID: c2ef4fce340df7043ae59c1a11cd39d8 - Path: Assets/Scripts/Player/PlayerCameraJuice.cs - Importer: PreviewImporter -> (ImportResultId: '0ac3af47ace2717b36cb92fa691b1d5c') in 0.2958102 seconds
Worker ready: AssetImportWorkerHW1 1
Asset Pipeline Refresh (id=dfd6b3a8029daf04b9ebe61392ce6292): Total: 0.016 seconds - Initiated by RefreshV2(AllowForceSynchronousImport)
[Licensing::Client] Successfully resolved entitlement details

[main 2026-10-02T17:45:36.755Z] [node-compile-cache] main: packaged cache enabled (status: enabled, configured: C:\Users\kimji\AppData\Local\Programs\Microsoft VS Code\07f806f999\resources\app\node-compile-cache\main, active: C:\Users\kimji\AppData\Local\Programs\Microsoft VS Code\07f806f999\resources\app\node-compile-cache\main\v24.21.0-x64-2d60bbc0)
[main 2026-10-02T17:45:36.816Z] StorageMainService: creating application shared storage
[main 2026-10-02T17:45:37.481Z] [shared storage] Creating shared storage database at 'c:\Users\kimji\.vscode-shared\sharedStorage\state.vscdb' (wasCreated: false)
[main 2026-10-02T17:45:37.482Z] [shared storage] Initializing fallback application storage (path: c:\Users\kimji\AppData\Roaming\Code\User\globalStorage\state.vscdb)
[main 2026-10-02T17:45:37.678Z] [shared storage] Fallback application storage initialized with 169 items
[main 2026-10-02T17:45:41.846Z] update#setState idle
[main 2026-10-02T17:45:42.045Z] AgentHostProcessManager: agent host started
[main 2026-10-02T17:45:49.704Z] [AgentHost:stderr] (node:1768) [DEP0169] DeprecationWarning: `url.parse()` behavior is not standardized and prone to errors that have security implications. Use the WHATWG URL API instead. CVEs are not issued for `url.parse()` vulnerabilities.
(Use `Code --trace-deprecation ...` to show where the warning was created)

Unknown channel: agentHostClientByokLm
Unknown channel: agentHostClientProxy
(node:19088) [DEP0169] DeprecationWarning: `url.parse()` behavior is not standardized and prone to errors that have security implications. Use the WHATWG URL API instead. CVEs are not issued for `url.parse()` vulnerabilities.
(Use `Code --trace-deprecation ...` to show where the warning was created)
Unknown channel: agentHostClientProxy
Unknown channel: agentHostClientProxy
[main 2026-10-02T17:46:22.274Z] update#setState checking for updates
[main 2026-10-02T17:46:23.217Z] update#setState idle
[ScriptCompilation] Requested script compilation because: AssetDatabase observed changes in script compilation related files
AssetDatabase: script compilation time: 0.016709s
[Licensing::Client] Successfully resolved entitlement details
Starting: C:\Program Files\Unity\Hub\Editor\6000.6.0f1\Editor\Data\Tools\BuildPipeline\bee_backend.exe --ipc --defer-dag-verification --dagfile="Library/Bee/1900b0aE.dag" --continue-on-failure --profile="Library/Bee/backend1.traceevents" ScriptAssemblies
WorkingDir: C:/Users/kimji/Ingenieria_MisionKonstruir
ExitCode: 0 Duration: 18s
[746/958    0s] ILPP-Configuration Library/ilpp-configuration.nevergeneratedoutput
[BUSY       6s] Csc Library/Bee/artifacts/1900b0aE.dag/Assembly-CSharp.dll (+2 others)
[954/958   10s] Csc Library/Bee/artifacts/1900b0aE.dag/Assembly-CSharp.dll (+2 others)
Assets\Scripts\Core\GameManager.cs(20,39): warning CS0414: The field 'GameManager.grietaReparada' is assigned but its value is never used
[955/958    5s] ILPostProcess Library/Bee/artifacts/1900b0aE.dag/post-processed/Assembly-CSharp.dll (+pdb)
Processing assembly Library/Bee/artifacts/1900b0aE.dag/Assembly-CSharp.dll, with 150 defines and 350 references

processors: Unity.Jobs.CodeGen.JobsILPostProcessor, zzzUnity.Burst.CodeGen.BurstILPostProcessor

1 processor(s) skipped this assembly

running Unity.Jobs.CodeGen.JobsILPostProcessor
[956/958    0s] CopyFiles Library/ScriptAssemblies/Assembly-CSharp.dll
[957/958    0s] CopyFiles Library/ScriptAssemblies/Assembly-CSharp.pdb
*** Tundra build success (18.05 seconds), 5 items updated, 958 evaluated
Assets\Scripts\Core\GameManager.cs(20,39): warning CS0414: The field 'GameManager.grietaReparada' is assigned but its value is never used
Reloading assemblies after forced synchronous recompile.
Begin MonoManager ReloadAssembly
Total cache size 267849644
Total cache size after purge 267849644, took 00:00:02.9837789
Assembly reference Packages/com.unity.cinemachine/Editor/Samples/ExposeHDRPInternals/HDRP-Editor-ref.asmref has no target assembly definition
Refreshing native plugins compatible for Editor in 11.82 ms, found 5 plugins.
Native extension for WindowsStandalone target not found
Native extension for WebGL target not found
[MODES] ModeService[none].Initialize
[MODES] ModeService[none].LoadModes
ScheduleIndexationOnStartup MainProcess:True IndexOnStartup:True
Scripting: successfully reloaded assembly
- Finished resetting the current domain, in  9.526 seconds
Domain Reload Profiling: 18057ms
	BeginReloadAssembly (5569ms)
		ExecutionOrderSort (5ms)
		DisableScriptedObjects (1662ms)
		ReleaseScriptingObjects (3ms)
		CreateAndSetChildDomain (1989ms)
	RebuildCommonClasses (67ms)
	RebuildNativeTypeToScriptingClass (129ms)
	initialDomainReloadingComplete (362ms)
	LoadAllAssembliesAndSetupDomain (2399ms)
		LoadAssemblies (1174ms)
		TypeCache.Refresh (73ms)
		AnalyzeDomain (1025ms)
			BuildScriptInfoCaches (964ms)
			ResolveRequiredComponents (31ms)
	FinalizeReload (9531ms)
		SetupLoadedEditorAssemblies (0ms)
			LogAssemblyErrors (10ms)
			InitializePlatformSupportModulesInManaged (8ms)
			BeforeProcessingInitializeOnLoad (1177ms)
			ProcessInitializeOnLoadAttributes (2225ms)
			ProcessInitializeOnLoadMethodAttributes (393ms)
			AfterProcessingInitializeOnLoad (60ms)
			EditorAssembliesLoaded (9ms)
		AwakeInstancesAfterBackupRestoration (3919ms)
Refreshing native plugins compatible for Editor in 30.04 ms, found 5 plugins.

Asset Pipeline Refresh (id=452691449cc1db742897b887f086f5e2): Total: 41.031 seconds - Initiated by RefreshV2(AllowForceSynchronousImport)
	(Values over 0.05ms)
	Summary:
		Imports: total=0 (actual=0, local cache=0, cache server=0)
		Asset DB Process Time: managed=0 ms, native=10465 ms
		Asset DB Callback time: managed=595 ms, native=412 ms
		Scripting: domain reloads=1, domain reload time=8890 ms, compile time=20665 ms, other=0 ms
		Project Asset Count: scripts=1208, non-scripts=1934
		Asset File Changes: new=0, changed=1, moved=0, deleted=0
		Scan Filter Count: 0
	InvokePackagesCallback: 12.225ms
	ApplyChangesToAssetFolders: 2.891ms
	Scan: 112.867ms
	Collect global state as custom dependencies: 10.745ms
	OnSourceAssetsModified: 41.245ms
	CategorizeScriptCompilationAssets: 1.713ms
	ProcessAssetsWithTransientArtifactChanges: 28.644ms
	CategorizeAssets: 419.286ms
	CompileScripts: 20665.060ms
	ImportOutOfDateAssets: 9589.726ms (9570.264ms without children)
		CollectScriptTypesHashes: 0.896ms
		ReloadNativeAssets: 0.273ms
		UnloadImportedAssets: 10.252ms
		EnsureUptoDateAssetsAreRegisteredWithGuidPM: 2.138ms
		ImportSchedulerStart: 6.048ms
	PostProcessAllAssets: 573.334ms
		XRBuildSystem.XRAssetImported 4.231ms
		PostProcessCallbackCreateDeferredMaterials 2.981ms
		ShaderAssetModifiedCallback 1.036ms
		VCAutoAddAssetPostprocess 0.727ms
		SpriteAtlasDatabase.OnAssetPostprocessCallback 0.295ms
		RaytracingShaderImportPostprocess 0.259ms
		Canvas.OnAllAssetImport 0.239ms
		AssemblyValidation.PostprocessAllAssets 0.221ms
		LocalizationDatabase.AssetDatabasePostprocessCallback 0.051ms
		MonoPostProcessAllAssets: 558.183ms
			AssetPostprocessor.OnPostprocessAllAssets 179.521ms
			BuilderAssetPostprocessor.OnPostprocessAllAssets 65.642ms
			SyncVS.PostprocessSyncProject 51.505ms
			WindowAssetPostprocessingWatcher.OnPostprocessAllAssets 48.848ms
			AssetChangedListener.OnPostprocessAllAssets 28.745ms
			SpriteSlicePostprocessor.OnPostprocessAllAssets 19.076ms
			ProjectSettingsPostprocessor.OnPostprocessAllAssets 15.039ms
			RetainedModeAssetPostprocessor.OnPostprocessAllAssets 7.076ms
			SpriteShapeAssetPostProcessor.OnPostprocessAllAssets 6.901ms
			ArtifactBrowserPostProcessor.OnPostprocessAllAssets 4.216ms
			SpeedTree9Postprocessor.OnPostprocessAllAssets 3.959ms
			EditModeScopePostprocessor.OnPostprocessAllAssets 3.683ms
			SpriteEditorTexturePostprocessor.OnPostprocessAllAssets 2.761ms
			AudioMixerPostprocessor.OnPostprocessAllAssets 2.731ms
			TMPro_TexturePostProcessor.OnPostprocessAllAssets 2.451ms
			UVCSAssetPostprocessor.OnPostprocessAllAssets 2.392ms
			AssetProcessor.OnPostprocessAllAssets 2.289ms
			InputActionAssetPostprocessor.OnPostprocessAllAssets 2.013ms
			StyleCatalogPostProcessor.OnPostprocessAllAssets 2.006ms
			TextAssetPostProcessor.OnPostprocessAllAssets 1.984ms
			ReferencedClipsPostProcessor.OnPostprocessAllAssets 1.854ms
			InputActionJsonNameModifierAssetProcessor.OnPostprocessAllAssets 1.426ms
			AssetEvents.OnPostprocessAllAssets 1.420ms
			CinemachineSettings.OnPostprocessAllAssets 1.326ms
			SpriteLibraryAssetPostprocessor.OnPostprocessAllAssets 1.147ms
			AssetDatabaseCallbacks.OnPostprocessAllAssets 1.120ms
			AssetReloadNotifier.OnPostprocessAllAssets 1.009ms
			ConfigAssetsTracker.OnPostprocessAllAssets 0.896ms
			TerrainToolbarOverlayPostProcessor.OnPostprocessAllAssets 0.862ms
			ScenarioDriftAssetsTracker.OnPostprocessAllAssets 0.861ms
			PSDImportPostProcessor.OnPostprocessAllAssets 0.836ms
			DomainReloadProcessor.OnPostprocessAllAssets 0.835ms
			SamplePostprocessor.OnPostprocessAllAssets 0.829ms
			SpeedTreePostProcessor.OnPostprocessAllAssets 0.818ms
			ThemePostprocessor.OnPostprocessAllAssets 0.814ms
			PSDImporterAssetPostProcessor.OnPostprocessAllAssets 0.750ms
			AudioContainerPostProcessor.OnPostprocessAllAssets 0.564ms
			RenderPipelineGlobalSettingsPostprocessor.OnPostprocessAllAssets 0.384ms
	PostAssetChangesProfiler: 390.734ms
	GatherAllCurrentPrimaryImportResultRevisions: 5.574ms
	UnloadStreamsBegin: 5.417ms
	PersistCurrentRevisions: 0.301ms
	GenerateScriptTypeHashes: 6.813ms
	GenerateScriptTypeSerializationHashes: 11.542ms
	Untracked: 9120.556ms

[Licensing::Client] Successfully resolved entitlement details
[Licensing::Client] Successfully resolved entitlement details
[Licensing::Client] Successfully resolved entitlement details
Asset Pipeline Refresh (id=99ba912bfdf3a7c4eaeff4d6ac3ad79d): Total: 0.031 seconds - Initiated by RefreshV2(AllowForceSynchronousImport)
Asset Pipeline Refresh (id=ab3eb56670d1edb4fb06b5f267dcb80e): Total: 0.014 seconds - Initiated by RefreshV2(AllowForceSynchronousImport)
Asset Pipeline Refresh (id=f94b0921213448e4fb440884ab834d1e): Total: 0.018 seconds - Initiated by RefreshV2(AllowForceSynchronousImport)
Asset Pipeline Refresh (id=5bdcf9e26c0db034184631d6ede9ad7b): Total: 0.022 seconds - Initiated by RefreshV2(AllowForceSynchronousImport)
Scanning for USB devices : 14.389ms
[Licensing::Client] Successfully resolved entitlement details
[main 2026-10-02T18:46:22.309Z] update#setState checking for updates
[main 2026-10-02T18:46:23.120Z] update#setState idle
Project ID request failed, Reason: The requested URL returned error: 401 (401).
Unknown Unity Connect error (400). Please contact support at support@unity.com while processing request "https://services.unity.com/api/unity/legacy/v1/projects/568c27f6-37e2-4d04-a3cc-cd50cd05e909", HTTP error code 401
.[Licensing::Client] Successfully resolved entitlement details
Project ID request failed, Reason: The requested URL returned error: 401 (401).
Unknown Unity Connect error (400). Please contact support at support@unity.com while processing request "https://services.unity.com/api/unity/legacy/v1/projects/568c27f6-37e2-4d04-a3cc-cd50cd05e909", HTTP error code 401
.[Licensing::Client] Successfully resolved entitlement details
[Licensing::Client] Successfully updated the access token
[Licensing::Module] Successfully updated access token: "AgG1YfNo"... (expires: 2026-10-02T20:46:26Z)
UPID Received '568c27f6-37e2-4d04-a3cc-cd50cd05e909'.
[Licensing::Client] Successfully resolved entitlement details
Scanning for USB devices : 3.776ms
Scanning for USB devices : 3.820ms
Asset Pipeline Refresh (id=e92d8fb7214019b40a9c7f61360675d2): Total: 0.071 seconds - Initiated by RefreshV2(AllowForceSynchronousImport)
Asset Pipeline Refresh (id=ea8fa859732ec484b9ec1284727df752): Total: 0.019 seconds - Initiated by RefreshV2(AllowForceSynchronousImport)
Asset Pipeline Refresh (id=1a60100f0029be8478e543cea28d658e): Total: 0.011 seconds - Initiated by RefreshV2(AllowForceSynchronousImport)
Asset Pipeline Refresh (id=883494fe095f1344cab30f731e09711f): Total: 0.057 seconds - Initiated by RefreshV2(AllowForceSynchronousImport)
Asset Pipeline Refresh (id=c68bdf5d498f2b44282cf88b6b77d027): Total: 0.017 seconds - Initiated by RefreshV2(AllowForceSynchronousImport)
Asset Pipeline Refresh (id=9dcbf0dcd79f1924aa8518f55227ac46): Total: 0.013 seconds - Initiated by RefreshV2(AllowForceSynchronousImport)
[Licensing::Client] Successfully resolved entitlement details
AcceleratorClientConnectionCallback - disconnected - :0
Importing 'GUID: 00000000000000003000000000000000 - Path: ProjectSettings/TagManager.asset' with importer (LibraryAssetImporter)
Imported 'GUID: 00000000000000003000000000000000' -> (Import Result ID: 'ba695d0cb35a7f7df39817c86c44623f') in 0.027 seconds [static dependencies only]. Details - ImportResultOutputID=f000288eab4d423778547d37d97a06b9 DependenciesID=2a4c8e613a0a996d7e09cd2e00d38a37 StaticDependenciesID=8342e3990690d80135c5edee73c4600b 
Refreshing native plugins compatible for Editor in 51.64 ms, found 5 plugins.

Asset Pipeline Refresh (id=69560e8f9d8711f4d8901932d616d6ca): Total: 0.465 seconds - Initiated by StopAssetImportingV2(NoUpdateAssetOptions)
	(Values over 0.05ms)
	Summary:
		Imports: total=1 (actual=1, local cache=0, cache server=0)
		Asset DB Process Time: managed=11 ms, native=303 ms
		Asset DB Callback time: managed=87 ms, native=62 ms
		Scripting: domain reloads=0, domain reload time=0 ms, compile time=0 ms, other=0 ms
		Project Asset Count: scripts=1208, non-scripts=1934
		Asset File Changes: new=0, changed=1, moved=0, deleted=0
		Scan Filter Count: 1
	ApplyChangesToAssetFolders: 0.208ms
	Scan: 226.505ms
	Collect global state as custom dependencies: 0.708ms
	OnSourceAssetsModified: 11.326ms
	CategorizeScriptCompilationAssets: 0.302ms
	ProcessAssetsWithTransientArtifactChanges: 3.492ms
	CategorizeAssets: 9.910ms
	ImportOutOfDateAssets: 39.404ms (0.552ms without children)
		ImportManagerImport: 32.800ms (2.897ms without children)
		ReloadNativeAssets: 0.054ms
		UnloadImportedAssets: 0.800ms
		ReloadImportedAssets: 0.204ms
		EnsureUptoDateAssetsAreRegisteredWithGuidPM: 1.021ms
		ImportSchedulerStart: 4.169ms
	PostProcessAllAssets: 84.843ms
		XRBuildSystem.XRAssetImported 4.643ms
		ShaderAssetModifiedCallback 0.234ms
		PostProcessCallbackCreateDeferredMaterials 0.220ms
		VCAutoAddAssetPostprocess 0.143ms
		AssemblyValidation.PostprocessAllAssets 0.137ms
		MonoPostProcessAllAssets: 77.005ms
			SyncVS.PostprocessSyncProject 54.768ms
			AssetPostprocessor.OnPostprocessAllAssets 13.943ms
			ConfigAssetsTracker.OnPostprocessAllAssets 3.384ms
			AssetChangedListener.OnPostprocessAllAssets 1.295ms
			SpriteSlicePostprocessor.OnPostprocessAllAssets 0.676ms
			ScenarioDriftAssetsTracker.OnPostprocessAllAssets 0.327ms
			WindowAssetPostprocessingWatcher.OnPostprocessAllAssets 0.271ms
			ArtifactBrowserPostProcessor.OnPostprocessAllAssets 0.257ms
			SpriteEditorTexturePostprocessor.OnPostprocessAllAssets 0.204ms
			SpriteShapeAssetPostProcessor.OnPostprocessAllAssets 0.123ms
			ProjectSettingsPostprocessor.OnPostprocessAllAssets 0.075ms
			InputActionAssetPostprocessor.OnPostprocessAllAssets 0.066ms
			AudioMixerPostprocessor.OnPostprocessAllAssets 0.065ms
	PostAssetChangesProfiler: 53.553ms
	GatherAllCurrentPrimaryImportResultRevisions: 0.292ms
	PersistCurrentRevisions: 0.491ms
	Untracked: 33.735ms

Importing 'GUID: 1e40d3baecb2d0a428f06b0aa53ed173 - Path: Assets/Scenes/Nivel_1.unity' with importer (DefaultImporter)
Imported 'GUID: 1e40d3baecb2d0a428f06b0aa53ed173' -> (Import Result ID: 'ac8ff9cd783817c4408955aa190b560e') in 0.022 seconds [static dependencies only]. Details - ImportResultOutputID=5bc3971975471fcdb989b951ef1e7e5d DependenciesID=588a9fb239a92a0cee793a02cae1737c StaticDependenciesID=346573d38655e7b114627ef89fc92dd8 
Refreshing native plugins compatible for Editor in 10.24 ms, found 5 plugins.
Asset Pipeline Refresh (id=153b1cfa3cec6cb488544064dfad478f): Total: 0.095 seconds - Initiated by StopAssetImportingV2(NoUpdateAssetOptions)
Asset Pipeline Refresh (id=277694d457b0996438aab001d96ea8b4): Total: 0.036 seconds - Initiated by RefreshV2(AllowForceSynchronousImport)
[Worker1] Imported GUID: 1e40d3baecb2d0a428f06b0aa53ed173 - Path: Assets/Scenes/Nivel_1.unity - Importer: ScriptedImporter/UnityEditor.QuickSearchModule:UnityEditor.Search:ASIAI0B -> (ImportResultId: '1144772a8005d537798a1cbb1fce49f0') in 0.9702461 seconds
[Worker0] Imported GUID: c2ef4fce340df7043ae59c1a11cd39d8 - Path: Assets/Scripts/Player/PlayerCameraJuice.cs - Importer: ScriptedImporter/UnityEditor.QuickSearchModule:UnityEditor.Search:ASIAI0B -> (ImportResultId: '40b8fb8a73f55d77c28982ef06db819b') in 1.3469146 seconds
Assembly reference Packages/com.unity.cinemachine/Editor/Samples/ExposeHDRPInternals/HDRP-Editor-ref.asmref has no target assembly definition
[ScriptCompilation] Requested script compilation because: AssetDatabase observed changes in script compilation related files
[Licensing::Client] Successfully resolved entitlement details
Refreshing native plugins compatible for Editor in 11.54 ms, found 5 plugins.

Asset Pipeline Refresh (id=e0922962d6cc7224d8c125a62dde1e8d): Total: 3.890 seconds - Initiated by StopAssetImportingV2(NoUpdateAssetOptions)
	(Values over 0.05ms)
	Summary:
		Imports: total=0 (actual=0, local cache=0, cache server=0)
		Asset DB Process Time: managed=0 ms, native=277 ms
		Asset DB Callback time: managed=3593 ms, native=16 ms
		Scripting: domain reloads=0, domain reload time=0 ms, compile time=2 ms, other=0 ms
		Project Asset Count: scripts=1208, non-scripts=1934
		Asset File Changes: new=1, changed=1, moved=0, deleted=0
		Scan Filter Count: 4
	ApplyChangesToAssetFolders: 0.454ms
	Scan: 47.197ms
	Collect global state as custom dependencies: 1.248ms
	OnSourceAssetsModified: 0.142ms
	CategorizeScriptCompilationAssets: 0.676ms
	ProcessAssetsWithTransientArtifactChanges: 1.496ms
	CategorizeAssets: 3.022ms
	CompileScripts: 2.490ms
	ImportOutOfDateAssets: 3.349ms (0.326ms without children)
		UnloadImportedAssets: 0.360ms
		EnsureUptoDateAssetsAreRegisteredWithGuidPM: 0.984ms
		ImportSchedulerStart: 1.658ms
	PostProcessAllAssets: 3559.782ms
		XRBuildSystem.XRAssetImported 2.349ms
		PostProcessCallbackCreateDeferredMaterials 1.184ms
		ShaderAssetModifiedCallback 0.247ms
		VersionControlSettings.HiddenFilePostprocess 0.116ms
		MonoPostProcessAllAssets: 3555.379ms
			SyncVS.PostprocessSyncProject 3552.584ms
			ConfigAssetsTracker.OnPostprocessAllAssets 1.169ms
			AssetChangedListener.OnPostprocessAllAssets 0.369ms
			SpriteEditorTexturePostprocessor.OnPostprocessAllAssets 0.204ms
			AssetPostprocessor.OnPostprocessAllAssets 0.110ms
			SpriteShapeAssetPostProcessor.OnPostprocessAllAssets 0.107ms
			SpriteSlicePostprocessor.OnPostprocessAllAssets 0.064ms
			TextAssetPostProcessor.OnPostprocessAllAssets 0.062ms
	PostAssetChangesProfiler: 49.817ms
	GatherAllCurrentPrimaryImportResultRevisions: 0.434ms
	UnloadStreamsBegin: 0.065ms
	PersistCurrentRevisions: 0.190ms
	Untracked: 219.400ms

[Worker0] Imported GUID: dfe622eff79493d4d88af947c3f6a198 - Path: Assets/Scripts/Environment/Parallax.cs - Importer: ScriptedImporter/UnityEditor.QuickSearchModule:UnityEditor.Search:ASIAI0B -> (ImportResultId: '1c8c9c9ed92bb47e88e21fba2b46d24a') in 0.0292092 seconds
[Worker0] Imported GUID: dfe622eff79493d4d88af947c3f6a198 - Path: Assets/Scripts/Environment/Parallax.cs - Importer: PreviewImporter -> (ImportResultId: '6f9b3c0dd6aa5b8969eb8d47283bc86e') in 0.0046053 seconds
Starting: C:\Program Files\Unity\Hub\Editor\6000.6.0f1\Editor\Data\Tools\BuildPipeline\bee_backend.exe --ipc --defer-dag-verification --dagfile="Library/Bee/1900b0aE.dag" --continue-on-failure --profile="Library/Bee/backend1.traceevents" ScriptAssemblies
WorkingDir: C:/Users/kimji/Ingenieria_MisionKonstruir
Starting: C:\Program Files\Unity\Hub\Editor\6000.6.0f1\Editor\Data\DotNetSdk\dotnet.exe "C:\Program Files\Unity\Hub\Editor\6000.6.0f1\Editor\Data\Tools\BuildPipeline\ScriptCompilationBuildProgram.exe" "Library/Bee/1900b0aE.dag.json" "Library/Bee/1900b0aE-inputdata.json" "Library\Bee\buildprogram0.traceevents"
WorkingDir: C:/Users/kimji/Ingenieria_MisionKonstruir
ExitCode: 4 Duration: 1s483ms
[747/958    0s] ILPP-Configuration Library/ilpp-configuration.nevergeneratedoutput
Rebuilding DAG because FileSignature timestamp changed: Library/Bee/1900b0aE-inputdata.json
*** Tundra requires additional run (1.09 seconds), 1 items updated, 844 evaluated
ExitCode: 0 Duration: 10s
Starting: C:\Program Files\Unity\Hub\Editor\6000.6.0f1\Editor\Data\Tools\BuildPipeline\bee_backend.exe --ipc --defer-dag-verification --dagfile="Library/Bee/1900b0aE.dag" --continue-on-failure --dagfilejson="Library\Bee\1900b0aE.dag.json" --profile="Library/Bee/backend2.traceevents" ScriptAssemblies
WorkingDir: C:/Users/kimji/Ingenieria_MisionKonstruir
ExitCode: 0 Duration: 18s
Finished compiling graph: 961 nodes, 18367 flattened edges (15745 ToBuild, 146 ToUse), maximum node priority 1020
[531/958    0s] WriteText Library/Bee/artifacts/1900b0aE.dag/Assembly-CSharp.rsp
[746/958    0s] ILPP-Configuration Library/ilpp-configuration.nevergeneratedoutput
[BUSY       6s] Csc Library/Bee/artifacts/1900b0aE.dag/Assembly-CSharp.dll (+2 others)
[954/958   15s] Csc Library/Bee/artifacts/1900b0aE.dag/Assembly-CSharp.dll (+2 others)
Assets\Scripts\Core\GameManager.cs(20,39): warning CS0414: The field 'GameManager.grietaReparada' is assigned but its value is never used
[955/958    0s] ILPostProcess Library/Bee/artifacts/1900b0aE.dag/post-processed/Assembly-CSharp.dll (+pdb)
Processing assembly Library/Bee/artifacts/1900b0aE.dag/Assembly-CSharp.dll, with 150 defines and 350 references

processors: Unity.Jobs.CodeGen.JobsILPostProcessor, zzzUnity.Burst.CodeGen.BurstILPostProcessor

1 processor(s) skipped this assembly

running Unity.Jobs.CodeGen.JobsILPostProcessor
[956/958    0s] CopyFiles Library/ScriptAssemblies/Assembly-CSharp.dll
[957/958    0s] CopyFiles Library/ScriptAssemblies/Assembly-CSharp.pdb
*** Tundra build success (18.32 seconds), 6 items updated, 958 evaluated
Assets\Scripts\Core\GameManager.cs(20,39): warning CS0414: The field 'GameManager.grietaReparada' is assigned but its value is never used
Total cache size 267849644
Total cache size after purge 267849644, took 00:00:03.6965262
Reloading assemblies after finishing script compilation.
Reloading assemblies after forced synchronous recompile.
Begin MonoManager ReloadAssembly
Assembly reference Packages/com.unity.cinemachine/Editor/Samples/ExposeHDRPInternals/HDRP-Editor-ref.asmref has no target assembly definition
Refreshing native plugins compatible for Editor in 16.48 ms, found 5 plugins.
Native extension for WindowsStandalone target not found
Native extension for WebGL target not found
[MODES] ModeService[none].Initialize
[MODES] ModeService[none].LoadModes
ScheduleIndexationOnStartup MainProcess:True IndexOnStartup:True
Scripting: successfully reloaded assembly
- Finished resetting the current domain, in  9.870 seconds
Domain Reload Profiling: 17121ms
	BeginReloadAssembly (3514ms)
		ExecutionOrderSort (4ms)
		DisableScriptedObjects (718ms)
		CreateAndSetChildDomain (1420ms)
	RebuildCommonClasses (57ms)
	RebuildNativeTypeToScriptingClass (83ms)
	initialDomainReloadingComplete (451ms)
	LoadAllAssembliesAndSetupDomain (3141ms)
		LoadAssemblies (2183ms)
		TypeCache.Refresh (59ms)
		AnalyzeDomain (860ms)
			BuildScriptInfoCaches (793ms)
			ResolveRequiredComponents (33ms)
	FinalizeReload (9875ms)
		SetupLoadedEditorAssemblies (0ms)
			LogAssemblyErrors (9ms)
			InitializePlatformSupportModulesInManaged (8ms)
			BeforeProcessingInitializeOnLoad (1289ms)
			ProcessInitializeOnLoadAttributes (2489ms)
			ProcessInitializeOnLoadMethodAttributes (480ms)
			AfterProcessingInitializeOnLoad (54ms)
			EditorAssembliesLoaded (10ms)
		AwakeInstancesAfterBackupRestoration (3539ms)
Refreshing native plugins compatible for Editor in 11.21 ms, found 5 plugins.

Asset Pipeline Refresh (id=915055a02a3316245b12aefc7ac172de): Total: 22.852 seconds - Initiated by StopAssetImportingV2(ForceSynchronousImport | ForceDomainReload)
	(Values over 0.05ms)
	Summary:
		Imports: total=0 (actual=0, local cache=0, cache server=0)
		Asset DB Process Time: managed=0 ms, native=10269 ms
		Asset DB Callback time: managed=274 ms, native=246 ms
		Scripting: domain reloads=1, domain reload time=12048 ms, compile time=13 ms, other=0 ms
		Project Asset Count: scripts=1208, non-scripts=1934
		Asset File Changes: new=0, changed=0, moved=0, deleted=0
		Scan Filter Count: 0
	InvokePackagesCallback: 13.994ms
	ApplyChangesToAssetFolders: 1.023ms
	Collect global state as custom dependencies: 6.910ms
	ProcessAssetsWithTransientArtifactChanges: 13.065ms
	CategorizeAssets: 117.002ms
	CompileScripts: 12.913ms
	ImportOutOfDateAssets: 9911.668ms (9905.505ms without children)
		CollectScriptTypesHashes: 0.484ms
		ReloadNativeAssets: 0.667ms
		UnloadImportedAssets: 0.500ms
		EnsureUptoDateAssetsAreRegisteredWithGuidPM: 1.806ms
		ImportSchedulerStart: 1.643ms
	PostProcessAllAssets: 281.743ms
		XRBuildSystem.XRAssetImported 2.918ms
		PostProcessCallbackCreateDeferredMaterials 0.501ms
		VCAutoAddAssetPostprocess 0.479ms
		AssemblyValidation.PostprocessAllAssets 0.140ms
		MonoPostProcessAllAssets: 274.325ms
			BuilderAssetPostprocessor.OnPostprocessAllAssets 44.203ms
			SyncVS.PostprocessSyncProject 40.876ms
			AssetChangedListener.OnPostprocessAllAssets 28.531ms
			WindowAssetPostprocessingWatcher.OnPostprocessAllAssets 28.028ms
			AssetPostprocessor.OnPostprocessAllAssets 19.557ms
			SpriteSlicePostprocessor.OnPostprocessAllAssets 12.756ms
			RetainedModeAssetPostprocessor.OnPostprocessAllAssets 6.739ms
			SpeedTree9Postprocessor.OnPostprocessAllAssets 4.680ms
			ProjectSettingsPostprocessor.OnPostprocessAllAssets 3.994ms
			SpriteEditorTexturePostprocessor.OnPostprocessAllAssets 3.773ms
			SpriteShapeAssetPostProcessor.OnPostprocessAllAssets 3.597ms
			EditModeScopePostprocessor.OnPostprocessAllAssets 3.200ms
			TMPro_TexturePostProcessor.OnPostprocessAllAssets 2.450ms
			AudioMixerPostprocessor.OnPostprocessAllAssets 2.155ms
			InputActionAssetPostprocessor.OnPostprocessAllAssets 2.112ms
			TextAssetPostProcessor.OnPostprocessAllAssets 1.750ms
			ArtifactBrowserPostProcessor.OnPostprocessAllAssets 1.735ms
			StyleCatalogPostProcessor.OnPostprocessAllAssets 1.698ms
			InputActionJsonNameModifierAssetProcessor.OnPostprocessAllAssets 1.532ms
			ReferencedClipsPostProcessor.OnPostprocessAllAssets 1.513ms
			CinemachineSettings.OnPostprocessAllAssets 1.434ms
			SpriteLibraryAssetPostprocessor.OnPostprocessAllAssets 1.204ms
			AssetEvents.OnPostprocessAllAssets 1.153ms
			UVCSAssetPostprocessor.OnPostprocessAllAssets 1.151ms
			ThemePostprocessor.OnPostprocessAllAssets 0.951ms
			DomainReloadProcessor.OnPostprocessAllAssets 0.924ms
			SpeedTreePostProcessor.OnPostprocessAllAssets 0.900ms
			TerrainToolbarOverlayPostProcessor.OnPostprocessAllAssets 0.854ms
			SamplePostprocessor.OnPostprocessAllAssets 0.832ms
			AssetDatabaseCallbacks.OnPostprocessAllAssets 0.723ms
			PSDImportPostProcessor.OnPostprocessAllAssets 0.711ms
			PSDImporterAssetPostProcessor.OnPostprocessAllAssets 0.535ms
			ConfigAssetsTracker.OnPostprocessAllAssets 0.532ms
			AudioContainerPostProcessor.OnPostprocessAllAssets 0.524ms
			ScenarioDriftAssetsTracker.OnPostprocessAllAssets 0.524ms
			RenderPipelineGlobalSettingsPostprocessor.OnPostprocessAllAssets 0.426ms
			AssetReloadNotifier.OnPostprocessAllAssets 0.413ms
			AssetProcessor.OnPostprocessAllAssets 0.398ms
	PostAssetChangesProfiler: 232.162ms
	GatherAllCurrentPrimaryImportResultRevisions: 0.814ms
	PersistCurrentRevisions: 0.235ms
	GenerateScriptTypeHashes: 5.598ms
	GenerateScriptTypeSerializationHashes: 7.432ms
	Untracked: 12206.737ms

[Licensing::Client] Successfully resolved entitlement details
[Licensing::Client] Successfully resolved entitlement details
[Licensing::Client] Successfully resolved entitlement details
[main 2026-10-02T19:46:22.378Z] update#setState checking for updates
[main 2026-10-02T19:46:23.372Z] update#setState idle
Scanning for USB devices : 12.792ms
Scanning for USB devices : 3.157ms
Scanning for USB devices : 3.085ms
[Worker0] Imported GUID: dfe622eff79493d4d88af947c3f6a198 - Path: Assets/Scripts/Environment/Parallax.cs - Importer: PreviewImporter -> (ImportResultId: 'ec0813b13c7a2435aa1b9108fb7952a0') in 0.1690931 seconds
[Licensing::Client] Successfully resolved entitlement details

[ScriptCompilation] Requested script compilation because: AssetDatabase observed changes in script compilation related files
[Licensing::Client] Successfully resolved entitlement details
Starting: C:\Program Files\Unity\Hub\Editor\6000.6.0f1\Editor\Data\Tools\BuildPipeline\bee_backend.exe --ipc --defer-dag-verification --dagfile="Library/Bee/1900b0aE.dag" --continue-on-failure --profile="Library/Bee/backend1.traceevents" ScriptAssemblies
WorkingDir: C:/Users/kimji/Ingenieria_MisionKonstruir
ExitCode: 0 Duration: 9s16ms
[746/958    0s] ILPP-Configuration Library/ilpp-configuration.nevergeneratedoutput
[BUSY       6s] Csc Library/Bee/artifacts/1900b0aE.dag/Assembly-CSharp.dll (+2 others)
[954/958    7s] Csc Library/Bee/artifacts/1900b0aE.dag/Assembly-CSharp.dll (+2 others)
Assets\Scripts\Core\GameManager.cs(20,39): warning CS0414: The field 'GameManager.grietaReparada' is assigned but its value is never used
[955/958    0s] ILPostProcess Library/Bee/artifacts/1900b0aE.dag/post-processed/Assembly-CSharp.dll (+pdb)
Processing assembly Library/Bee/artifacts/1900b0aE.dag/Assembly-CSharp.dll, with 150 defines and 350 references

processors: Unity.Jobs.CodeGen.JobsILPostProcessor, zzzUnity.Burst.CodeGen.BurstILPostProcessor

1 processor(s) skipped this assembly

running Unity.Jobs.CodeGen.JobsILPostProcessor
[956/958    0s] CopyFiles Library/ScriptAssemblies/Assembly-CSharp.pdb
[957/958    0s] CopyFiles Library/ScriptAssemblies/Assembly-CSharp.dll
*** Tundra build success (8.89 seconds), 5 items updated, 958 evaluated
Assets\Scripts\Core\GameManager.cs(20,39): warning CS0414: The field 'GameManager.grietaReparada' is assigned but its value is never used
Reloading assemblies after forced synchronous recompile.
Begin MonoManager ReloadAssembly
Total cache size 267849644
Total cache size after purge 267849644, took 00:00:02.5462286
Assembly reference Packages/com.unity.cinemachine/Editor/Samples/ExposeHDRPInternals/HDRP-Editor-ref.asmref has no target assembly definition
Refreshing native plugins compatible for Editor in 198.07 ms, found 5 plugins.
Native extension for WindowsStandalone target not found
Native extension for WebGL target not found
[MODES] ModeService[none].Initialize
[MODES] ModeService[none].LoadModes
ScheduleIndexationOnStartup MainProcess:True IndexOnStartup:True
Scripting: successfully reloaded assembly
- Finished resetting the current domain, in  9.231 seconds
Domain Reload Profiling: 17288ms
	BeginReloadAssembly (4594ms)
		ExecutionOrderSort (4ms)
		DisableScriptedObjects (1443ms)
		CreateAndSetChildDomain (1179ms)
	RebuildCommonClasses (63ms)
	RebuildNativeTypeToScriptingClass (67ms)
	initialDomainReloadingComplete (448ms)
	LoadAllAssembliesAndSetupDomain (2880ms)
		LoadAssemblies (1755ms)
		TypeCache.Refresh (67ms)
		AnalyzeDomain (1238ms)
			BuildScriptInfoCaches (1168ms)
			ResolveRequiredComponents (33ms)
	FinalizeReload (9235ms)
		SetupLoadedEditorAssemblies (0ms)
			LogAssemblyErrors (14ms)
			InitializePlatformSupportModulesInManaged (9ms)
			BeforeProcessingInitializeOnLoad (1105ms)
			ProcessInitializeOnLoadAttributes (2284ms)
			ProcessInitializeOnLoadMethodAttributes (317ms)
			AfterProcessingInitializeOnLoad (47ms)
			EditorAssembliesLoaded (10ms)
		AwakeInstancesAfterBackupRestoration (3223ms)
Refreshing native plugins compatible for Editor in 12.29 ms, found 5 plugins.

Asset Pipeline Refresh (id=7b2a2ecefd5d4e14fa42a3f4edb2a030): Total: 29.855 seconds - Initiated by RefreshV2(AllowForceSynchronousImport)
	(Values over 0.05ms)
	Summary:
		Imports: total=0 (actual=0, local cache=0, cache server=0)
		Asset DB Process Time: managed=0 ms, native=9970 ms
		Asset DB Callback time: managed=334 ms, native=315 ms
		Scripting: domain reloads=1, domain reload time=8653 ms, compile time=10578 ms, other=0 ms
		Project Asset Count: scripts=1208, non-scripts=1934
		Asset File Changes: new=0, changed=1, moved=0, deleted=0
		Scan Filter Count: 0
	InvokePackagesCallback: 9.554ms
	ApplyChangesToAssetFolders: 2.604ms
	Scan: 53.949ms
	Collect global state as custom dependencies: 8.932ms
	OnSourceAssetsModified: 6.631ms
	CategorizeScriptCompilationAssets: 0.439ms
	ProcessAssetsWithTransientArtifactChanges: 23.673ms
	CategorizeAssets: 126.078ms
	CompileScripts: 10578.448ms
	ImportOutOfDateAssets: 9464.498ms (9452.227ms without children)
		CollectScriptTypesHashes: 0.794ms
		ReloadNativeAssets: 0.381ms
		UnloadImportedAssets: 0.311ms
		EnsureUptoDateAssetsAreRegisteredWithGuidPM: 3.179ms
		ImportSchedulerStart: 7.823ms
	PostProcessAllAssets: 354.760ms
		PostProcessCallbackCreateDeferredMaterials 9.645ms
		XRBuildSystem.XRAssetImported 7.303ms
		VCAutoAddAssetPostprocess 0.618ms
		ShaderAssetModifiedCallback 0.357ms
		SpriteAtlasDatabase.OnAssetPostprocessCallback 0.284ms
		WindowTitlePostprocess 0.224ms
		AssemblyValidation.PostprocessAllAssets 0.198ms
		Canvas.OnAllAssetImport 0.187ms
		RaytracingShaderImportPostprocess 0.068ms
		LocalizationDatabase.AssetDatabasePostprocessCallback 0.059ms
		MonoPostProcessAllAssets: 328.692ms
			SyncVS.PostprocessSyncProject 49.675ms
			WindowAssetPostprocessingWatcher.OnPostprocessAllAssets 44.399ms
			BuilderAssetPostprocessor.OnPostprocessAllAssets 38.771ms
			AssetChangedListener.OnPostprocessAllAssets 30.337ms
			AssetPostprocessor.OnPostprocessAllAssets 23.135ms
			SpriteSlicePostprocessor.OnPostprocessAllAssets 12.821ms
			RetainedModeAssetPostprocessor.OnPostprocessAllAssets 7.805ms
			EditModeScopePostprocessor.OnPostprocessAllAssets 6.173ms
			SpeedTree9Postprocessor.OnPostprocessAllAssets 4.122ms
			ProjectSettingsPostprocessor.OnPostprocessAllAssets 3.881ms
			TMPro_TexturePostProcessor.OnPostprocessAllAssets 3.547ms
			SpriteEditorTexturePostprocessor.OnPostprocessAllAssets 2.682ms
			ArtifactBrowserPostProcessor.OnPostprocessAllAssets 2.456ms
			SpriteShapeAssetPostProcessor.OnPostprocessAllAssets 2.440ms
			CinemachineSettings.OnPostprocessAllAssets 2.193ms
			AudioMixerPostprocessor.OnPostprocessAllAssets 1.907ms
			InputActionAssetPostprocessor.OnPostprocessAllAssets 1.740ms
			TextAssetPostProcessor.OnPostprocessAllAssets 1.619ms
			InputActionJsonNameModifierAssetProcessor.OnPostprocessAllAssets 1.608ms
			ReferencedClipsPostProcessor.OnPostprocessAllAssets 1.566ms
			UVCSAssetPostprocessor.OnPostprocessAllAssets 1.560ms
			StyleCatalogPostProcessor.OnPostprocessAllAssets 1.412ms
			AssetEvents.OnPostprocessAllAssets 1.336ms
			DomainReloadProcessor.OnPostprocessAllAssets 1.248ms
			SpriteLibraryAssetPostprocessor.OnPostprocessAllAssets 1.159ms
			AssetDatabaseCallbacks.OnPostprocessAllAssets 0.972ms
			SpeedTreePostProcessor.OnPostprocessAllAssets 0.848ms
			ConfigAssetsTracker.OnPostprocessAllAssets 0.802ms
			TerrainToolbarOverlayPostProcessor.OnPostprocessAllAssets 0.783ms
			PSDImportPostProcessor.OnPostprocessAllAssets 0.764ms
			ScenarioDriftAssetsTracker.OnPostprocessAllAssets 0.746ms
			SamplePostprocessor.OnPostprocessAllAssets 0.666ms
			ThemePostprocessor.OnPostprocessAllAssets 0.658ms
			AssetReloadNotifier.OnPostprocessAllAssets 0.600ms
			PSDImporterAssetPostProcessor.OnPostprocessAllAssets 0.506ms
			RenderPipelineGlobalSettingsPostprocessor.OnPostprocessAllAssets 0.444ms
			AudioContainerPostProcessor.OnPostprocessAllAssets 0.432ms
			AssetProcessor.OnPostprocessAllAssets 0.320ms
	PostAssetChangesProfiler: 286.597ms
	GatherAllCurrentPrimaryImportResultRevisions: 5.676ms
	PersistCurrentRevisions: 0.386ms
	GenerateScriptTypeHashes: 5.949ms
	GenerateScriptTypeSerializationHashes: 9.509ms
	Untracked: 8880.794ms

[Licensing::Client] Successfully resolved entitlement details
[Licensing::Client] Successfully resolved entitlement details
[Licensing::Client] Successfully resolved entitlement details
Asset Pipeline Refresh (id=76f792011c1f58449902b746f7ed125b): Total: 0.048 seconds - Initiated by RefreshV2(AllowForceSynchronousImport)
SpriteAtlasPacking completed in 0.145568 sec
Reloading assemblies for play mode.
Reloading assemblies after forced synchronous recompile.
[Licensing::Client] Successfully resolved entitlement details
Begin MonoManager ReloadAssembly
Assembly reference Packages/com.unity.cinemachine/Editor/Samples/ExposeHDRPInternals/HDRP-Editor-ref.asmref has no target assembly definition
Refreshing native plugins compatible for Editor in 54.16 ms, found 5 plugins.
Native extension for WindowsStandalone target not found
Native extension for WebGL target not found
ScheduleIndexationOnStartup MainProcess:True IndexOnStartup:True
[MODES] ModeService[none].Initialize
[MODES] ModeService[none].LoadModes
Scripting: successfully reloaded assembly
- Finished resetting the current domain, in 10.927 seconds
Domain Reload Profiling: 15633ms
	BeginReloadAssembly (3143ms)
		DisableScriptedObjects (748ms)
		CreateAndSetChildDomain (1227ms)
	RebuildCommonClasses (34ms)
	RebuildNativeTypeToScriptingClass (58ms)
	initialDomainReloadingComplete (307ms)
	LoadAllAssembliesAndSetupDomain (1161ms)
		LoadAssemblies (934ms)
		TypeCache.Refresh (28ms)
		AnalyzeDomain (37ms)
			ResolveRequiredComponents (23ms)
	FinalizeReload (10930ms)
		SetupLoadedEditorAssemblies (0ms)
			LogAssemblyErrors (14ms)
			InitializePlatformSupportModulesInManaged (9ms)
			BeforeProcessingInitializeOnLoad (679ms)
			ProcessInitializeOnLoadAttributes (2458ms)
			ProcessInitializeOnLoadMethodAttributes (389ms)
			AfterProcessingInitializeOnLoad (44ms)
			EditorAssembliesLoaded (8ms)
		AwakeInstancesAfterBackupRestoration (5313ms)

Asset Pipeline Refresh (id=d8fb17271a557c2418693ac2f77ea9cc): Total: 16.829 seconds - Initiated by StopAssetImportingV2(ForceSynchronousImport | ForceDomainReload)
	(Values over 0.05ms)
	Summary:
		Imports: total=0 (actual=0, local cache=0, cache server=0)
		Asset DB Process Time: managed=0 ms, native=11419 ms
		Asset DB Callback time: managed=124 ms, native=0 ms
		Scripting: domain reloads=1, domain reload time=5271 ms, compile time=11 ms, other=0 ms
		Project Asset Count: scripts=1208, non-scripts=1934
		Asset File Changes: new=0, changed=0, moved=0, deleted=0
		Scan Filter Count: 0
	InvokePackagesCallback: 5.775ms
	ApplyChangesToAssetFolders: 1.115ms
	Collect global state as custom dependencies: 3.670ms
	ProcessAssetsWithTransientArtifactChanges: 4.168ms
	CategorizeAssets: 98.442ms
	CompileScripts: 10.746ms
	ImportOutOfDateAssets: 11004.548ms (10995.759ms without children)
		CollectScriptTypesHashes: 0.059ms
		UnloadImportedAssets: 0.667ms
		EnsureUptoDateAssetsAreRegisteredWithGuidPM: 2.222ms
		ImportSchedulerStart: 5.619ms
	PostProcessAllAssets: 124.934ms
		MonoPostProcessAllAssets: 124.922ms
			SyncVS.PostprocessSyncProject 44.246ms
			BuilderAssetPostprocessor.OnPostprocessAllAssets 38.771ms
			WindowAssetPostprocessingWatcher.OnPostprocessAllAssets 31.516ms
			AssetChangedListener.OnPostprocessAllAssets 30.337ms
			AssetPostprocessor.OnPostprocessAllAssets 23.135ms
			SpriteSlicePostprocessor.OnPostprocessAllAssets 12.821ms
			RetainedModeAssetPostprocessor.OnPostprocessAllAssets 7.805ms
			TMPro_TexturePostProcessor.OnPostprocessAllAssets 3.547ms
			ProjectSettingsPostprocessor.OnPostprocessAllAssets 3.186ms
			SpeedTree9Postprocessor.OnPostprocessAllAssets 3.036ms
			SpriteEditorTexturePostprocessor.OnPostprocessAllAssets 2.682ms
			ArtifactBrowserPostProcessor.OnPostprocessAllAssets 2.456ms
			SpriteShapeAssetPostProcessor.OnPostprocessAllAssets 2.440ms
			AudioMixerPostprocessor.OnPostprocessAllAssets 1.907ms
			TextAssetPostProcessor.OnPostprocessAllAssets 1.619ms
			InputActionJsonNameModifierAssetProcessor.OnPostprocessAllAssets 1.608ms
			UVCSAssetPostprocessor.OnPostprocessAllAssets 1.560ms
			EditModeScopePostprocessor.OnPostprocessAllAssets 1.460ms
			StyleCatalogPostProcessor.OnPostprocessAllAssets 1.412ms
			AssetEvents.OnPostprocessAllAssets 1.336ms
			CinemachineSettings.OnPostprocessAllAssets 1.284ms
			ReferencedClipsPostProcessor.OnPostprocessAllAssets 1.221ms
			SpriteLibraryAssetPostprocessor.OnPostprocessAllAssets 1.159ms
			InputActionAssetPostprocessor.OnPostprocessAllAssets 0.988ms
			DomainReloadProcessor.OnPostprocessAllAssets 0.870ms
			SpeedTreePostProcessor.OnPostprocessAllAssets 0.848ms
			ConfigAssetsTracker.OnPostprocessAllAssets 0.802ms
			PSDImportPostProcessor.OnPostprocessAllAssets 0.764ms
			ScenarioDriftAssetsTracker.OnPostprocessAllAssets 0.746ms
			SamplePostprocessor.OnPostprocessAllAssets 0.666ms
			ThemePostprocessor.OnPostprocessAllAssets 0.658ms
			AssetDatabaseCallbacks.OnPostprocessAllAssets 0.654ms
			AssetReloadNotifier.OnPostprocessAllAssets 0.600ms
			TerrainToolbarOverlayPostProcessor.OnPostprocessAllAssets 0.521ms
			PSDImporterAssetPostProcessor.OnPostprocessAllAssets 0.506ms
			RenderPipelineGlobalSettingsPostprocessor.OnPostprocessAllAssets 0.434ms
			AudioContainerPostProcessor.OnPostprocessAllAssets 0.432ms
			AssetProcessor.OnPostprocessAllAssets 0.320ms
	GatherAllCurrentPrimaryImportResultRevisions: 2.304ms
	UnloadStreamsBegin: 3.657ms
	PersistCurrentRevisions: 0.296ms
	GenerateScriptTypeHashes: 4.310ms
	GenerateScriptTypeSerializationHashes: 7.211ms
	Untracked: 5496.988ms

Loaded scene 'Temp/__Backupscenes/0.backup'
	Deserialize:            22.030 ms
	Integration:            4138.338 ms
	Integration of assets:  0.050 ms
	Thread Wait Time:       -0.013 ms
	Total Operation Time:   4160.406 ms
[Licensing::Client] Successfully resolved entitlement details
[Licensing::Client] Successfully resolved entitlement details
[Licensing::Client] Successfully resolved entitlement details
Unloading 1 Unused Serialized files (Serialized files now loaded: 0)
Loaded scene 'Temp/__Backupscenes/0.backup'
	Deserialize:            9.495 ms
	Integration:            131.103 ms
	Integration of assets:  0.027 ms
	Thread Wait Time:       0.020 ms
	Total Operation Time:   140.645 ms
Unloading 80 unused Assets / (16.8 MB). Loaded Objects now: 7620.
Memory consumption went from 0.57 GB to 0.55 GB.
Total: 278.846100 ms (FindLiveObjects: 2.300600 ms CreateObjectMapping: 0.550100 ms MarkObjects: 111.685500 ms  DeleteObjects: 163.227800 ms)

[Licensing::Client] Successfully resolved entitlement details
SpriteAtlasPacking completed in 0.028451 sec
Reloading assemblies for play mode.
Reloading assemblies after forced synchronous recompile.
Begin MonoManager ReloadAssembly
Assembly reference Packages/com.unity.cinemachine/Editor/Samples/ExposeHDRPInternals/HDRP-Editor-ref.asmref has no target assembly definition
Refreshing native plugins compatible for Editor in 10.75 ms, found 5 plugins.
Native extension for WindowsStandalone target not found
Native extension for WebGL target not found
ScheduleIndexationOnStartup MainProcess:True IndexOnStartup:True
[MODES] ModeService[none].Initialize
[MODES] ModeService[none].LoadModes
Scripting: successfully reloaded assembly
- Finished resetting the current domain, in 10.176 seconds
Domain Reload Profiling: 15485ms
	BeginReloadAssembly (2764ms)
		DisableScriptedObjects (697ms)
		CreateAndSetChildDomain (930ms)
	RebuildCommonClasses (56ms)
	RebuildNativeTypeToScriptingClass (92ms)
	initialDomainReloadingComplete (426ms)
	LoadAllAssembliesAndSetupDomain (1968ms)
		LoadAssemblies (1456ms)
		TypeCache.Refresh (40ms)
		AnalyzeDomain (62ms)
			ResolveRequiredComponents (36ms)
	FinalizeReload (10179ms)
		SetupLoadedEditorAssemblies (0ms)
			LogAssemblyErrors (8ms)
			InitializePlatformSupportModulesInManaged (13ms)
			BeforeProcessingInitializeOnLoad (755ms)
			ProcessInitializeOnLoadAttributes (2460ms)
			ProcessInitializeOnLoadMethodAttributes (410ms)
			AfterProcessingInitializeOnLoad (50ms)
			EditorAssembliesLoaded (6ms)
		AwakeInstancesAfterBackupRestoration (3916ms)

Asset Pipeline Refresh (id=c7a17e1736b1921459f95104ea904f2f): Total: 16.960 seconds - Initiated by StopAssetImportingV2(ForceSynchronousImport | ForceDomainReload)
	(Values over 0.05ms)
	Summary:
		Imports: total=0 (actual=0, local cache=0, cache server=0)
		Asset DB Process Time: managed=0 ms, native=10811 ms
		Asset DB Callback time: managed=157 ms, native=4 ms
		Scripting: domain reloads=1, domain reload time=5975 ms, compile time=10 ms, other=0 ms
		Project Asset Count: scripts=1208, non-scripts=1934
		Asset File Changes: new=0, changed=0, moved=0, deleted=0
		Scan Filter Count: 0
	InvokePackagesCallback: 12.843ms
	ApplyChangesToAssetFolders: 1.204ms
	Collect global state as custom dependencies: 53.301ms
	ProcessAssetsWithTransientArtifactChanges: 0.630ms
	CategorizeAssets: 216.527ms
	CompileScripts: 9.521ms
	ImportOutOfDateAssets: 10222.676ms (10217.259ms without children)
		ReloadNativeAssets: 0.065ms
		UnloadImportedAssets: 0.959ms
		EnsureUptoDateAssetsAreRegisteredWithGuidPM: 2.295ms
		ImportSchedulerStart: 2.062ms
	PostProcessAllAssets: 157.157ms
		MonoPostProcessAllAssets: 157.142ms
			SyncVS.PostprocessSyncProject 50.735ms
			BuilderAssetPostprocessor.OnPostprocessAllAssets 38.771ms
			WindowAssetPostprocessingWatcher.OnPostprocessAllAssets 33.761ms
			AssetChangedListener.OnPostprocessAllAssets 30.337ms
			AssetPostprocessor.OnPostprocessAllAssets 23.135ms
			SpriteSlicePostprocessor.OnPostprocessAllAssets 12.821ms
			RetainedModeAssetPostprocessor.OnPostprocessAllAssets 7.805ms
			SpeedTree9Postprocessor.OnPostprocessAllAssets 4.688ms
			ProjectSettingsPostprocessor.OnPostprocessAllAssets 4.234ms
			TMPro_TexturePostProcessor.OnPostprocessAllAssets 3.547ms
			SpriteEditorTexturePostprocessor.OnPostprocessAllAssets 2.682ms
			ArtifactBrowserPostProcessor.OnPostprocessAllAssets 2.456ms
			SpriteShapeAssetPostProcessor.OnPostprocessAllAssets 2.440ms
			CinemachineSettings.OnPostprocessAllAssets 1.931ms
			AudioMixerPostprocessor.OnPostprocessAllAssets 1.907ms
			ReferencedClipsPostProcessor.OnPostprocessAllAssets 1.763ms
			EditModeScopePostprocessor.OnPostprocessAllAssets 1.713ms
			InputActionAssetPostprocessor.OnPostprocessAllAssets 1.686ms
			TextAssetPostProcessor.OnPostprocessAllAssets 1.619ms
			InputActionJsonNameModifierAssetProcessor.OnPostprocessAllAssets 1.608ms
			UVCSAssetPostprocessor.OnPostprocessAllAssets 1.560ms
			StyleCatalogPostProcessor.OnPostprocessAllAssets 1.412ms
			AssetEvents.OnPostprocessAllAssets 1.336ms
			SpriteLibraryAssetPostprocessor.OnPostprocessAllAssets 1.159ms
			DomainReloadProcessor.OnPostprocessAllAssets 0.948ms
			TerrainToolbarOverlayPostProcessor.OnPostprocessAllAssets 0.894ms
			AssetDatabaseCallbacks.OnPostprocessAllAssets 0.851ms
			SpeedTreePostProcessor.OnPostprocessAllAssets 0.848ms
			ConfigAssetsTracker.OnPostprocessAllAssets 0.802ms
			PSDImportPostProcessor.OnPostprocessAllAssets 0.764ms
			ScenarioDriftAssetsTracker.OnPostprocessAllAssets 0.746ms
			SamplePostprocessor.OnPostprocessAllAssets 0.666ms
			ThemePostprocessor.OnPostprocessAllAssets 0.658ms
			AssetReloadNotifier.OnPostprocessAllAssets 0.600ms
			PSDImporterAssetPostProcessor.OnPostprocessAllAssets 0.506ms
			RenderPipelineGlobalSettingsPostprocessor.OnPostprocessAllAssets 0.500ms
			AudioContainerPostProcessor.OnPostprocessAllAssets 0.432ms
			AssetProcessor.OnPostprocessAllAssets 0.320ms
	GatherAllCurrentPrimaryImportResultRevisions: 1.092ms
	UnloadStreamsBegin: 0.131ms
	PersistCurrentRevisions: 0.371ms
	GenerateScriptTypeHashes: 3.532ms
	GenerateScriptTypeSerializationHashes: 6.441ms
	Untracked: 6144.808ms

Loaded scene 'Temp/__Backupscenes/0.backup'
	Deserialize:            4.764 ms
	Integration:            2836.683 ms
	Integration of assets:  0.005 ms
	Thread Wait Time:       0.009 ms
	Total Operation Time:   2841.460 ms
[Licensing::Client] Successfully resolved entitlement details
[Licensing::Client] Successfully resolved entitlement details
[Licensing::Client] Successfully resolved entitlement details
Unloading 1 Unused Serialized files (Serialized files now loaded: 0)
Loaded scene 'Temp/__Backupscenes/0.backup'
	Deserialize:            8.254 ms
	Integration:            169.717 ms
	Integration of assets:  0.021 ms
	Thread Wait Time:       0.030 ms
	Total Operation Time:   178.022 ms
Unloading 18 unused Assets / (429.2 KB). Loaded Objects now: 7624.
Memory consumption went from 0.56 GB to 0.56 GB.
Total: 137.284000 ms (FindLiveObjects: 1.619800 ms CreateObjectMapping: 0.607700 ms MarkObjects: 134.128200 ms  DeleteObjects: 0.130200 ms)

Asset Pipeline Refresh (id=e2c957f67244f5242bf806347e56712d): Total: 0.075 seconds - Initiated by RefreshV2(AllowForceSynchronousImport)
SpriteAtlasPacking completed in 0.089445 sec
Reloading assemblies for play mode.
Reloading assemblies after forced synchronous recompile.
[Licensing::Client] Successfully resolved entitlement details
Begin MonoManager ReloadAssembly
Assembly reference Packages/com.unity.cinemachine/Editor/Samples/ExposeHDRPInternals/HDRP-Editor-ref.asmref has no target assembly definition
Refreshing native plugins compatible for Editor in 9.80 ms, found 5 plugins.
Native extension for WindowsStandalone target not found
Native extension for WebGL target not found
ScheduleIndexationOnStartup MainProcess:True IndexOnStartup:True
[MODES] ModeService[none].Initialize
[MODES] ModeService[none].LoadModes
Scripting: successfully reloaded assembly
- Finished resetting the current domain, in  6.785 seconds
Domain Reload Profiling: 10378ms
	BeginReloadAssembly (2150ms)
		DisableScriptedObjects (541ms)
		CreateAndSetChildDomain (792ms)
	RebuildCommonClasses (34ms)
	RebuildNativeTypeToScriptingClass (46ms)
	initialDomainReloadingComplete (260ms)
	LoadAllAssembliesAndSetupDomain (1098ms)
		LoadAssemblies (643ms)
		TypeCache.Refresh (26ms)
		AnalyzeDomain (75ms)
			ResolveRequiredComponents (49ms)
	FinalizeReload (6790ms)
		SetupLoadedEditorAssemblies (0ms)
			LogAssemblyErrors (5ms)
			InitializePlatformSupportModulesInManaged (5ms)
			BeforeProcessingInitializeOnLoad (423ms)
			ProcessInitializeOnLoadAttributes (1771ms)
			ProcessInitializeOnLoadMethodAttributes (319ms)
			AfterProcessingInitializeOnLoad (43ms)
			EditorAssembliesLoaded (6ms)
		AwakeInstancesAfterBackupRestoration (2868ms)

Asset Pipeline Refresh (id=d71b44c952c867049b82bb0d7b548a56): Total: 11.278 seconds - Initiated by StopAssetImportingV2(ForceSynchronousImport | ForceDomainReload)
	(Values over 0.05ms)
	Summary:
		Imports: total=0 (actual=0, local cache=0, cache server=0)
		Asset DB Process Time: managed=0 ms, native=7095 ms
		Asset DB Callback time: managed=169 ms, native=0 ms
		Scripting: domain reloads=1, domain reload time=4002 ms, compile time=9 ms, other=0 ms
		Project Asset Count: scripts=1208, non-scripts=1934
		Asset File Changes: new=0, changed=0, moved=0, deleted=0
		Scan Filter Count: 0
	InvokePackagesCallback: 5.747ms
	ApplyChangesToAssetFolders: 0.913ms
	Collect global state as custom dependencies: 3.582ms
	ProcessAssetsWithTransientArtifactChanges: 2.715ms
	CategorizeAssets: 93.888ms
	CompileScripts: 9.036ms
	ImportOutOfDateAssets: 6827.914ms (6820.406ms without children)
		CollectScriptTypesHashes: 0.076ms
		ReloadNativeAssets: 0.092ms
		UnloadImportedAssets: 0.532ms
		EnsureUptoDateAssetsAreRegisteredWithGuidPM: 1.975ms
		ImportSchedulerStart: 4.681ms
	PostProcessAllAssets: 169.538ms
		MonoPostProcessAllAssets: 169.525ms
			SyncVS.PostprocessSyncProject 55.069ms
			WindowAssetPostprocessingWatcher.OnPostprocessAllAssets 39.998ms
			BuilderAssetPostprocessor.OnPostprocessAllAssets 38.771ms
			AssetChangedListener.OnPostprocessAllAssets 30.337ms
			AssetPostprocessor.OnPostprocessAllAssets 23.135ms
			SpriteSlicePostprocessor.OnPostprocessAllAssets 12.821ms
			RetainedModeAssetPostprocessor.OnPostprocessAllAssets 7.805ms
			SpeedTree9Postprocessor.OnPostprocessAllAssets 4.002ms
			ProjectSettingsPostprocessor.OnPostprocessAllAssets 3.890ms
			TMPro_TexturePostProcessor.OnPostprocessAllAssets 3.547ms
			SpriteEditorTexturePostprocessor.OnPostprocessAllAssets 2.682ms
			ArtifactBrowserPostProcessor.OnPostprocessAllAssets 2.456ms
			SpriteShapeAssetPostProcessor.OnPostprocessAllAssets 2.440ms
			AudioMixerPostprocessor.OnPostprocessAllAssets 1.907ms
			CinemachineSettings.OnPostprocessAllAssets 1.857ms
			EditModeScopePostprocessor.OnPostprocessAllAssets 1.761ms
			InputActionAssetPostprocessor.OnPostprocessAllAssets 1.662ms
			TextAssetPostProcessor.OnPostprocessAllAssets 1.619ms
			InputActionJsonNameModifierAssetProcessor.OnPostprocessAllAssets 1.608ms
			UVCSAssetPostprocessor.OnPostprocessAllAssets 1.560ms
			ReferencedClipsPostProcessor.OnPostprocessAllAssets 1.483ms
			StyleCatalogPostProcessor.OnPostprocessAllAssets 1.412ms
			AssetEvents.OnPostprocessAllAssets 1.336ms
			SpriteLibraryAssetPostprocessor.OnPostprocessAllAssets 1.159ms
			DomainReloadProcessor.OnPostprocessAllAssets 1.032ms
			SpeedTreePostProcessor.OnPostprocessAllAssets 0.848ms
			AssetDatabaseCallbacks.OnPostprocessAllAssets 0.809ms
			ConfigAssetsTracker.OnPostprocessAllAssets 0.802ms
			TerrainToolbarOverlayPostProcessor.OnPostprocessAllAssets 0.800ms
			PSDImportPostProcessor.OnPostprocessAllAssets 0.764ms
			ScenarioDriftAssetsTracker.OnPostprocessAllAssets 0.746ms
			SamplePostprocessor.OnPostprocessAllAssets 0.666ms
			ThemePostprocessor.OnPostprocessAllAssets 0.658ms
			AssetReloadNotifier.OnPostprocessAllAssets 0.600ms
			PSDImporterAssetPostProcessor.OnPostprocessAllAssets 0.506ms
			RenderPipelineGlobalSettingsPostprocessor.OnPostprocessAllAssets 0.450ms
			AudioContainerPostProcessor.OnPostprocessAllAssets 0.432ms
			AssetProcessor.OnPostprocessAllAssets 0.320ms
	GatherAllCurrentPrimaryImportResultRevisions: 1.680ms
	PersistCurrentRevisions: 0.306ms
	GenerateScriptTypeHashes: 4.819ms
	GenerateScriptTypeSerializationHashes: 8.623ms
	Untracked: 4112.658ms

Loaded scene 'Temp/__Backupscenes/0.backup'
	Deserialize:            7.136 ms
	Integration:            3861.181 ms
	Integration of assets:  0.013 ms
	Thread Wait Time:       0.001 ms
	Total Operation Time:   3868.331 ms
[Licensing::Client] Successfully resolved entitlement details
[Licensing::Client] Successfully resolved entitlement details
[Licensing::Client] Successfully resolved entitlement details
Asset Pipeline Refresh (id=2a5ff273e35e77a44abdb9391551983e): Total: 0.050 seconds - Initiated by RefreshV2(NoUpdateAssetOptions)
Unloading 0 Unused Serialized files (Serialized files now loaded: 0)
Loaded scene 'Temp/__Backupscenes/0.backup'
	Deserialize:            7.929 ms
	Integration:            89.188 ms
	Integration of assets:  0.011 ms
	Thread Wait Time:       0.007 ms
	Total Operation Time:   97.134 ms
Unloading 18 unused Assets / (0.5 MB). Loaded Objects now: 7628.
Memory consumption went from 0.57 GB to 0.57 GB.
Total: 95.796200 ms (FindLiveObjects: 1.109700 ms CreateObjectMapping: 0.355200 ms MarkObjects: 88.253700 ms  DeleteObjects: 5.411100 ms)

[Licensing::Client] Successfully resolved entitlement details
Importing 'GUID: 1e40d3baecb2d0a428f06b0aa53ed173 - Path: Assets/Scenes/Nivel_1.unity' with importer (DefaultImporter)
Imported 'GUID: 1e40d3baecb2d0a428f06b0aa53ed173' -> (Import Result ID: '7e684d081d8b99d1e4529fc69ee4627c') in 0.032 seconds [static dependencies only]. Details - ImportResultOutputID=5bc3971975471fcdb989b951ef1e7e5d DependenciesID=8eb4470e6a28585b6e98f1ac2056a019 StaticDependenciesID=2b32379bc7ba1d0e225facb56f5bc9b2 
Refreshing native plugins compatible for Editor in 9.93 ms, found 5 plugins.
Asset Pipeline Refresh (id=faef1c6785a683742a8302e7d6dee0d0): Total: 0.253 seconds - Initiated by StopAssetImportingV2(NoUpdateAssetOptions)
Asset Pipeline Refresh (id=62339f3eb68b1a04a9567033438e2447): Total: 0.093 seconds - Initiated by RefreshV2(AllowForceSynchronousImport)
Asset Pipeline Refresh (id=4963f65f2e1de8d469f773f8c6a33a9f): Total: 0.010 seconds - Initiated by RefreshV2(AllowForceSynchronousImport)
[Licensing::Client] Successfully resolved entitlement details
Importing 'GUID: e2819c9b9e0847a4fa42d4fd73e9a38a - Path: Assets/Prefabs/PiedraPeligro/PiedraPeligro.prefab' with importer (PrefabImporter)
Imported 'GUID: e2819c9b9e0847a4fa42d4fd73e9a38a' -> (Import Result ID: '0d52c50fbfb13c0308b1229a08b1626c') in 0.038 seconds [static dependencies only]. Details - ImportResultOutputID=4ab9ce2ea2d0ce0a8f2cc5c7bad8550e DependenciesID=2656e04b01f2d3aa28ed1e179369c1b0 StaticDependenciesID=5152272ed595f3db436c3a25f8460037 
Refreshing native plugins compatible for Editor in 15.26 ms, found 5 plugins.
Asset Pipeline Refresh (id=ff29f4dfeff8c2d4787500f483dae57d): Total: 0.189 seconds - Initiated by StopAssetImportingV2(NoUpdateAssetOptions)
[Worker0] Imported GUID: e2819c9b9e0847a4fa42d4fd73e9a38a - Path: Assets/Prefabs/PiedraPeligro/PiedraPeligro.prefab - Importer: PreviewImporter -> (ImportResultId: 'aad6da66ed00a6f6222e714f8864aa99') in 1.6781429 seconds
Asset Pipeline Refresh (id=37c7dbd91e9feb240a910a156d938393): Total: 0.038 seconds - Initiated by RefreshV2(AllowForceSynchronousImport)
[Worker0] Imported GUID: dfe622eff79493d4d88af947c3f6a198 - Path: Assets/Scripts/Environment/Parallax.cs - Importer: ScriptedImporter/UnityEditor.QuickSearchModule:UnityEditor.Search:ASIAI0B -> (ImportResultId: 'fe3df17f04e2d27c7c3d750d93633727') in 0.671301 seconds
[Worker0] Imported GUID: e2819c9b9e0847a4fa42d4fd73e9a38a - Path: Assets/Prefabs/PiedraPeligro/PiedraPeligro.prefab - Importer: ScriptedImporter/UnityEditor.QuickSearchModule:UnityEditor.Search:ASIAI0B -> (ImportResultId: 'c8a1c0a6896c32dec2350d484c82082b') in 0.7542907 seconds
[Worker1] Imported GUID: 1e40d3baecb2d0a428f06b0aa53ed173 - Path: Assets/Scenes/Nivel_1.unity - Importer: ScriptedImporter/UnityEditor.QuickSearchModule:UnityEditor.Search:ASIAI0B -> (ImportResultId: 'f0243da49f9f120ad87cc439b0306e09') in 1.7249964 seconds
Assembly reference Packages/com.unity.cinemachine/Editor/Samples/ExposeHDRPInternals/HDRP-Editor-ref.asmref has no target assembly definition
[ScriptCompilation] Requested script compilation because: AssetDatabase observed changes in script compilation related files
[Licensing::Client] Successfully resolved entitlement details
Refreshing native plugins compatible for Editor in 12.10 ms, found 5 plugins.

Asset Pipeline Refresh (id=a696ae2bf2a0135418880e188443d065): Total: 1.577 seconds - Initiated by StopAssetImportingV2(NoUpdateAssetOptions)
	(Values over 0.05ms)
	Summary:
		Imports: total=0 (actual=0, local cache=0, cache server=0)
		Asset DB Process Time: managed=0 ms, native=396 ms
		Asset DB Callback time: managed=1157 ms, native=20 ms
		Scripting: domain reloads=0, domain reload time=0 ms, compile time=4 ms, other=0 ms
		Project Asset Count: scripts=1208, non-scripts=1935
		Asset File Changes: new=1, changed=1, moved=0, deleted=0
		Scan Filter Count: 4
	ApplyChangesToAssetFolders: 0.332ms
	Scan: 68.957ms
	Collect global state as custom dependencies: 1.459ms
	OnSourceAssetsModified: 0.145ms
	CategorizeScriptCompilationAssets: 0.883ms
	ProcessAssetsWithTransientArtifactChanges: 3.953ms
	CategorizeAssets: 5.998ms
	CompileScripts: 3.854ms
	ImportOutOfDateAssets: 6.829ms (0.534ms without children)
		UnloadImportedAssets: 0.843ms
		EnsureUptoDateAssetsAreRegisteredWithGuidPM: 2.031ms
		ImportSchedulerStart: 3.371ms
	PostProcessAllAssets: 1148.202ms
		XRBuildSystem.XRAssetImported 5.369ms
		PostProcessCallbackCreateDeferredMaterials 1.008ms
		ShaderAssetModifiedCallback 0.282ms
		VersionControlSettings.HiddenFilePostprocess 0.209ms
		MonoPostProcessAllAssets: 1140.546ms
			SyncVS.PostprocessSyncProject 1136.168ms
			ConfigAssetsTracker.OnPostprocessAllAssets 1.794ms
			AssetChangedListener.OnPostprocessAllAssets 1.108ms
			SpriteEditorTexturePostprocessor.OnPostprocessAllAssets 0.212ms
			AssetPostprocessor.OnPostprocessAllAssets 0.160ms
			SpriteShapeAssetPostProcessor.OnPostprocessAllAssets 0.127ms
			TextAssetPostProcessor.OnPostprocessAllAssets 0.064ms
			SpriteSlicePostprocessor.OnPostprocessAllAssets 0.060ms
	PostAssetChangesProfiler: 29.103ms
	GatherAllCurrentPrimaryImportResultRevisions: 0.346ms
	UnloadStreamsBegin: 0.295ms
	PersistCurrentRevisions: 0.403ms
	Untracked: 306.646ms

[Worker0] Imported GUID: d494c7fba14330749912000ec248be40 - Path: Assets/Scripts/Core/PiedraPool.cs - Importer: ScriptedImporter/UnityEditor.QuickSearchModule:UnityEditor.Search:ASIAI0B -> (ImportResultId: '477617126175dbf1c458a6e58ef5e3fe') in 0.0087893 seconds
[Worker1] Imported GUID: d494c7fba14330749912000ec248be40 - Path: Assets/Scripts/Core/PiedraPool.cs - Importer: PreviewImporter -> (ImportResultId: 'f1afac719972067caa66fe5d3c363eb3') in 0.0139181 seconds
Starting: C:\Program Files\Unity\Hub\Editor\6000.6.0f1\Editor\Data\Tools\BuildPipeline\bee_backend.exe --ipc --defer-dag-verification --dagfile="Library/Bee/1900b0aE.dag" --continue-on-failure --profile="Library/Bee/backend1.traceevents" ScriptAssemblies
WorkingDir: C:/Users/kimji/Ingenieria_MisionKonstruir
ExitCode: 4 Duration: 1s438ms
[747/958    0s] ILPP-Configuration Library/ilpp-configuration.nevergeneratedoutput
Rebuilding DAG because FileSignature timestamp changed: Library/Bee/1900b0aE-inputdata.json
*** Tundra requires additional run (1.00 seconds), 1 items updated, 851 evaluated
Starting: C:\Program Files\Unity\Hub\Editor\6000.6.0f1\Editor\Data\DotNetSdk\dotnet.exe "C:\Program Files\Unity\Hub\Editor\6000.6.0f1\Editor\Data\Tools\BuildPipeline\ScriptCompilationBuildProgram.exe" "Library/Bee/1900b0aE.dag.json" "Library/Bee/1900b0aE-inputdata.json" "Library\Bee\buildprogram0.traceevents"
WorkingDir: C:/Users/kimji/Ingenieria_MisionKonstruir
ExitCode: 0 Duration: 5s309ms
Starting: C:\Program Files\Unity\Hub\Editor\6000.6.0f1\Editor\Data\Tools\BuildPipeline\bee_backend.exe --ipc --defer-dag-verification --dagfile="Library/Bee/1900b0aE.dag" --continue-on-failure --dagfilejson="Library\Bee\1900b0aE.dag.json" --profile="Library/Bee/backend2.traceevents" ScriptAssemblies
WorkingDir: C:/Users/kimji/Ingenieria_MisionKonstruir
ExitCode: 0 Duration: 11s
Finished compiling graph: 961 nodes, 18367 flattened edges (15745 ToBuild, 146 ToUse), maximum node priority 1020
[532/958    0s] WriteText Library/Bee/artifacts/1900b0aE.dag/Assembly-CSharp.rsp
[746/958    0s] ILPP-Configuration Library/ilpp-configuration.nevergeneratedoutput
[BUSY       6s] Csc Library/Bee/artifacts/1900b0aE.dag/Assembly-CSharp.dll (+2 others)
[954/958    8s] Csc Library/Bee/artifacts/1900b0aE.dag/Assembly-CSharp.dll (+2 others)
Assets\Scripts\Core\GameManager.cs(20,39): warning CS0414: The field 'GameManager.grietaReparada' is assigned but its value is never used
[955/958    0s] ILPostProcess Library/Bee/artifacts/1900b0aE.dag/post-processed/Assembly-CSharp.dll (+pdb)
Processing assembly Library/Bee/artifacts/1900b0aE.dag/Assembly-CSharp.dll, with 150 defines and 350 references

processors: Unity.Jobs.CodeGen.JobsILPostProcessor, zzzUnity.Burst.CodeGen.BurstILPostProcessor

1 processor(s) skipped this assembly

running Unity.Jobs.CodeGen.JobsILPostProcessor
[956/958    0s] CopyFiles Library/ScriptAssemblies/Assembly-CSharp.pdb
[957/958    0s] CopyFiles Library/ScriptAssemblies/Assembly-CSharp.dll
*** Tundra build success (11.09 seconds), 6 items updated, 958 evaluated
Assets\Scripts\Core\GameManager.cs(20,39): warning CS0414: The field 'GameManager.grietaReparada' is assigned but its value is never used
Reloading assemblies after forced synchronous recompile.
Begin MonoManager ReloadAssembly
Assembly reference Packages/com.unity.cinemachine/Editor/Samples/ExposeHDRPInternals/HDRP-Editor-ref.asmref has no target assembly definition
Refreshing native plugins compatible for Editor in 47.92 ms, found 5 plugins.
Native extension for WindowsStandalone target not found
Native extension for WebGL target not found
[MODES] ModeService[none].Initialize
[MODES] ModeService[none].LoadModes
ScheduleIndexationOnStartup MainProcess:True IndexOnStartup:True
Scripting: successfully reloaded assembly
- Finished resetting the current domain, in  9.255 seconds
Domain Reload Profiling: 19906ms
	BeginReloadAssembly (6744ms)
		ExecutionOrderSort (19ms)
		DisableScriptedObjects (1104ms)
		CreateAndSetChildDomain (3228ms)
	RebuildCommonClasses (73ms)
	RebuildNativeTypeToScriptingClass (76ms)
	initialDomainReloadingComplete (630ms)
	LoadAllAssembliesAndSetupDomain (3124ms)
		LoadAssemblies (1862ms)
		TypeCache.Refresh (144ms)
		AnalyzeDomain (1086ms)
			BuildScriptInfoCaches (1001ms)
			ResolveRequiredComponents (40ms)
	FinalizeReload (9259ms)
		SetupLoadedEditorAssemblies (0ms)
			LogAssemblyErrors (13ms)
			InitializePlatformSupportModulesInManaged (12ms)
			BeforeProcessingInitializeOnLoad (1268ms)
			ProcessInitializeOnLoadAttributes (2411ms)
			ProcessInitializeOnLoadMethodAttributes (378ms)
			AfterProcessingInitializeOnLoad (72ms)
			EditorAssembliesLoaded (10ms)
		AwakeInstancesAfterBackupRestoration (3133ms)
Refreshing native plugins compatible for Editor in 9.78 ms, found 5 plugins.

Asset Pipeline Refresh (id=f8c9112bb1c96e84fbcd972f6b46ab97): Total: 34.134 seconds - Initiated by RefreshV2(AllowForceSynchronousImport)
	(Values over 0.05ms)
	Summary:
		Imports: total=0 (actual=0, local cache=0, cache server=0)
		Asset DB Process Time: managed=0 ms, native=9713 ms
		Asset DB Callback time: managed=309 ms, native=239 ms
		Scripting: domain reloads=1, domain reload time=11207 ms, compile time=12663 ms, other=0 ms
		Project Asset Count: scripts=1208, non-scripts=1935
		Asset File Changes: new=0, changed=0, moved=0, deleted=0
		Scan Filter Count: 0
	InvokePackagesCallback: 13.727ms
	ApplyChangesToAssetFolders: 0.783ms
	Scan: 29.048ms
	Collect global state as custom dependencies: 6.340ms
	ProcessAssetsWithTransientArtifactChanges: 14.290ms
	CategorizeAssets: 99.773ms
	CompileScripts: 12663.500ms
	ImportOutOfDateAssets: 9335.597ms (9329.208ms without children)
		CollectScriptTypesHashes: 0.357ms
		UnloadImportedAssets: 0.483ms
		EnsureUptoDateAssetsAreRegisteredWithGuidPM: 2.387ms
		ImportSchedulerStart: 3.066ms
	PostProcessAllAssets: 318.513ms
		XRBuildSystem.XRAssetImported 2.849ms
		VCAutoAddAssetPostprocess 0.524ms
		PostProcessCallbackCreateDeferredMaterials 0.432ms
		SpriteAtlasDatabase.OnAssetPostprocessCallback 0.221ms
		AssemblyValidation.PostprocessAllAssets 0.191ms
		WindowTitlePostprocess 0.170ms
		MonoPostProcessAllAssets: 309.806ms
			WindowAssetPostprocessingWatcher.OnPostprocessAllAssets 50.885ms
			BuilderAssetPostprocessor.OnPostprocessAllAssets 48.497ms
			SyncVS.PostprocessSyncProject 43.743ms
			AssetChangedListener.OnPostprocessAllAssets 25.346ms
			AssetPostprocessor.OnPostprocessAllAssets 15.944ms
			SpriteSlicePostprocessor.OnPostprocessAllAssets 12.540ms
			RetainedModeAssetPostprocessor.OnPostprocessAllAssets 6.242ms
			EditModeScopePostprocessor.OnPostprocessAllAssets 5.542ms
			ProjectSettingsPostprocessor.OnPostprocessAllAssets 4.186ms
			SpeedTree9Postprocessor.OnPostprocessAllAssets 4.151ms
			TMPro_TexturePostProcessor.OnPostprocessAllAssets 3.100ms
			ArtifactBrowserPostProcessor.OnPostprocessAllAssets 2.927ms
			SpriteEditorTexturePostprocessor.OnPostprocessAllAssets 2.682ms
			SpriteShapeAssetPostProcessor.OnPostprocessAllAssets 2.673ms
			AudioMixerPostprocessor.OnPostprocessAllAssets 2.408ms
			CinemachineSettings.OnPostprocessAllAssets 2.183ms
			UVCSAssetPostprocessor.OnPostprocessAllAssets 2.127ms
			InputActionAssetPostprocessor.OnPostprocessAllAssets 1.955ms
			TextAssetPostProcessor.OnPostprocessAllAssets 1.602ms
			StyleCatalogPostProcessor.OnPostprocessAllAssets 1.363ms
			InputActionJsonNameModifierAssetProcessor.OnPostprocessAllAssets 1.295ms
			ReferencedClipsPostProcessor.OnPostprocessAllAssets 1.188ms
			DomainReloadProcessor.OnPostprocessAllAssets 1.174ms
			SpriteLibraryAssetPostprocessor.OnPostprocessAllAssets 1.141ms
			AssetEvents.OnPostprocessAllAssets 1.085ms
			ConfigAssetsTracker.OnPostprocessAllAssets 0.968ms
			AssetDatabaseCallbacks.OnPostprocessAllAssets 0.957ms
			ScenarioDriftAssetsTracker.OnPostprocessAllAssets 0.895ms
			AssetReloadNotifier.OnPostprocessAllAssets 0.872ms
			ThemePostprocessor.OnPostprocessAllAssets 0.788ms
			SamplePostprocessor.OnPostprocessAllAssets 0.780ms
			TerrainToolbarOverlayPostProcessor.OnPostprocessAllAssets 0.757ms
			SpeedTreePostProcessor.OnPostprocessAllAssets 0.707ms
			AudioContainerPostProcessor.OnPostprocessAllAssets 0.688ms
			PSDImportPostProcessor.OnPostprocessAllAssets 0.658ms
			PSDImporterAssetPostProcessor.OnPostprocessAllAssets 0.480ms
			AssetProcessor.OnPostprocessAllAssets 0.320ms
			RenderPipelineGlobalSettingsPostprocessor.OnPostprocessAllAssets 0.293ms
	PostAssetChangesProfiler: 229.259ms
	GatherAllCurrentPrimaryImportResultRevisions: 0.634ms
	PersistCurrentRevisions: 0.252ms
	GenerateScriptTypeHashes: 3.798ms
	GenerateScriptTypeSerializationHashes: 6.262ms
	Untracked: 11362.063ms

[Licensing::Client] Successfully resolved entitlement details
[Licensing::Client] Successfully resolved entitlement details
[Licensing::Client] Successfully resolved entitlement details
Asset Pipeline Refresh (id=c6ec954c9545bee4d834ae48155ac84c): Total: 0.054 seconds - Initiated by RefreshV2(AllowForceSynchronousImport)
[Licensing::Client] Successfully resolved entitlement details

[Worker1] Imported GUID: d494c7fba14330749912000ec248be40 - Path: Assets/Scripts/Core/PiedraPool.cs - Importer: PreviewImporter -> (ImportResultId: '00000000000000000000000000000000') in 0.0304365 seconds
Queued import returned SourceDataChangedDuringImport, source files will be rescanned
Queued import returned SourceDataChangedDuringImport, source files will be rescanned
Queued import returned SourceDataChangedDuringImport, source files will be rescanned
Queued import returned SourceDataChangedDuringImport, source files will be rescanned
Queued import returned SourceDataChangedDuringImport, source files will be rescanned
Queued import returned SourceDataChangedDuringImport, source files will be rescanned
Queued import returned SourceDataChangedDuringImport, source files will be rescanned
Queued import returned SourceDataChangedDuringImport, source files will be rescanned
[Worker1] Import Error Code:(4)
Message: Build asset version error: assets/scripts/core/piedrapool.cs in SourceAssetDB has modification time of '2026-10-02T20:44:10.614866Z' while content on disk has modification time of '2026-10-02T20:45:31.1262392Z'
Queued import returned SourceDataChangedDuringImport, source files will be rescanned
Queued import returned SourceDataChangedDuringImport, source files will be rescanned
Queued import returned SourceDataChangedDuringImport, source files will be rescanned
Queued import returned SourceDataChangedDuringImport, source files will be rescanned
Queued import returned SourceDataChangedDuringImport, source files will be rescanned
Queued import returned SourceDataChangedDuringImport, source files will be rescanned
Queued import returned SourceDataChangedDuringImport, source files will be rescanned
Queued import returned SourceDataChangedDuringImport, source files will be rescanned
Queued import returned SourceDataChangedDuringImport, source files will be rescanned
Queued import returned SourceDataChangedDuringImport, source files will be rescanned
Queued import returned SourceDataChangedDuringImport, source files will be rescanned
Queued import returned SourceDataChangedDuringImport, source files will be rescanned
Queued import returned SourceDataChangedDuringImport, source files will be rescanned
Queued import returned SourceDataChangedDuringImport, source files will be rescanned
Queued import returned SourceDataChangedDuringImport, source files will be rescanned
Queued import returned SourceDataChangedDuringImport, source files will be rescanned
Queued import returned SourceDataChangedDuringImport, source files will be rescanned
Queued import returned SourceDataChangedDuringImport, source files will be rescanned
Queued import returned SourceDataChangedDuringImport, source files will be rescanned
Queued import returned SourceDataChangedDuringImport, source files will be rescanned
Queued import returned SourceDataChangedDuringImport, source files will be rescanned
Queued import returned SourceDataChangedDuringImport, source files will be rescanned
Queued import returned SourceDataChangedDuringImport, source files will be rescanned
Queued import returned SourceDataChangedDuringImport, source files will be rescanned
Queued import returned SourceDataChangedDuringImport, source files will be rescanned
Queued import returned SourceDataChangedDuringImport, source files will be rescanned
Queued import returned SourceDataChangedDuringImport, source files will be rescanned
Queued import returned SourceDataChangedDuringImport, source files will be rescanned
Queued import returned SourceDataChangedDuringImport, source files will be rescanned
Queued import returned SourceDataChangedDuringImport, source files will be rescanned
Queued import returned SourceDataChangedDuringImport, source files will be rescanned
Queued import returned SourceDataChangedDuringImport, source files will be rescanned
Queued import returned SourceDataChangedDuringImport, source files will be rescanned
Queued import returned SourceDataChangedDuringImport, source files will be rescanned
Queued import returned SourceDataChangedDuringImport, source files will be rescanned
Queued import returned SourceDataChangedDuringImport, source files will be rescanned
Queued import returned SourceDataChangedDuringImport, source files will be rescanned
Queued import returned SourceDataChangedDuringImport, source files will be rescanned
Queued import returned SourceDataChangedDuringImport, source files will be rescanned
Queued import returned SourceDataChangedDuringImport, source files will be rescanned
Queued import returned SourceDataChangedDuringImport, source files will be rescanned
Queued import returned SourceDataChangedDuringImport, source files will be rescanned
Queued import returned SourceDataChangedDuringImport, source files will be rescanned
Queued import returned SourceDataChangedDuringImport, source files will be rescanned
Queued import returned SourceDataChangedDuringImport, source files will be rescanned
Queued import returned SourceDataChangedDuringImport, source files will be rescanned
Queued import returned SourceDataChangedDuringImport, source files will be rescanned
Queued import returned SourceDataChangedDuringImport, source files will be rescanned
Queued import returned SourceDataChangedDuringImport, source files will be rescanned
Queued import returned SourceDataChangedDuringImport, source files will be rescanned
Queued import returned SourceDataChangedDuringImport, source files will be rescanned
Queued import returned SourceDataChangedDuringImport, source files will be rescanned
Queued import returned SourceDataChangedDuringImport, source files will be rescanned
Queued import returned SourceDataChangedDuringImport, source files will be rescanned
Queued import returned SourceDataChangedDuringImport, source files will be rescanned
Queued import returned SourceDataChangedDuringImport, source files will be rescanned
Queued import returned SourceDataChangedDuringImport, source files will be rescanned
Queued import returned SourceDataChangedDuringImport, source files will be rescanned
Queued import returned SourceDataChangedDuringImport, source files will be rescanned
Queued import returned SourceDataChangedDuringImport, source files will be rescanned
Queued import returned SourceDataChangedDuringImport, source files will be rescanned
Queued import returned SourceDataChangedDuringImport, source files will be rescanned
Queued import returned SourceDataChangedDuringImport, source files will be rescanned
Queued import returned SourceDataChangedDuringImport, source files will be rescanned
Queued import returned SourceDataChangedDuringImport, source files will be rescanned
Queued import returned SourceDataChangedDuringImport, source files will be rescanned
Queued import returned SourceDataChangedDuringImport, source files will be rescanned
Queued import returned SourceDataChangedDuringImport, source files will be rescanned
Queued import returned SourceDataChangedDuringImport, source files will be rescanned
Queued import returned SourceDataChangedDuringImport, source files will be rescanned
Queued import returned SourceDataChangedDuringImport, source files will be rescanned
Queued import returned SourceDataChangedDuringImport, source files will be rescanned
Queued import returned SourceDataChangedDuringImport, source files will be rescanned
Queued import returned SourceDataChangedDuringImport, source files will be rescanned
Queued import returned SourceDataChangedDuringImport, source files will be rescanned
Queued import returned SourceDataChangedDuringImport, source files will be rescanned
Queued import returned SourceDataChangedDuringImport, source files will be rescanned
Queued import returned SourceDataChangedDuringImport, source files will be rescanned
Queued import returned SourceDataChangedDuringImport, source files will be rescanned
Queued import returned SourceDataChangedDuringImport, source files will be rescanned
Queued import returned SourceDataChangedDuringImport, source files will be rescanned
Queued import returned SourceDataChangedDuringImport, source files will be rescanned
Queued import returned SourceDataChangedDuringImport, source files will be rescanned
Queued import returned SourceDataChangedDuringImport, source files will be rescanned
Queued import returned SourceDataChangedDuringImport, source files will be rescanned
Queued import returned SourceDataChangedDuringImport, source files will be rescanned
Queued import returned SourceDataChangedDuringImport, source files will be rescanned
Queued import returned SourceDataChangedDuringImport, source files will be rescanned
Queued import returned SourceDataChangedDuringImport, source files will be rescanned
Queued import returned SourceDataChangedDuringImport, source files will be rescanned
Queued import returned SourceDataChangedDuringImport, source files will be rescanned
Queued import returned SourceDataChangedDuringImport, source files will be rescanned
Queued import returned SourceDataChangedDuringImport, source files will be rescanned
Queued import returned SourceDataChangedDuringImport, source files will be rescanned
Queued import returned SourceDataChangedDuringImport, source files will be rescanned
Queued import returned SourceDataChangedDuringImport, source files will be rescanned
Queued import returned SourceDataChangedDuringImport, source files will be rescanned
Queued import returned SourceDataChangedDuringImport, source files will be rescanned
Queued import returned SourceDataChangedDuringImport, source files will be rescanned
Queued import returned SourceDataChangedDuringImport, source files will be rescanned
Queued import returned SourceDataChangedDuringImport, source files will be rescanned
Queued import returned SourceDataChangedDuringImport, source files will be rescanned
Queued import returned SourceDataChangedDuringImport, source files will be rescanned
Queued import returned SourceDataChangedDuringImport, source files will be rescanned
Queued import returned SourceDataChangedDuringImport, source files will be rescanned
Queued import returned SourceDataChangedDuringImport, source files will be rescanned
Queued import returned SourceDataChangedDuringImport, source files will be rescanned
Queued import returned SourceDataChangedDuringImport, source files will be rescanned
Queued import returned SourceDataChangedDuringImport, source files will be rescanned
Queued import returned SourceDataChangedDuringImport, source files will be rescanned
Queued import returned SourceDataChangedDuringImport, source files will be rescanned
Queued import returned SourceDataChangedDuringImport, source files will be rescanned
Queued import returned SourceDataChangedDuringImport, source files will be rescanned
Queued import returned SourceDataChangedDuringImport, source files will be rescanned
Queued import returned SourceDataChangedDuringImport, source files will be rescanned
Queued import returned SourceDataChangedDuringImport, source files will be rescanned
Queued import returned SourceDataChangedDuringImport, source files will be rescanned
Queued import returned SourceDataChangedDuringImport, source files will be rescanned
Queued import returned SourceDataChangedDuringImport, source files will be rescanned
Queued import returned SourceDataChangedDuringImport, source files will be rescanned
Queued import returned SourceDataChangedDuringImport, source files will be rescanned
Queued import returned SourceDataChangedDuringImport, source files will be rescanned
Queued import returned SourceDataChangedDuringImport, source files will be rescanned
Queued import returned SourceDataChangedDuringImport, source files will be rescanned
Queued import returned SourceDataChangedDuringImport, source files will be rescanned
Queued import returned SourceDataChangedDuringImport, source files will be rescanned
Queued import returned SourceDataChangedDuringImport, source files will be rescanned
Queued import returned SourceDataChangedDuringImport, source files will be rescanned
Queued import returned SourceDataChangedDuringImport, source files will be rescanned
Queued import returned SourceDataChangedDuringImport, source files will be rescanned
Queued import returned SourceDataChangedDuringImport, source files will be rescanned
Queued import returned SourceDataChangedDuringImport, source files will be rescanned
Queued import returned SourceDataChangedDuringImport, source files will be rescanned
Queued import returned SourceDataChangedDuringImport, source files will be rescanned
Queued import returned SourceDataChangedDuringImport, source files will be rescanned
Queued import returned SourceDataChangedDuringImport, source files will be rescanned
Queued import returned SourceDataChangedDuringImport, source files will be rescanned
Queued import returned SourceDataChangedDuringImport, source files will be rescanned
Queued import returned SourceDataChangedDuringImport, source files will be rescanned
Queued import returned SourceDataChangedDuringImport, source files will be rescanned
Queued import returned SourceDataChangedDuringImport, source files will be rescanned
Queued import returned SourceDataChangedDuringImport, source files will be rescanned
Queued import returned SourceDataChangedDuringImport, source files will be rescanned
Queued import returned SourceDataChangedDuringImport, source files will be rescanned
Queued import returned SourceDataChangedDuringImport, source files will be rescanned
Queued import returned SourceDataChangedDuringImport, source files will be rescanned
Queued import returned SourceDataChangedDuringImport, source files will be rescanned
Queued import returned SourceDataChangedDuringImport, source files will be rescanned
Queued import returned SourceDataChangedDuringImport, source files will be rescanned
Queued import returned SourceDataChangedDuringImport, source files will be rescanned
Queued import returned SourceDataChangedDuringImport, source files will be rescanned
Queued import returned SourceDataChangedDuringImport, source files will be rescanned
Queued import returned SourceDataChangedDuringImport, source files will be rescanned
Queued import returned SourceDataChangedDuringImport, source files will be rescanned
Queued import returned SourceDataChangedDuringImport, source files will be rescanned
Queued import returned SourceDataChangedDuringImport, source files will be rescanned
Queued import returned SourceDataChangedDuringImport, source files will be rescanned
Queued import returned SourceDataChangedDuringImport, source files will be rescanned
Queued import returned SourceDataChangedDuringImport, source files will be rescanned
Queued import returned SourceDataChangedDuringImport, source files will be rescanned
Queued import returned SourceDataChangedDuringImport, source files will be rescanned
Queued import returned SourceDataChangedDuringImport, source files will be rescanned
Queued import returned SourceDataChangedDuringImport, source files will be rescanned
Queued import returned SourceDataChangedDuringImport, source files will be rescanned
Queued import returned SourceDataChangedDuringImport, source files will be rescanned
Queued import returned SourceDataChangedDuringImport, source files will be rescanned
Queued import returned SourceDataChangedDuringImport, source files will be rescanned
Queued import returned SourceDataChangedDuringImport, source files will be rescanned
Queued import returned SourceDataChangedDuringImport, source files will be rescanned
Queued import returned SourceDataChangedDuringImport, source files will be rescanned
Queued import returned SourceDataChangedDuringImport, source files will be rescanned
Queued import returned SourceDataChangedDuringImport, source files will be rescanned
Queued import returned SourceDataChangedDuringImport, source files will be rescanned
Queued import returned SourceDataChangedDuringImport, source files will be rescanned
Queued import returned SourceDataChangedDuringImport, source files will be rescanned
Queued import returned SourceDataChangedDuringImport, source files will be rescanned
Queued import returned SourceDataChangedDuringImport, source files will be rescanned
Queued import returned SourceDataChangedDuringImport, source files will be rescanned
Queued import returned SourceDataChangedDuringImport, source files will be rescanned
Queued import returned SourceDataChangedDuringImport, source files will be rescanned
Queued import returned SourceDataChangedDuringImport, source files will be rescanned
Queued import returned SourceDataChangedDuringImport, source files will be rescanned
Queued import returned SourceDataChangedDuringImport, source files will be rescanned
Queued import returned SourceDataChangedDuringImport, source files will be rescanned
Queued import returned SourceDataChangedDuringImport, source files will be rescanned
Queued import returned SourceDataChangedDuringImport, source files will be rescanned
Queued import returned SourceDataChangedDuringImport, source files will be rescanned
Queued import returned SourceDataChangedDuringImport, source files will be rescanned
Queued import returned SourceDataChangedDuringImport, source files will be rescanned
Queued import returned SourceDataChangedDuringImport, source files will be rescanned
Queued import returned SourceDataChangedDuringImport, source files will be rescanned
Queued import returned SourceDataChangedDuringImport, source files will be rescanned
Queued import returned SourceDataChangedDuringImport, source files will be rescanned
Queued import returned SourceDataChangedDuringImport, source files will be rescanned
Queued import returned SourceDataChangedDuringImport, source files will be rescanned
Queued import returned SourceDataChangedDuringImport, source files will be rescanned
Queued import returned SourceDataChangedDuringImport, source files will be rescanned
Queued import returned SourceDataChangedDuringImport, source files will be rescanned
Queued import returned SourceDataChangedDuringImport, source files will be rescanned
Queued import returned SourceDataChangedDuringImport, source files will be rescanned
Queued import returned SourceDataChangedDuringImport, source files will be rescanned
Queued import returned SourceDataChangedDuringImport, source files will be rescanned
Queued import returned SourceDataChangedDuringImport, source files will be rescanned
Queued import returned SourceDataChangedDuringImport, source files will be rescanned
Queued import returned SourceDataChangedDuringImport, source files will be rescanned
Queued import returned SourceDataChangedDuringImport, source files will be rescanned
Queued import returned SourceDataChangedDuringImport, source files will be rescanned
Queued import returned SourceDataChangedDuringImport, source files will be rescanned
Queued import returned SourceDataChangedDuringImport, source files will be rescanned
Queued import returned SourceDataChangedDuringImport, source files will be rescanned
Queued import returned SourceDataChangedDuringImport, source files will be rescanned
Queued import returned SourceDataChangedDuringImport, source files will be rescanned
Queued import returned SourceDataChangedDuringImport, source files will be rescanned
Queued import returned SourceDataChangedDuringImport, source files will be rescanned
Queued import returned SourceDataChangedDuringImport, source files will be rescanned
Queued import returned SourceDataChangedDuringImport, source files will be rescanned
Queued import returned SourceDataChangedDuringImport, source files will be rescanned
Queued import returned SourceDataChangedDuringImport, source files will be rescanned
Queued import returned SourceDataChangedDuringImport, source files will be rescanned
Queued import returned SourceDataChangedDuringImport, source files will be rescanned
Queued import returned SourceDataChangedDuringImport, source files will be rescanned
Queued import returned SourceDataChangedDuringImport, source files will be rescanned
Queued import returned SourceDataChangedDuringImport, source files will be rescanned
Queued import returned SourceDataChangedDuringImport, source files will be rescanned
Queued import returned SourceDataChangedDuringImport, source files will be rescanned
Queued import returned SourceDataChangedDuringImport, source files will be rescanned
Queued import returned SourceDataChangedDuringImport, source files will be rescanned
Queued import returned SourceDataChangedDuringImport, source files will be rescanned
Queued import returned SourceDataChangedDuringImport, source files will be rescanned
Queued import returned SourceDataChangedDuringImport, source files will be rescanned
Queued import returned SourceDataChangedDuringImport, source files will be rescanned
Queued import returned SourceDataChangedDuringImport, source files will be rescanned
Queued import returned SourceDataChangedDuringImport, source files will be rescanned
Queued import returned SourceDataChangedDuringImport, source files will be rescanned
Queued import returned SourceDataChangedDuringImport, source files will be rescanned
Queued import returned SourceDataChangedDuringImport, source files will be rescanned
Queued import returned SourceDataChangedDuringImport, source files will be rescanned
Queued import returned SourceDataChangedDuringImport, source files will be rescanned
Queued import returned SourceDataChangedDuringImport, source files will be rescanned
Queued import returned SourceDataChangedDuringImport, source files will be rescanned
Queued import returned SourceDataChangedDuringImport, source files will be rescanned
Queued import returned SourceDataChangedDuringImport, source files will be rescanned
Queued import returned SourceDataChangedDuringImport, source files will be rescanned
Queued import returned SourceDataChangedDuringImport, source files will be rescanned
Queued import returned SourceDataChangedDuringImport, source files will be rescanned
Queued import returned SourceDataChangedDuringImport, source files will be rescanned
Queued import returned SourceDataChangedDuringImport, source files will be rescanned
Queued import returned SourceDataChangedDuringImport, source files will be rescanned
Queued import returned SourceDataChangedDuringImport, source files will be rescanned
Queued import returned SourceDataChangedDuringImport, source files will be rescanned
Queued import returned SourceDataChangedDuringImport, source files will be rescanned
Queued import returned SourceDataChangedDuringImport, source files will be rescanned
Queued import returned SourceDataChangedDuringImport, source files will be rescanned
Queued import returned SourceDataChangedDuringImport, source files will be rescanned
Queued import returned SourceDataChangedDuringImport, source files will be rescanned
Queued import returned SourceDataChangedDuringImport, source files will be rescanned
Queued import returned SourceDataChangedDuringImport, source files will be rescanned
Queued import returned SourceDataChangedDuringImport, source files will be rescanned
Queued import returned SourceDataChangedDuringImport, source files will be rescanned
Queued import returned SourceDataChangedDuringImport, source files will be rescanned
Queued import returned SourceDataChangedDuringImport, source files will be rescanned
Queued import returned SourceDataChangedDuringImport, source files will be rescanned
Queued import returned SourceDataChangedDuringImport, source files will be rescanned
Queued import returned SourceDataChangedDuringImport, source files will be rescanned
Queued import returned SourceDataChangedDuringImport, source files will be rescanned
Queued import returned SourceDataChangedDuringImport, source files will be rescanned
Queued import returned SourceDataChangedDuringImport, source files will be rescanned
Queued import returned SourceDataChangedDuringImport, source files will be rescanned
Queued import returned SourceDataChangedDuringImport, source files will be rescanned
Queued import returned SourceDataChangedDuringImport, source files will be rescanned
Queued import returned SourceDataChangedDuringImport, source files will be rescanned
Queued import returned SourceDataChangedDuringImport, source files will be rescanned
Queued import returned SourceDataChangedDuringImport, source files will be rescanned
Queued import returned SourceDataChangedDuringImport, source files will be rescanned
Queued import returned SourceDataChangedDuringImport, source files will be rescanned
Queued import returned SourceDataChangedDuringImport, source files will be rescanned
Queued import returned SourceDataChangedDuringImport, source files will be rescanned
Queued import returned SourceDataChangedDuringImport, source files will be rescanned
Queued import returned SourceDataChangedDuringImport, source files will be rescanned
Queued import returned SourceDataChangedDuringImport, source files will be rescanned
Queued import returned SourceDataChangedDuringImport, source files will be rescanned
Queued import returned SourceDataChangedDuringImport, source files will be rescanned
Queued import returned SourceDataChangedDuringImport, source files will be rescanned
Queued import returned SourceDataChangedDuringImport, source files will be rescanned
Queued import returned SourceDataChangedDuringImport, source files will be rescanned
Queued import returned SourceDataChangedDuringImport, source files will be rescanned
Queued import returned SourceDataChangedDuringImport, source files will be rescanned
Queued import returned SourceDataChangedDuringImport, source files will be rescanned
Queued import returned SourceDataChangedDuringImport, source files will be rescanned
Queued import returned SourceDataChangedDuringImport, source files will be rescanned
Queued import returned SourceDataChangedDuringImport, source files will be rescanned
Queued import returned SourceDataChangedDuringImport, source files will be rescanned
Queued import returned SourceDataChangedDuringImport, source files will be rescanned
Queued import returned SourceDataChangedDuringImport, source files will be rescanned
Queued import returned SourceDataChangedDuringImport, source files will be rescanned
Queued import returned SourceDataChangedDuringImport, source files will be rescanned
Queued import returned SourceDataChangedDuringImport, source files will be rescanned
Queued import returned SourceDataChangedDuringImport, source files will be rescanned
Queued import returned SourceDataChangedDuringImport, source files will be rescanned
Queued import returned SourceDataChangedDuringImport, source files will be rescanned
Queued import returned SourceDataChangedDuringImport, source files will be rescanned
Queued import returned SourceDataChangedDuringImport, source files will be rescanned
Queued import returned SourceDataChangedDuringImport, source files will be rescanned
Queued import returned SourceDataChangedDuringImport, source files will be rescanned
Queued import returned SourceDataChangedDuringImport, source files will be rescanned
Queued import returned SourceDataChangedDuringImport, source files will be rescanned
Queued import returned SourceDataChangedDuringImport, source files will be rescanned
Queued import returned SourceDataChangedDuringImport, source files will be rescanned
Queued import returned SourceDataChangedDuringImport, source files will be rescanned
Queued import returned SourceDataChangedDuringImport, source files will be rescanned
Queued import returned SourceDataChangedDuringImport, source files will be rescanned
Queued import returned SourceDataChangedDuringImport, source files will be rescanned
Queued import returned SourceDataChangedDuringImport, source files will be rescanned
Queued import returned SourceDataChangedDuringImport, source files will be rescanned
Queued import returned SourceDataChangedDuringImport, source files will be rescanned
Queued import returned SourceDataChangedDuringImport, source files will be rescanned
Queued import returned SourceDataChangedDuringImport, source files will be rescanned
Queued import returned SourceDataChangedDuringImport, source files will be rescanned
Queued import returned SourceDataChangedDuringImport, source files will be rescanned
Queued import returned SourceDataChangedDuringImport, source files will be rescanned
Queued import returned SourceDataChangedDuringImport, source files will be rescanned
Queued import returned SourceDataChangedDuringImport, source files will be rescanned
Queued import returned SourceDataChangedDuringImport, source files will be rescanned
Queued import returned SourceDataChangedDuringImport, source files will be rescanned
Queued import returned SourceDataChangedDuringImport, source files will be rescanned
Queued import returned SourceDataChangedDuringImport, source files will be rescanned
Queued import returned SourceDataChangedDuringImport, source files will be rescanned
Queued import returned SourceDataChangedDuringImport, source files will be rescanned
Queued import returned SourceDataChangedDuringImport, source files will be rescanned
Queued import returned SourceDataChangedDuringImport, source files will be rescanned
Queued import returned SourceDataChangedDuringImport, source files will be rescanned
Queued import returned SourceDataChangedDuringImport, source files will be rescanned
Queued import returned SourceDataChangedDuringImport, source files will be rescanned
Queued import returned SourceDataChangedDuringImport, source files will be rescanned
Queued import returned SourceDataChangedDuringImport, source files will be rescanned
Queued import returned SourceDataChangedDuringImport, source files will be rescanned
Queued import returned SourceDataChangedDuringImport, source files will be rescanned
Queued import returned SourceDataChangedDuringImport, source files will be rescanned
Queued import returned SourceDataChangedDuringImport, source files will be rescanned
Queued import returned SourceDataChangedDuringImport, source files will be rescanned
Queued import returned SourceDataChangedDuringImport, source files will be rescanned
Queued import returned SourceDataChangedDuringImport, source files will be rescanned
Queued import returned SourceDataChangedDuringImport, source files will be rescanned
Queued import returned SourceDataChangedDuringImport, source files will be rescanned
Queued import returned SourceDataChangedDuringImport, source files will be rescanned
Queued import returned SourceDataChangedDuringImport, source files will be rescanned
Queued import returned SourceDataChangedDuringImport, source files will be rescanned
Queued import returned SourceDataChangedDuringImport, source files will be rescanned
Queued import returned SourceDataChangedDuringImport, source files will be rescanned
Queued import returned SourceDataChangedDuringImport, source files will be rescanned
Queued import returned SourceDataChangedDuringImport, source files will be rescanned
Queued import returned SourceDataChangedDuringImport, source files will be rescanned
Queued import returned SourceDataChangedDuringImport, source files will be rescanned
Queued import returned SourceDataChangedDuringImport, source files will be rescanned
Queued import returned SourceDataChangedDuringImport, source files will be rescanned
Queued import returned SourceDataChangedDuringImport, source files will be rescanned
Queued import returned SourceDataChangedDuringImport, source files will be rescanned
Queued import returned SourceDataChangedDuringImport, source files will be rescanned
Queued import returned SourceDataChangedDuringImport, source files will be rescanned
Queued import returned SourceDataChangedDuringImport, source files will be rescanned
Queued import returned SourceDataChangedDuringImport, source files will be rescanned
Queued import returned SourceDataChangedDuringImport, source files will be rescanned
Queued import returned SourceDataChangedDuringImport, source files will be rescanned
Queued import returned SourceDataChangedDuringImport, source files will be rescanned
Queued import returned SourceDataChangedDuringImport, source files will be rescanned
Queued import returned SourceDataChangedDuringImport, source files will be rescanned
Queued import returned SourceDataChangedDuringImport, source files will be rescanned
Queued import returned SourceDataChangedDuringImport, source files will be rescanned
Queued import returned SourceDataChangedDuringImport, source files will be rescanned
Queued import returned SourceDataChangedDuringImport, source files will be rescanned
Queued import returned SourceDataChangedDuringImport, source files will be rescanned
Queued import returned SourceDataChangedDuringImport, source files will be rescanned
Queued import returned SourceDataChangedDuringImport, source files will be rescanned
Queued import returned SourceDataChangedDuringImport, source files will be rescanned
Queued import returned SourceDataChangedDuringImport, source files will be rescanned
Queued import returned SourceDataChangedDuringImport, source files will be rescanned
Queued import returned SourceDataChangedDuringImport, source files will be rescanned
Queued import returned SourceDataChangedDuringImport, source files will be rescanned
Queued import returned SourceDataChangedDuringImport, source files will be rescanned
Queued import returned SourceDataChangedDuringImport, source files will be rescanned
Queued import returned SourceDataChangedDuringImport, source files will be rescanned
Queued import returned SourceDataChangedDuringImport, source files will be rescanned
Queued import returned SourceDataChangedDuringImport, source files will be rescanned
Queued import returned SourceDataChangedDuringImport, source files will be rescanned
Queued import returned SourceDataChangedDuringImport, source files will be rescanned
Queued import returned SourceDataChangedDuringImport, source files will be rescanned
Queued import returned SourceDataChangedDuringImport, source files will be rescanned
Queued import returned SourceDataChangedDuringImport, source files will be rescanned
Queued import returned SourceDataChangedDuringImport, source files will be rescanned
Queued import returned SourceDataChangedDuringImport, source files will be rescanned
Queued import returned SourceDataChangedDuringImport, source files will be rescanned
Queued import returned SourceDataChangedDuringImport, source files will be rescanned
Queued import returned SourceDataChangedDuringImport, source files will be rescanned
Queued import returned SourceDataChangedDuringImport, source files will be rescanned
Queued import returned SourceDataChangedDuringImport, source files will be rescanned
Queued import returned SourceDataChangedDuringImport, source files will be rescanned
Queued import returned SourceDataChangedDuringImport, source files will be rescanned
Queued import returned SourceDataChangedDuringImport, source files will be rescanned
Queued import returned SourceDataChangedDuringImport, source files will be rescanned
Queued import returned SourceDataChangedDuringImport, source files will be rescanned
Queued import returned SourceDataChangedDuringImport, source files will be rescanned
Queued import returned SourceDataChangedDuringImport, source files will be rescanned
Queued import returned SourceDataChangedDuringImport, source files will be rescanned
Queued import returned SourceDataChangedDuringImport, source files will be rescanned
Queued import returned SourceDataChangedDuringImport, source files will be rescanned
Queued import returned SourceDataChangedDuringImport, source files will be rescanned
Queued import returned SourceDataChangedDuringImport, source files will be rescanned
Queued import returned SourceDataChangedDuringImport, source files will be rescanned
Queued import returned SourceDataChangedDuringImport, source files will be rescanned
Queued import returned SourceDataChangedDuringImport, source files will be rescanned
Queued import returned SourceDataChangedDuringImport, source files will be rescanned
Queued import returned SourceDataChangedDuringImport, source files will be rescanned
Queued import returned SourceDataChangedDuringImport, source files will be rescanned
Queued import returned SourceDataChangedDuringImport, source files will be rescanned
Queued import returned SourceDataChangedDuringImport, source files will be rescanned
Queued import returned SourceDataChangedDuringImport, source files will be rescanned
Queued import returned SourceDataChangedDuringImport, source files will be rescanned
Queued import returned SourceDataChangedDuringImport, source files will be rescanned
Queued import returned SourceDataChangedDuringImport, source files will be rescanned
Queued import returned SourceDataChangedDuringImport, source files will be rescanned
Queued import returned SourceDataChangedDuringImport, source files will be rescanned
Queued import returned SourceDataChangedDuringImport, source files will be rescanned
Queued import returned SourceDataChangedDuringImport, source files will be rescanned
Queued import returned SourceDataChangedDuringImport, source files will be rescanned
Queued import returned SourceDataChangedDuringImport, source files will be rescanned
Queued import returned SourceDataChangedDuringImport, source files will be rescanned
Queued import returned SourceDataChangedDuringImport, source files will be rescanned
Queued import returned SourceDataChangedDuringImport, source files will be rescanned
Queued import returned SourceDataChangedDuringImport, source files will be rescanned
Queued import returned SourceDataChangedDuringImport, source files will be rescanned
Queued import returned SourceDataChangedDuringImport, source files will be rescanned
Queued import returned SourceDataChangedDuringImport, source files will be rescanned
Queued import returned SourceDataChangedDuringImport, source files will be rescanned
Queued import returned SourceDataChangedDuringImport, source files will be rescanned
Queued import returned SourceDataChangedDuringImport, source files will be rescanned
Queued import returned SourceDataChangedDuringImport, source files will be rescanned
Queued import returned SourceDataChangedDuringImport, source files will be rescanned
Queued import returned SourceDataChangedDuringImport, source files will be rescanned
Queued import returned SourceDataChangedDuringImport, source files will be rescanned
Queued import returned SourceDataChangedDuringImport, source files will be rescanned
Queued import returned SourceDataChangedDuringImport, source files will be rescanned
Queued import returned SourceDataChangedDuringImport, source files will be rescanned
Queued import returned SourceDataChangedDuringImport, source files will be rescanned
Queued import returned SourceDataChangedDuringImport, source files will be rescanned
Queued import returned SourceDataChangedDuringImport, source files will be rescanned
Queued import returned SourceDataChangedDuringImport, source files will be rescanned
Queued import returned SourceDataChangedDuringImport, source files will be rescanned
Queued import returned SourceDataChangedDuringImport, source files will be rescanned
Queued import returned SourceDataChangedDuringImport, source files will be rescanned
Queued import returned SourceDataChangedDuringImport, source files will be rescanned
Queued import returned SourceDataChangedDuringImport, source files will be rescanned
Queued import returned SourceDataChangedDuringImport, source files will be rescanned
Queued import returned SourceDataChangedDuringImport, source files will be rescanned
Queued import returned SourceDataChangedDuringImport, source files will be rescanned
Queued import returned SourceDataChangedDuringImport, source files will be rescanned
Queued import returned SourceDataChangedDuringImport, source files will be rescanned
Queued import returned SourceDataChangedDuringImport, source files will be rescanned
Queued import returned SourceDataChangedDuringImport, source files will be rescanned
Queued import returned SourceDataChangedDuringImport, source files will be rescanned
Queued import returned SourceDataChangedDuringImport, source files will be rescanned
Queued import returned SourceDataChangedDuringImport, source files will be rescanned
Queued import returned SourceDataChangedDuringImport, source files will be rescanned
Queued import returned SourceDataChangedDuringImport, source files will be rescanned
Queued import returned SourceDataChangedDuringImport, source files will be rescanned
Queued import returned SourceDataChangedDuringImport, source files will be rescanned
Queued import returned SourceDataChangedDuringImport, source files will be rescanned
Queued import returned SourceDataChangedDuringImport, source files will be rescanned
Queued import returned SourceDataChangedDuringImport, source files will be rescanned
Queued import returned SourceDataChangedDuringImport, source files will be rescanned
Queued import returned SourceDataChangedDuringImport, source files will be rescanned
Queued import returned SourceDataChangedDuringImport, source files will be rescanned
Queued import returned SourceDataChangedDuringImport, source files will be rescanned
Queued import returned SourceDataChangedDuringImport, source files will be rescanned
Queued import returned SourceDataChangedDuringImport, source files will be rescanned
Queued import returned SourceDataChangedDuringImport, source files will be rescanned
Queued import returned SourceDataChangedDuringImport, source files will be rescanned
Queued import returned SourceDataChangedDuringImport, source files will be rescanned
Queued import returned SourceDataChangedDuringImport, source files will be rescanned
Queued import returned SourceDataChangedDuringImport, source files will be rescanned
Queued import returned SourceDataChangedDuringImport, source files will be rescanned
Queued import returned SourceDataChangedDuringImport, source files will be rescanned
Queued import returned SourceDataChangedDuringImport, source files will be rescanned
Queued import returned SourceDataChangedDuringImport, source files will be rescanned
Queued import returned SourceDataChangedDuringImport, source files will be rescanned
Queued import returned SourceDataChangedDuringImport, source files will be rescanned
Queued import returned SourceDataChangedDuringImport, source files will be rescanned
Queued import returned SourceDataChangedDuringImport, source files will be rescanned
Queued import returned SourceDataChangedDuringImport, source files will be rescanned
Queued import returned SourceDataChangedDuringImport, source files will be rescanned
Queued import returned SourceDataChangedDuringImport, source files will be rescanned
Queued import returned SourceDataChangedDuringImport, source files will be rescanned
Queued import returned SourceDataChangedDuringImport, source files will be rescanned
Queued import returned SourceDataChangedDuringImport, source files will be rescanned
Queued import returned SourceDataChangedDuringImport, source files will be rescanned
Queued import returned SourceDataChangedDuringImport, source files will be rescanned
Queued import returned SourceDataChangedDuringImport, source files will be rescanned
Queued import returned SourceDataChangedDuringImport, source files will be rescanned
Queued import returned SourceDataChangedDuringImport, source files will be rescanned
Queued import returned SourceDataChangedDuringImport, source files will be rescanned
Queued import returned SourceDataChangedDuringImport, source files will be rescanned
Queued import returned SourceDataChangedDuringImport, source files will be rescanned
Queued import returned SourceDataChangedDuringImport, source files will be rescanned
Queued import returned SourceDataChangedDuringImport, source files will be rescanned
Queued import returned SourceDataChangedDuringImport, source files will be rescanned
Queued import returned SourceDataChangedDuringImport, source files will be rescanned
Queued import returned SourceDataChangedDuringImport, source files will be rescanned
Queued import returned SourceDataChangedDuringImport, source files will be rescanned
Queued import returned SourceDataChangedDuringImport, source files will be rescanned
Queued import returned SourceDataChangedDuringImport, source files will be rescanned
Queued import returned SourceDataChangedDuringImport, source files will be rescanned
Queued import returned SourceDataChangedDuringImport, source files will be rescanned
Queued import returned SourceDataChangedDuringImport, source files will be rescanned
Queued import returned SourceDataChangedDuringImport, source files will be rescanned
Queued import returned SourceDataChangedDuringImport, source files will be rescanned
Queued import returned SourceDataChangedDuringImport, source files will be rescanned
Queued import returned SourceDataChangedDuringImport, source files will be rescanned
Queued import returned SourceDataChangedDuringImport, source files will be rescanned
Queued import returned SourceDataChangedDuringImport, source files will be rescanned
Queued import returned SourceDataChangedDuringImport, source files will be rescanned
Queued import returned SourceDataChangedDuringImport, source files will be rescanned
Queued import returned SourceDataChangedDuringImport, source files will be rescanned
Queued import returned SourceDataChangedDuringImport, source files will be rescanned
Queued import returned SourceDataChangedDuringImport, source files will be rescanned
Queued import returned SourceDataChangedDuringImport, source files will be rescanned
Queued import returned SourceDataChangedDuringImport, source files will be rescanned
Queued import returned SourceDataChangedDuringImport, source files will be rescanned
Queued import returned SourceDataChangedDuringImport, source files will be rescanned
Queued import returned SourceDataChangedDuringImport, source files will be rescanned
Queued import returned SourceDataChangedDuringImport, source files will be rescanned
Queued import returned SourceDataChangedDuringImport, source files will be rescanned
Queued import returned SourceDataChangedDuringImport, source files will be rescanned
Queued import returned SourceDataChangedDuringImport, source files will be rescanned
Queued import returned SourceDataChangedDuringImport, source files will be rescanned
Queued import returned SourceDataChangedDuringImport, source files will be rescanned
Queued import returned SourceDataChangedDuringImport, source files will be rescanned
Queued import returned SourceDataChangedDuringImport, source files will be rescanned
Queued import returned SourceDataChangedDuringImport, source files will be rescanned
Queued import returned SourceDataChangedDuringImport, source files will be rescanned
Queued import returned SourceDataChangedDuringImport, source files will be rescanned
Queued import returned SourceDataChangedDuringImport, source files will be rescanned
Queued import returned SourceDataChangedDuringImport, source files will be rescanned
Queued import returned SourceDataChangedDuringImport, source files will be rescanned
Queued import returned SourceDataChangedDuringImport, source files will be rescanned
Queued import returned SourceDataChangedDuringImport, source files will be rescanned
Queued import returned SourceDataChangedDuringImport, source files will be rescanned
Queued import returned SourceDataChangedDuringImport, source files will be rescanned
Queued import returned SourceDataChangedDuringImport, source files will be rescanned
Queued import returned SourceDataChangedDuringImport, source files will be rescanned
Queued import returned SourceDataChangedDuringImport, source files will be rescanned
Queued import returned SourceDataChangedDuringImport, source files will be rescanned
Queued import returned SourceDataChangedDuringImport, source files will be rescanned
Queued import returned SourceDataChangedDuringImport, source files will be rescanned
Queued import returned SourceDataChangedDuringImport, source files will be rescanned
Queued import returned SourceDataChangedDuringImport, source files will be rescanned
Queued import returned SourceDataChangedDuringImport, source files will be rescanned
Queued import returned SourceDataChangedDuringImport, source files will be rescanned
Queued import returned SourceDataChangedDuringImport, source files will be rescanned
Queued import returned SourceDataChangedDuringImport, source files will be rescanned
Queued import returned SourceDataChangedDuringImport, source files will be rescanned
Queued import returned SourceDataChangedDuringImport, source files will be rescanned
Queued import returned SourceDataChangedDuringImport, source files will be rescanned
Queued import returned SourceDataChangedDuringImport, source files will be rescanned
Queued import returned SourceDataChangedDuringImport, source files will be rescanned
Queued import returned SourceDataChangedDuringImport, source files will be rescanned
Queued import returned SourceDataChangedDuringImport, source files will be rescanned
Queued import returned SourceDataChangedDuringImport, source files will be rescanned
Queued import returned SourceDataChangedDuringImport, source files will be rescanned
Queued import returned SourceDataChangedDuringImport, source files will be rescanned
Queued import returned SourceDataChangedDuringImport, source files will be rescanned
Queued import returned SourceDataChangedDuringImport, source files will be rescanned
Queued import returned SourceDataChangedDuringImport, source files will be rescanned
Queued import returned SourceDataChangedDuringImport, source files will be rescanned
Queued import returned SourceDataChangedDuringImport, source files will be rescanned
Queued import returned SourceDataChangedDuringImport, source files will be rescanned
Queued import returned SourceDataChangedDuringImport, source files will be rescanned
Queued import returned SourceDataChangedDuringImport, source files will be rescanned
Queued import returned SourceDataChangedDuringImport, source files will be rescanned
Queued import returned SourceDataChangedDuringImport, source files will be rescanned
Queued import returned SourceDataChangedDuringImport, source files will be rescanned
Queued import returned SourceDataChangedDuringImport, source files will be rescanned
Queued import returned SourceDataChangedDuringImport, source files will be rescanned
Queued import returned SourceDataChangedDuringImport, source files will be rescanned
Queued import returned SourceDataChangedDuringImport, source files will be rescanned
Queued import returned SourceDataChangedDuringImport, source files will be rescanned
Queued import returned SourceDataChangedDuringImport, source files will be rescanned
Queued import returned SourceDataChangedDuringImport, source files will be rescanned
Queued import returned SourceDataChangedDuringImport, source files will be rescanned
Queued import returned SourceDataChangedDuringImport, source files will be rescanned
Queued import returned SourceDataChangedDuringImport, source files will be rescanned
Queued import returned SourceDataChangedDuringImport, source files will be rescanned
Queued import returned SourceDataChangedDuringImport, source files will be rescanned
Queued import returned SourceDataChangedDuringImport, source files will be rescanned
Queued import returned SourceDataChangedDuringImport, source files will be rescanned
Queued import returned SourceDataChangedDuringImport, source files will be rescanned
Queued import returned SourceDataChangedDuringImport, source files will be rescanned
Queued import returned SourceDataChangedDuringImport, source files will be rescanned
Queued import returned SourceDataChangedDuringImport, source files will be rescanned
Queued import returned SourceDataChangedDuringImport, source files will be rescanned
Queued import returned SourceDataChangedDuringImport, source files will be rescanned
Queued import returned SourceDataChangedDuringImport, source files will be rescanned
Queued import returned SourceDataChangedDuringImport, source files will be rescanned
Queued import returned SourceDataChangedDuringImport, source files will be rescanned
Queued import returned SourceDataChangedDuringImport, source files will be rescanned
Queued import returned SourceDataChangedDuringImport, source files will be rescanned
Queued import returned SourceDataChangedDuringImport, source files will be rescanned
Queued import returned SourceDataChangedDuringImport, source files will be rescanned
Queued import returned SourceDataChangedDuringImport, source files will be rescanned
Queued import returned SourceDataChangedDuringImport, source files will be rescanned
Queued import returned SourceDataChangedDuringImport, source files will be rescanned
Queued import returned SourceDataChangedDuringImport, source files will be rescanned
Queued import returned SourceDataChangedDuringImport, source files will be rescanned
Queued import returned SourceDataChangedDuringImport, source files will be rescanned
Queued import returned SourceDataChangedDuringImport, source files will be rescanned
Queued import returned SourceDataChangedDuringImport, source files will be rescanned
Queued import returned SourceDataChangedDuringImport, source files will be rescanned
Queued import returned SourceDataChangedDuringImport, source files will be rescanned
Queued import returned SourceDataChangedDuringImport, source files will be rescanned
Queued import returned SourceDataChangedDuringImport, source files will be rescanned
Queued import returned SourceDataChangedDuringImport, source files will be rescanned
Queued import returned SourceDataChangedDuringImport, source files will be rescanned
Queued import returned SourceDataChangedDuringImport, source files will be rescanned
Queued import returned SourceDataChangedDuringImport, source files will be rescanned
Queued import returned SourceDataChangedDuringImport, source files will be rescanned
Queued import returned SourceDataChangedDuringImport, source files will be rescanned
Queued import returned SourceDataChangedDuringImport, source files will be rescanned
Queued import returned SourceDataChangedDuringImport, source files will be rescanned
Queued import returned SourceDataChangedDuringImport, source files will be rescanned
Queued import returned SourceDataChangedDuringImport, source files will be rescanned
Queued import returned SourceDataChangedDuringImport, source files will be rescanned
Queued import returned SourceDataChangedDuringImport, source files will be rescanned
Queued import returned SourceDataChangedDuringImport, source files will be rescanned
Queued import returned SourceDataChangedDuringImport, source files will be rescanned
Queued import returned SourceDataChangedDuringImport, source files will be rescanned
Queued import returned SourceDataChangedDuringImport, source files will be rescanned
Queued import returned SourceDataChangedDuringImport, source files will be rescanned
Queued import returned SourceDataChangedDuringImport, source files will be rescanned
Queued import returned SourceDataChangedDuringImport, source files will be rescanned
Queued import returned SourceDataChangedDuringImport, source files will be rescanned
Queued import returned SourceDataChangedDuringImport, source files will be rescanned
Queued import returned SourceDataChangedDuringImport, source files will be rescanned
Queued import returned SourceDataChangedDuringImport, source files will be rescanned
Queued import returned SourceDataChangedDuringImport, source files will be rescanned
Queued import returned SourceDataChangedDuringImport, source files will be rescanned
Queued import returned SourceDataChangedDuringImport, source files will be rescanned
Queued import returned SourceDataChangedDuringImport, source files will be rescanned
Queued import returned SourceDataChangedDuringImport, source files will be rescanned
Queued import returned SourceDataChangedDuringImport, source files will be rescanned
Queued import returned SourceDataChangedDuringImport, source files will be rescanned
Queued import returned SourceDataChangedDuringImport, source files will be rescanned
Queued import returned SourceDataChangedDuringImport, source files will be rescanned
Queued import returned SourceDataChangedDuringImport, source files will be rescanned
Queued import returned SourceDataChangedDuringImport, source files will be rescanned
Queued import returned SourceDataChangedDuringImport, source files will be rescanned
Queued import returned SourceDataChangedDuringImport, source files will be rescanned
Queued import returned SourceDataChangedDuringImport, source files will be rescanned
Queued import returned SourceDataChangedDuringImport, source files will be rescanned
Queued import returned SourceDataChangedDuringImport, source files will be rescanned
Queued import returned SourceDataChangedDuringImport, source files will be rescanned
Queued import returned SourceDataChangedDuringImport, source files will be rescanned
Queued import returned SourceDataChangedDuringImport, source files will be rescanned
Queued import returned SourceDataChangedDuringImport, source files will be rescanned
Queued import returned SourceDataChangedDuringImport, source files will be rescanned
Queued import returned SourceDataChangedDuringImport, source files will be rescanned
Queued import returned SourceDataChangedDuringImport, source files will be rescanned
Queued import returned SourceDataChangedDuringImport, source files will be rescanned
Queued import returned SourceDataChangedDuringImport, source files will be rescanned
Queued import returned SourceDataChangedDuringImport, source files will be rescanned
Queued import returned SourceDataChangedDuringImport, source files will be rescanned
Queued import returned SourceDataChangedDuringImport, source files will be rescanned
Queued import returned SourceDataChangedDuringImport, source files will be rescanned
Queued import returned SourceDataChangedDuringImport, source files will be rescanned
Queued import returned SourceDataChangedDuringImport, source files will be rescanned
Queued import returned SourceDataChangedDuringImport, source files will be rescanned
Queued import returned SourceDataChangedDuringImport, source files will be rescanned
Queued import returned SourceDataChangedDuringImport, source files will be rescanned
Queued import returned SourceDataChangedDuringImport, source files will be rescanned
Queued import returned SourceDataChangedDuringImport, source files will be rescanned
Queued import returned SourceDataChangedDuringImport, source files will be rescanned
Queued import returned SourceDataChangedDuringImport, source files will be rescanned
Queued import returned SourceDataChangedDuringImport, source files will be rescanned
Queued import returned SourceDataChangedDuringImport, source files will be rescanned
Queued import returned SourceDataChangedDuringImport, source files will be rescanned
Queued import returned SourceDataChangedDuringImport, source files will be rescanned
Queued import returned SourceDataChangedDuringImport, source files will be rescanned
Queued import returned SourceDataChangedDuringImport, source files will be rescanned
Queued import returned SourceDataChangedDuringImport, source files will be rescanned
Queued import returned SourceDataChangedDuringImport, source files will be rescanned
Queued import returned SourceDataChangedDuringImport, source files will be rescanned
Queued import returned SourceDataChangedDuringImport, source files will be rescanned
Queued import returned SourceDataChangedDuringImport, source files will be rescanned
Queued import returned SourceDataChangedDuringImport, source files will be rescanned
Queued import returned SourceDataChangedDuringImport, source files will be rescanned
Queued import returned SourceDataChangedDuringImport, source files will be rescanned
Queued import returned SourceDataChangedDuringImport, source files will be rescanned
Queued import returned SourceDataChangedDuringImport, source files will be rescanned
Queued import returned SourceDataChangedDuringImport, source files will be rescanned
Queued import returned SourceDataChangedDuringImport, source files will be rescanned
Queued import returned SourceDataChangedDuringImport, source files will be rescanned
Queued import returned SourceDataChangedDuringImport, source files will be rescanned
Queued import returned SourceDataChangedDuringImport, source files will be rescanned
Queued import returned SourceDataChangedDuringImport, source files will be rescanned
Queued import returned SourceDataChangedDuringImport, source files will be rescanned
Queued import returned SourceDataChangedDuringImport, source files will be rescanned
Queued import returned SourceDataChangedDuringImport, source files will be rescanned
Queued import returned SourceDataChangedDuringImport, source files will be rescanned
Queued import returned SourceDataChangedDuringImport, source files will be rescanned
Queued import returned SourceDataChangedDuringImport, source files will be rescanned
Queued import returned SourceDataChangedDuringImport, source files will be rescanned
Queued import returned SourceDataChangedDuringImport, source files will be rescanned
Queued import returned SourceDataChangedDuringImport, source files will be rescanned
Queued import returned SourceDataChangedDuringImport, source files will be rescanned
Queued import returned SourceDataChangedDuringImport, source files will be rescanned
Queued import returned SourceDataChangedDuringImport, source files will be rescanned
Queued import returned SourceDataChangedDuringImport, source files will be rescanned
Queued import returned SourceDataChangedDuringImport, source files will be rescanned
Queued import returned SourceDataChangedDuringImport, source files will be rescanned
Queued import returned SourceDataChangedDuringImport, source files will be rescanned
Queued import returned SourceDataChangedDuringImport, source files will be rescanned
Queued import returned SourceDataChangedDuringImport, source files will be rescanned
Queued import returned SourceDataChangedDuringImport, source files will be rescanned
Queued import returned SourceDataChangedDuringImport, source files will be rescanned
Queued import returned SourceDataChangedDuringImport, source files will be rescanned
Queued import returned SourceDataChangedDuringImport, source files will be rescanned
Queued import returned SourceDataChangedDuringImport, source files will be rescanned
Queued import returned SourceDataChangedDuringImport, source files will be rescanned
Queued import returned SourceDataChangedDuringImport, source files will be rescanned
Queued import returned SourceDataChangedDuringImport, source files will be rescanned
Queued import returned SourceDataChangedDuringImport, source files will be rescanned
Queued import returned SourceDataChangedDuringImport, source files will be rescanned
Queued import returned SourceDataChangedDuringImport, source files will be rescanned
Queued import returned SourceDataChangedDuringImport, source files will be rescanned
Queued import returned SourceDataChangedDuringImport, source files will be rescanned
Queued import returned SourceDataChangedDuringImport, source files will be rescanned
Queued import returned SourceDataChangedDuringImport, source files will be rescanned
Queued import returned SourceDataChangedDuringImport, source files will be rescanned
Queued import returned SourceDataChangedDuringImport, source files will be rescanned
Queued import returned SourceDataChangedDuringImport, source files will be rescanned
Queued import returned SourceDataChangedDuringImport, source files will be rescanned
Queued import returned SourceDataChangedDuringImport, source files will be rescanned
Queued import returned SourceDataChangedDuringImport, source files will be rescanned
Queued import returned SourceDataChangedDuringImport, source files will be rescanned
Queued import returned SourceDataChangedDuringImport, source files will be rescanned
Queued import returned SourceDataChangedDuringImport, source files will be rescanned
Queued import returned SourceDataChangedDuringImport, source files will be rescanned
Queued import returned SourceDataChangedDuringImport, source files will be rescanned
Queued import returned SourceDataChangedDuringImport, source files will be rescanned
Queued import returned SourceDataChangedDuringImport, source files will be rescanned
Queued import returned SourceDataChangedDuringImport, source files will be rescanned
Queued import returned SourceDataChangedDuringImport, source files will be rescanned
Queued import returned SourceDataChangedDuringImport, source files will be rescanned
Queued import returned SourceDataChangedDuringImport, source files will be rescanned
Queued import returned SourceDataChangedDuringImport, source files will be rescanned
Queued import returned SourceDataChangedDuringImport, source files will be rescanned
Queued import returned SourceDataChangedDuringImport, source files will be rescanned
Queued import returned SourceDataChangedDuringImport, source files will be rescanned
Queued import returned SourceDataChangedDuringImport, source files will be rescanned
Queued import returned SourceDataChangedDuringImport, source files will be rescanned
Queued import returned SourceDataChangedDuringImport, source files will be rescanned
Queued import returned SourceDataChangedDuringImport, source files will be rescanned
Queued import returned SourceDataChangedDuringImport, source files will be rescanned
Queued import returned SourceDataChangedDuringImport, source files will be rescanned
Queued import returned SourceDataChangedDuringImport, source files will be rescanned
Queued import returned SourceDataChangedDuringImport, source files will be rescanned
Queued import returned SourceDataChangedDuringImport, source files will be rescanned
Queued import returned SourceDataChangedDuringImport, source files will be rescanned
Queued import returned SourceDataChangedDuringImport, source files will be rescanned
Queued import returned SourceDataChangedDuringImport, source files will be rescanned
Queued import returned SourceDataChangedDuringImport, source files will be rescanned
Queued import returned SourceDataChangedDuringImport, source files will be rescanned
Queued import returned SourceDataChangedDuringImport, source files will be rescanned
Queued import returned SourceDataChangedDuringImport, source files will be rescanned
Queued import returned SourceDataChangedDuringImport, source files will be rescanned
Queued import returned SourceDataChangedDuringImport, source files will be rescanned
Queued import returned SourceDataChangedDuringImport, source files will be rescanned
Queued import returned SourceDataChangedDuringImport, source files will be rescanned
Queued import returned SourceDataChangedDuringImport, source files will be rescanned
Queued import returned SourceDataChangedDuringImport, source files will be rescanned
Queued import returned SourceDataChangedDuringImport, source files will be rescanned
Queued import returned SourceDataChangedDuringImport, source files will be rescanned
Queued import returned SourceDataChangedDuringImport, source files will be rescanned
Queued import returned SourceDataChangedDuringImport, source files will be rescanned
Queued import returned SourceDataChangedDuringImport, source files will be rescanned
Queued import returned SourceDataChangedDuringImport, source files will be rescanned
Queued import returned SourceDataChangedDuringImport, source files will be rescanned
Queued import returned SourceDataChangedDuringImport, source files will be rescanned
Queued import returned SourceDataChangedDuringImport, source files will be rescanned
Queued import returned SourceDataChangedDuringImport, source files will be rescanned
Queued import returned SourceDataChangedDuringImport, source files will be rescanned
Queued import returned SourceDataChangedDuringImport, source files will be rescanned
Queued import returned SourceDataChangedDuringImport, source files will be rescanned
Queued import returned SourceDataChangedDuringImport, source files will be rescanned
Queued import returned SourceDataChangedDuringImport, source files will be rescanned
Queued import returned SourceDataChangedDuringImport, source files will be rescanned
Queued import returned SourceDataChangedDuringImport, source files will be rescanned
Queued import returned SourceDataChangedDuringImport, source files will be rescanned
Queued import returned SourceDataChangedDuringImport, source files will be rescanned
Queued import returned SourceDataChangedDuringImport, source files will be rescanned
Queued import returned SourceDataChangedDuringImport, source files will be rescanned
Queued import returned SourceDataChangedDuringImport, source files will be rescanned
Queued import returned SourceDataChangedDuringImport, source files will be rescanned
Queued import returned SourceDataChangedDuringImport, source files will be rescanned
Queued import returned SourceDataChangedDuringImport, source files will be rescanned
Queued import returned SourceDataChangedDuringImport, source files will be rescanned
Queued import returned SourceDataChangedDuringImport, source files will be rescanned
Queued import returned SourceDataChangedDuringImport, source files will be rescanned
Queued import returned SourceDataChangedDuringImport, source files will be rescanned
Queued import returned SourceDataChangedDuringImport, source files will be rescanned
Queued import returned SourceDataChangedDuringImport, source files will be rescanned
Queued import returned SourceDataChangedDuringImport, source files will be rescanned
Queued import returned SourceDataChangedDuringImport, source files will be rescanned
Queued import returned SourceDataChangedDuringImport, source files will be rescanned
Queued import returned SourceDataChangedDuringImport, source files will be rescanned
Queued import returned SourceDataChangedDuringImport, source files will be rescanned
Queued import returned SourceDataChangedDuringImport, source files will be rescanned
Queued import returned SourceDataChangedDuringImport, source files will be rescanned
Queued import returned SourceDataChangedDuringImport, source files will be rescanned
Queued import returned SourceDataChangedDuringImport, source files will be rescanned
Queued import returned SourceDataChangedDuringImport, source files will be rescanned
Queued import returned SourceDataChangedDuringImport, source files will be rescanned
Queued import returned SourceDataChangedDuringImport, source files will be rescanned
Queued import returned SourceDataChangedDuringImport, source files will be rescanned
Queued import returned SourceDataChangedDuringImport, source files will be rescanned
Queued import returned SourceDataChangedDuringImport, source files will be rescanned
Queued import returned SourceDataChangedDuringImport, source files will be rescanned
Queued import returned SourceDataChangedDuringImport, source files will be rescanned
Queued import returned SourceDataChangedDuringImport, source files will be rescanned
Queued import returned SourceDataChangedDuringImport, source files will be rescanned
Queued import returned SourceDataChangedDuringImport, source files will be rescanned
Queued import returned SourceDataChangedDuringImport, source files will be rescanned
Queued import returned SourceDataChangedDuringImport, source files will be rescanned
Queued import returned SourceDataChangedDuringImport, source files will be rescanned
Queued import returned SourceDataChangedDuringImport, source files will be rescanned
Queued import returned SourceDataChangedDuringImport, source files will be rescanned
Queued import returned SourceDataChangedDuringImport, source files will be rescanned
Queued import returned SourceDataChangedDuringImport, source files will be rescanned
Queued import returned SourceDataChangedDuringImport, source files will be rescanned
Queued import returned SourceDataChangedDuringImport, source files will be rescanned
Queued import returned SourceDataChangedDuringImport, source files will be rescanned
Queued import returned SourceDataChangedDuringImport, source files will be rescanned
Queued import returned SourceDataChangedDuringImport, source files will be rescanned
Queued import returned SourceDataChangedDuringImport, source files will be rescanned
Queued import returned SourceDataChangedDuringImport, source files will be rescanned
Queued import returned SourceDataChangedDuringImport, source files will be rescanned
Queued import returned SourceDataChangedDuringImport, source files will be rescanned
Queued import returned SourceDataChangedDuringImport, source files will be rescanned
Queued import returned SourceDataChangedDuringImport, source files will be rescanned
Queued import returned SourceDataChangedDuringImport, source files will be rescanned
Queued import returned SourceDataChangedDuringImport, source files will be rescanned
Queued import returned SourceDataChangedDuringImport, source files will be rescanned
Queued import returned SourceDataChangedDuringImport, source files will be rescanned
Queued import returned SourceDataChangedDuringImport, source files will be rescanned
Queued import returned SourceDataChangedDuringImport, source files will be rescanned
Queued import returned SourceDataChangedDuringImport, source files will be rescanned
Queued import returned SourceDataChangedDuringImport, source files will be rescanned
Queued import returned SourceDataChangedDuringImport, source files will be rescanned
Queued import returned SourceDataChangedDuringImport, source files will be rescanned
Queued import returned SourceDataChangedDuringImport, source files will be rescanned
Queued import returned SourceDataChangedDuringImport, source files will be rescanned
Queued import returned SourceDataChangedDuringImport, source files will be rescanned
Queued import returned SourceDataChangedDuringImport, source files will be rescanned
Queued import returned SourceDataChangedDuringImport, source files will be rescanned
Queued import returned SourceDataChangedDuringImport, source files will be rescanned
Queued import returned SourceDataChangedDuringImport, source files will be rescanned
Queued import returned SourceDataChangedDuringImport, source files will be rescanned
Queued import returned SourceDataChangedDuringImport, source files will be rescanned
Queued import returned SourceDataChangedDuringImport, source files will be rescanned
Queued import returned SourceDataChangedDuringImport, source files will be rescanned
Queued import returned SourceDataChangedDuringImport, source files will be rescanned
Queued import returned SourceDataChangedDuringImport, source files will be rescanned
Queued import returned SourceDataChangedDuringImport, source files will be rescanned
Queued import returned SourceDataChangedDuringImport, source files will be rescanned
Queued import returned SourceDataChangedDuringImport, source files will be rescanned
Queued import returned SourceDataChangedDuringImport, source files will be rescanned
Queued import returned SourceDataChangedDuringImport, source files will be rescanned
Queued import returned SourceDataChangedDuringImport, source files will be rescanned
Queued import returned SourceDataChangedDuringImport, source files will be rescanned
Queued import returned SourceDataChangedDuringImport, source files will be rescanned
Queued import returned SourceDataChangedDuringImport, source files will be rescanned
Queued import returned SourceDataChangedDuringImport, source files will be rescanned
Queued import returned SourceDataChangedDuringImport, source files will be rescanned
Queued import returned SourceDataChangedDuringImport, source files will be rescanned
Queued import returned SourceDataChangedDuringImport, source files will be rescanned
Queued import returned SourceDataChangedDuringImport, source files will be rescanned
Queued import returned SourceDataChangedDuringImport, source files will be rescanned
Queued import returned SourceDataChangedDuringImport, source files will be rescanned
Queued import returned SourceDataChangedDuringImport, source files will be rescanned
Queued import returned SourceDataChangedDuringImport, source files will be rescanned
Queued import returned SourceDataChangedDuringImport, source files will be rescanned
Queued import returned SourceDataChangedDuringImport, source files will be rescanned
Queued import returned SourceDataChangedDuringImport, source files will be rescanned
Queued import returned SourceDataChangedDuringImport, source files will be rescanned
Queued import returned SourceDataChangedDuringImport, source files will be rescanned
Queued import returned SourceDataChangedDuringImport, source files will be rescanned
Queued import returned SourceDataChangedDuringImport, source files will be rescanned
Queued import returned SourceDataChangedDuringImport, source files will be rescanned
Queued import returned SourceDataChangedDuringImport, source files will be rescanned
Queued import returned SourceDataChangedDuringImport, source files will be rescanned
Queued import returned SourceDataChangedDuringImport, source files will be rescanned
Queued import returned SourceDataChangedDuringImport, source files will be rescanned
Queued import returned SourceDataChangedDuringImport, source files will be rescanned
Queued import returned SourceDataChangedDuringImport, source files will be rescanned
Queued import returned SourceDataChangedDuringImport, source files will be rescanned
Queued import returned SourceDataChangedDuringImport, source files will be rescanned
Queued import returned SourceDataChangedDuringImport, source files will be rescanned
Queued import returned SourceDataChangedDuringImport, source files will be rescanned
Queued import returned SourceDataChangedDuringImport, source files will be rescanned
Queued import returned SourceDataChangedDuringImport, source files will be rescanned
Queued import returned SourceDataChangedDuringImport, source files will be rescanned
Queued import returned SourceDataChangedDuringImport, source files will be rescanned
Queued import returned SourceDataChangedDuringImport, source files will be rescanned
Queued import returned SourceDataChangedDuringImport, source files will be rescanned
Queued import returned SourceDataChangedDuringImport, source files will be rescanned
Queued import returned SourceDataChangedDuringImport, source files will be rescanned
Queued import returned SourceDataChangedDuringImport, source files will be rescanned
Queued import returned SourceDataChangedDuringImport, source files will be rescanned
Queued import returned SourceDataChangedDuringImport, source files will be rescanned
Queued import returned SourceDataChangedDuringImport, source files will be rescanned
Queued import returned SourceDataChangedDuringImport, source files will be rescanned
Queued import returned SourceDataChangedDuringImport, source files will be rescanned
Queued import returned SourceDataChangedDuringImport, source files will be rescanned
Queued import returned SourceDataChangedDuringImport, source files will be rescanned
Queued import returned SourceDataChangedDuringImport, source files will be rescanned
Queued import returned SourceDataChangedDuringImport, source files will be rescanned
Queued import returned SourceDataChangedDuringImport, source files will be rescanned
Queued import returned SourceDataChangedDuringImport, source files will be rescanned
Queued import returned SourceDataChangedDuringImport, source files will be rescanned
Queued import returned SourceDataChangedDuringImport, source files will be rescanned
Queued import returned SourceDataChangedDuringImport, source files will be rescanned
Queued import returned SourceDataChangedDuringImport, source files will be rescanned
Queued import returned SourceDataChangedDuringImport, source files will be rescanned
Queued import returned SourceDataChangedDuringImport, source files will be rescanned
Queued import returned SourceDataChangedDuringImport, source files will be rescanned
Queued import returned SourceDataChangedDuringImport, source files will be rescanned
Queued import returned SourceDataChangedDuringImport, source files will be rescanned
Queued import returned SourceDataChangedDuringImport, source files will be rescanned
Queued import returned SourceDataChangedDuringImport, source files will be rescanned
Queued import returned SourceDataChangedDuringImport, source files will be rescanned
Queued import returned SourceDataChangedDuringImport, source files will be rescanned
Queued import returned SourceDataChangedDuringImport, source files will be rescanned
Queued import returned SourceDataChangedDuringImport, source files will be rescanned
Queued import returned SourceDataChangedDuringImport, source files will be rescanned
Queued import returned SourceDataChangedDuringImport, source files will be rescanned
Queued import returned SourceDataChangedDuringImport, source files will be rescanned
Queued import returned SourceDataChangedDuringImport, source files will be rescanned
Queued import returned SourceDataChangedDuringImport, source files will be rescanned
Queued import returned SourceDataChangedDuringImport, source files will be rescanned
Queued import returned SourceDataChangedDuringImport, source files will be rescanned
Queued import returned SourceDataChangedDuringImport, source files will be rescanned
Queued import returned SourceDataChangedDuringImport, source files will be rescanned
Queued import returned SourceDataChangedDuringImport, source files will be rescanned
Queued import returned SourceDataChangedDuringImport, source files will be rescanned
Queued import returned SourceDataChangedDuringImport, source files will be rescanned
Queued import returned SourceDataChangedDuringImport, source files will be rescanned
Queued import returned SourceDataChangedDuringImport, source files will be rescanned
Queued import returned SourceDataChangedDuringImport, source files will be rescanned
Queued import returned SourceDataChangedDuringImport, source files will be rescanned
Queued import returned SourceDataChangedDuringImport, source files will be rescanned
Queued import returned SourceDataChangedDuringImport, source files will be rescanned
Queued import returned SourceDataChangedDuringImport, source files will be rescanned
Queued import returned SourceDataChangedDuringImport, source files will be rescanned
Queued import returned SourceDataChangedDuringImport, source files will be rescanned
Queued import returned SourceDataChangedDuringImport, source files will be rescanned
Queued import returned SourceDataChangedDuringImport, source files will be rescanned
Queued import returned SourceDataChangedDuringImport, source files will be rescanned
Queued import returned SourceDataChangedDuringImport, source files will be rescanned
Queued import returned SourceDataChangedDuringImport, source files will be rescanned
Queued import returned SourceDataChangedDuringImport, source files will be rescanned
Queued import returned SourceDataChangedDuringImport, source files will be rescanned
Queued import returned SourceDataChangedDuringImport, source files will be rescanned
Queued import returned SourceDataChangedDuringImport, source files will be rescanned
Queued import returned SourceDataChangedDuringImport, source files will be rescanned
Queued import returned SourceDataChangedDuringImport, source files will be rescanned
Queued import returned SourceDataChangedDuringImport, source files will be rescanned
Queued import returned SourceDataChangedDuringImport, source files will be rescanned
Queued import returned SourceDataChangedDuringImport, source files will be rescanned
Queued import returned SourceDataChangedDuringImport, source files will be rescanned
Queued import returned SourceDataChangedDuringImport, source files will be rescanned
Queued import returned SourceDataChangedDuringImport, source files will be rescanned
Queued import returned SourceDataChangedDuringImport, source files will be rescanned
Queued import returned SourceDataChangedDuringImport, source files will be rescanned
Queued import returned SourceDataChangedDuringImport, source files will be rescanned
Queued import returned SourceDataChangedDuringImport, source files will be rescanned
Queued import returned SourceDataChangedDuringImport, source files will be rescanned
Queued import returned SourceDataChangedDuringImport, source files will be rescanned
Queued import returned SourceDataChangedDuringImport, source files will be rescanned
Queued import returned SourceDataChangedDuringImport, source files will be rescanned
Queued import returned SourceDataChangedDuringImport, source files will be rescanned
Queued import returned SourceDataChangedDuringImport, source files will be rescanned
Queued import returned SourceDataChangedDuringImport, source files will be rescanned
Queued import returned SourceDataChangedDuringImport, source files will be rescanned
Queued import returned SourceDataChangedDuringImport, source files will be rescanned
Queued import returned SourceDataChangedDuringImport, source files will be rescanned
Queued import returned SourceDataChangedDuringImport, source files will be rescanned
Queued import returned SourceDataChangedDuringImport, source files will be rescanned
Queued import returned SourceDataChangedDuringImport, source files will be rescanned
Queued import returned SourceDataChangedDuringImport, source files will be rescanned
Queued import returned SourceDataChangedDuringImport, source files will be rescanned
Queued import returned SourceDataChangedDuringImport, source files will be rescanned
Queued import returned SourceDataChangedDuringImport, source files will be rescanned
Queued import returned SourceDataChangedDuringImport, source files will be rescanned
Queued import returned SourceDataChangedDuringImport, source files will be rescanned
Queued import returned SourceDataChangedDuringImport, source files will be rescanned
Queued import returned SourceDataChangedDuringImport, source files will be rescanned
Queued import returned SourceDataChangedDuringImport, source files will be rescanned
Queued import returned SourceDataChangedDuringImport, source files will be rescanned
Queued import returned SourceDataChangedDuringImport, source files will be rescanned
Queued import returned SourceDataChangedDuringImport, source files will be rescanned
Queued import returned SourceDataChangedDuringImport, source files will be rescanned
Queued import returned SourceDataChangedDuringImport, source files will be rescanned
Queued import returned SourceDataChangedDuringImport, source files will be rescanned
Queued import returned SourceDataChangedDuringImport, source files will be rescanned
Queued import returned SourceDataChangedDuringImport, source files will be rescanned
Queued import returned SourceDataChangedDuringImport, source files will be rescanned
Queued import returned SourceDataChangedDuringImport, source files will be rescanned
Queued import returned SourceDataChangedDuringImport, source files will be rescanned
Queued import returned SourceDataChangedDuringImport, source files will be rescanned
Queued import returned SourceDataChangedDuringImport, source files will be rescanned
Queued import returned SourceDataChangedDuringImport, source files will be rescanned
Queued import returned SourceDataChangedDuringImport, source files will be rescanned
Queued import returned SourceDataChangedDuringImport, source files will be rescanned
Queued import returned SourceDataChangedDuringImport, source files will be rescanned
Queued import returned SourceDataChangedDuringImport, source files will be rescanned
Queued import returned SourceDataChangedDuringImport, source files will be rescanned
Queued import returned SourceDataChangedDuringImport, source files will be rescanned
Queued import returned SourceDataChangedDuringImport, source files will be rescanned
Queued import returned SourceDataChangedDuringImport, source files will be rescanned
Queued import returned SourceDataChangedDuringImport, source files will be rescanned
Queued import returned SourceDataChangedDuringImport, source files will be rescanned
Queued import returned SourceDataChangedDuringImport, source files will be rescanned
Queued import returned SourceDataChangedDuringImport, source files will be rescanned
Queued import returned SourceDataChangedDuringImport, source files will be rescanned
Queued import returned SourceDataChangedDuringImport, source files will be rescanned
Queued import returned SourceDataChangedDuringImport, source files will be rescanned
Queued import returned SourceDataChangedDuringImport, source files will be rescanned
Queued import returned SourceDataChangedDuringImport, source files will be rescanned
Queued import returned SourceDataChangedDuringImport, source files will be rescanned
Queued import returned SourceDataChangedDuringImport, source files will be rescanned
Queued import returned SourceDataChangedDuringImport, source files will be rescanned
Queued import returned SourceDataChangedDuringImport, source files will be rescanned
Queued import returned SourceDataChangedDuringImport, source files will be rescanned
Queued import returned SourceDataChangedDuringImport, source files will be rescanned
Queued import returned SourceDataChangedDuringImport, source files will be rescanned
Queued import returned SourceDataChangedDuringImport, source files will be rescanned
Queued import returned SourceDataChangedDuringImport, source files will be rescanned
Queued import returned SourceDataChangedDuringImport, source files will be rescanned
Queued import returned SourceDataChangedDuringImport, source files will be rescanned
Queued import returned SourceDataChangedDuringImport, source files will be rescanned
Queued import returned SourceDataChangedDuringImport, source files will be rescanned
Queued import returned SourceDataChangedDuringImport, source files will be rescanned
Queued import returned SourceDataChangedDuringImport, source files will be rescanned
Queued import returned SourceDataChangedDuringImport, source files will be rescanned
Queued import returned SourceDataChangedDuringImport, source files will be rescanned
Queued import returned SourceDataChangedDuringImport, source files will be rescanned
Queued import returned SourceDataChangedDuringImport, source files will be rescanned
Queued import returned SourceDataChangedDuringImport, source files will be rescanned
Queued import returned SourceDataChangedDuringImport, source files will be rescanned
Queued import returned SourceDataChangedDuringImport, source files will be rescanned
Queued import returned SourceDataChangedDuringImport, source files will be rescanned
Queued import returned SourceDataChangedDuringImport, source files will be rescanned
Queued import returned SourceDataChangedDuringImport, source files will be rescanned
Queued import returned SourceDataChangedDuringImport, source files will be rescanned
Queued import returned SourceDataChangedDuringImport, source files will be rescanned
Queued import returned SourceDataChangedDuringImport, source files will be rescanned
Queued import returned SourceDataChangedDuringImport, source files will be rescanned
Queued import returned SourceDataChangedDuringImport, source files will be rescanned
Queued import returned SourceDataChangedDuringImport, source files will be rescanned
Queued import returned SourceDataChangedDuringImport, source files will be rescanned
Queued import returned SourceDataChangedDuringImport, source files will be rescanned
Queued import returned SourceDataChangedDuringImport, source files will be rescanned
Queued import returned SourceDataChangedDuringImport, source files will be rescanned
Queued import returned SourceDataChangedDuringImport, source files will be rescanned
Queued import returned SourceDataChangedDuringImport, source files will be rescanned
Queued import returned SourceDataChangedDuringImport, source files will be rescanned
Queued import returned SourceDataChangedDuringImport, source files will be rescanned
Queued import returned SourceDataChangedDuringImport, source files will be rescanned
Queued import returned SourceDataChangedDuringImport, source files will be rescanned
Queued import returned SourceDataChangedDuringImport, source files will be rescanned
Queued import returned SourceDataChangedDuringImport, source files will be rescanned
Queued import returned SourceDataChangedDuringImport, source files will be rescanned
Queued import returned SourceDataChangedDuringImport, source files will be rescanned
Queued import returned SourceDataChangedDuringImport, source files will be rescanned
Queued import returned SourceDataChangedDuringImport, source files will be rescanned
Queued import returned SourceDataChangedDuringImport, source files will be rescanned
Queued import returned SourceDataChangedDuringImport, source files will be rescanned
Queued import returned SourceDataChangedDuringImport, source files will be rescanned
Queued import returned SourceDataChangedDuringImport, source files will be rescanned
Queued import returned SourceDataChangedDuringImport, source files will be rescanned
Queued import returned SourceDataChangedDuringImport, source files will be rescanned
Queued import returned SourceDataChangedDuringImport, source files will be rescanned
Queued import returned SourceDataChangedDuringImport, source files will be rescanned
Queued import returned SourceDataChangedDuringImport, source files will be rescanned
Queued import returned SourceDataChangedDuringImport, source files will be rescanned
Queued import returned SourceDataChangedDuringImport, source files will be rescanned
Queued import returned SourceDataChangedDuringImport, source files will be rescanned
Queued import returned SourceDataChangedDuringImport, source files will be rescanned
Queued import returned SourceDataChangedDuringImport, source files will be rescanned
Queued import returned SourceDataChangedDuringImport, source files will be rescanned
Queued import returned SourceDataChangedDuringImport, source files will be rescanned
Queued import returned SourceDataChangedDuringImport, source files will be rescanned
Queued import returned SourceDataChangedDuringImport, source files will be rescanned
Queued import returned SourceDataChangedDuringImport, source files will be rescanned
Queued import returned SourceDataChangedDuringImport, source files will be rescanned
Queued import returned SourceDataChangedDuringImport, source files will be rescanned
Queued import returned SourceDataChangedDuringImport, source files will be rescanned
Queued import returned SourceDataChangedDuringImport, source files will be rescanned
Queued import returned SourceDataChangedDuringImport, source files will be rescanned
Queued import returned SourceDataChangedDuringImport, source files will be rescanned
Queued import returned SourceDataChangedDuringImport, source files will be rescanned
Queued import returned SourceDataChangedDuringImport, source files will be rescanned
Queued import returned SourceDataChangedDuringImport, source files will be rescanned
Queued import returned SourceDataChangedDuringImport, source files will be rescanned
Queued import returned SourceDataChangedDuringImport, source files will be rescanned
Queued import returned SourceDataChangedDuringImport, source files will be rescanned
Queued import returned SourceDataChangedDuringImport, source files will be rescanned
Queued import returned SourceDataChangedDuringImport, source files will be rescanned
Queued import returned SourceDataChangedDuringImport, source files will be rescanned
Queued import returned SourceDataChangedDuringImport, source files will be rescanned
Queued import returned SourceDataChangedDuringImport, source files will be rescanned
Queued import returned SourceDataChangedDuringImport, source files will be rescanned
Queued import returned SourceDataChangedDuringImport, source files will be rescanned
Queued import returned SourceDataChangedDuringImport, source files will be rescanned
Queued import returned SourceDataChangedDuringImport, source files will be rescanned
Queued import returned SourceDataChangedDuringImport, source files will be rescanned
Queued import returned SourceDataChangedDuringImport, source files will be rescanned
Queued import returned SourceDataChangedDuringImport, source files will be rescanned
Queued import returned SourceDataChangedDuringImport, source files will be rescanned
Queued import returned SourceDataChangedDuringImport, source files will be rescanned
Queued import returned SourceDataChangedDuringImport, source files will be rescanned
Queued import returned SourceDataChangedDuringImport, source files will be rescanned
Queued import returned SourceDataChangedDuringImport, source files will be rescanned
Queued import returned SourceDataChangedDuringImport, source files will be rescanned
Queued import returned SourceDataChangedDuringImport, source files will be rescanned
Queued import returned SourceDataChangedDuringImport, source files will be rescanned
Queued import returned SourceDataChangedDuringImport, source files will be rescanned
Queued import returned SourceDataChangedDuringImport, source files will be rescanned
Queued import returned SourceDataChangedDuringImport, source files will be rescanned
Queued import returned SourceDataChangedDuringImport, source files will be rescanned
Queued import returned SourceDataChangedDuringImport, source files will be rescanned
Queued import returned SourceDataChangedDuringImport, source files will be rescanned
Queued import returned SourceDataChangedDuringImport, source files will be rescanned
Queued import returned SourceDataChangedDuringImport, source files will be rescanned
Queued import returned SourceDataChangedDuringImport, source files will be rescanned
Queued import returned SourceDataChangedDuringImport, source files will be rescanned
Queued import returned SourceDataChangedDuringImport, source files will be rescanned
Queued import returned SourceDataChangedDuringImport, source files will be rescanned
Queued import returned SourceDataChangedDuringImport, source files will be rescanned
Queued import returned SourceDataChangedDuringImport, source files will be rescanned
Queued import returned SourceDataChangedDuringImport, source files will be rescanned
Queued import returned SourceDataChangedDuringImport, source files will be rescanned
Queued import returned SourceDataChangedDuringImport, source files will be rescanned
Queued import returned SourceDataChangedDuringImport, source files will be rescanned
Queued import returned SourceDataChangedDuringImport, source files will be rescanned
Queued import returned SourceDataChangedDuringImport, source files will be rescanned
Queued import returned SourceDataChangedDuringImport, source files will be rescanned
Queued import returned SourceDataChangedDuringImport, source files will be rescanned
Queued import returned SourceDataChangedDuringImport, source files will be rescanned
Queued import returned SourceDataChangedDuringImport, source files will be rescanned
Queued import returned SourceDataChangedDuringImport, source files will be rescanned
Queued import returned SourceDataChangedDuringImport, source files will be rescanned
Queued import returned SourceDataChangedDuringImport, source files will be rescanned
Queued import returned SourceDataChangedDuringImport, source files will be rescanned
Queued import returned SourceDataChangedDuringImport, source files will be rescanned
Queued import returned SourceDataChangedDuringImport, source files will be rescanned
Queued import returned SourceDataChangedDuringImport, source files will be rescanned
Queued import returned SourceDataChangedDuringImport, source files will be rescanned
Queued import returned SourceDataChangedDuringImport, source files will be rescanned
Queued import returned SourceDataChangedDuringImport, source files will be rescanned
Queued import returned SourceDataChangedDuringImport, source files will be rescanned
Queued import returned SourceDataChangedDuringImport, source files will be rescanned
Queued import returned SourceDataChangedDuringImport, source files will be rescanned
Queued import returned SourceDataChangedDuringImport, source files will be rescanned
Queued import returned SourceDataChangedDuringImport, source files will be rescanned
Queued import returned SourceDataChangedDuringImport, source files will be rescanned
Queued import returned SourceDataChangedDuringImport, source files will be rescanned
Queued import returned SourceDataChangedDuringImport, source files will be rescanned
Queued import returned SourceDataChangedDuringImport, source files will be rescanned
Queued import returned SourceDataChangedDuringImport, source files will be rescanned
Queued import returned SourceDataChangedDuringImport, source files will be rescanned
Queued import returned SourceDataChangedDuringImport, source files will be rescanned
Queued import returned SourceDataChangedDuringImport, source files will be rescanned
Queued import returned SourceDataChangedDuringImport, source files will be rescanned
Queued import returned SourceDataChangedDuringImport, source files will be rescanned
Queued import returned SourceDataChangedDuringImport, source files will be rescanned
Queued import returned SourceDataChangedDuringImport, source files will be rescanned
Queued import returned SourceDataChangedDuringImport, source files will be rescanned
Queued import returned SourceDataChangedDuringImport, source files will be rescanned
Queued import returned SourceDataChangedDuringImport, source files will be rescanned
Queued import returned SourceDataChangedDuringImport, source files will be rescanned
Queued import returned SourceDataChangedDuringImport, source files will be rescanned
Queued import returned SourceDataChangedDuringImport, source files will be rescanned
Queued import returned SourceDataChangedDuringImport, source files will be rescanned
Queued import returned SourceDataChangedDuringImport, source files will be rescanned
Queued import returned SourceDataChangedDuringImport, source files will be rescanned
Queued import returned SourceDataChangedDuringImport, source files will be rescanned
Queued import returned SourceDataChangedDuringImport, source files will be rescanned
Queued import returned SourceDataChangedDuringImport, source files will be rescanned
Queued import returned SourceDataChangedDuringImport, source files will be rescanned
Queued import returned SourceDataChangedDuringImport, source files will be rescanned
Queued import returned SourceDataChangedDuringImport, source files will be rescanned
Queued import returned SourceDataChangedDuringImport, source files will be rescanned
Queued import returned SourceDataChangedDuringImport, source files will be rescanned
Queued import returned SourceDataChangedDuringImport, source files will be rescanned
Queued import returned SourceDataChangedDuringImport, source files will be rescanned
Queued import returned SourceDataChangedDuringImport, source files will be rescanned
Queued import returned SourceDataChangedDuringImport, source files will be rescanned
Queued import returned SourceDataChangedDuringImport, source files will be rescanned
Queued import returned SourceDataChangedDuringImport, source files will be rescanned
Queued import returned SourceDataChangedDuringImport, source files will be rescanned
Queued import returned SourceDataChangedDuringImport, source files will be rescanned
Queued import returned SourceDataChangedDuringImport, source files will be rescanned
Queued import returned SourceDataChangedDuringImport, source files will be rescanned
Queued import returned SourceDataChangedDuringImport, source files will be rescanned
Queued import returned SourceDataChangedDuringImport, source files will be rescanned
Queued import returned SourceDataChangedDuringImport, source files will be rescanned
Queued import returned SourceDataChangedDuringImport, source files will be rescanned
Queued import returned SourceDataChangedDuringImport, source files will be rescanned
Queued import returned SourceDataChangedDuringImport, source files will be rescanned
Queued import returned SourceDataChangedDuringImport, source files will be rescanned
Queued import returned SourceDataChangedDuringImport, source files will be rescanned
Queued import returned SourceDataChangedDuringImport, source files will be rescanned
Queued import returned SourceDataChangedDuringImport, source files will be rescanned
Queued import returned SourceDataChangedDuringImport, source files will be rescanned
Queued import returned SourceDataChangedDuringImport, source files will be rescanned
Queued import returned SourceDataChangedDuringImport, source files will be rescanned
Queued import returned SourceDataChangedDuringImport, source files will be rescanned
Queued import returned SourceDataChangedDuringImport, source files will be rescanned
Queued import returned SourceDataChangedDuringImport, source files will be rescanned
Queued import returned SourceDataChangedDuringImport, source files will be rescanned
Queued import returned SourceDataChangedDuringImport, source files will be rescanned
Queued import returned SourceDataChangedDuringImport, source files will be rescanned
Queued import returned SourceDataChangedDuringImport, source files will be rescanned
Queued import returned SourceDataChangedDuringImport, source files will be rescanned
Queued import returned SourceDataChangedDuringImport, source files will be rescanned
Queued import returned SourceDataChangedDuringImport, source files will be rescanned
Queued import returned SourceDataChangedDuringImport, source files will be rescanned
Queued import returned SourceDataChangedDuringImport, source files will be rescanned
Queued import returned SourceDataChangedDuringImport, source files will be rescanned
Queued import returned SourceDataChangedDuringImport, source files will be rescanned
Queued import returned SourceDataChangedDuringImport, source files will be rescanned
Queued import returned SourceDataChangedDuringImport, source files will be rescanned
Queued import returned SourceDataChangedDuringImport, source files will be rescanned
Queued import returned SourceDataChangedDuringImport, source files will be rescanned
Queued import returned SourceDataChangedDuringImport, source files will be rescanned
Queued import returned SourceDataChangedDuringImport, source files will be rescanned
Queued import returned SourceDataChangedDuringImport, source files will be rescanned
Queued import returned SourceDataChangedDuringImport, source files will be rescanned
Queued import returned SourceDataChangedDuringImport, source files will be rescanned
Queued import returned SourceDataChangedDuringImport, source files will be rescanned
Queued import returned SourceDataChangedDuringImport, source files will be rescanned
Queued import returned SourceDataChangedDuringImport, source files will be rescanned
Queued import returned SourceDataChangedDuringImport, source files will be rescanned
Queued import returned SourceDataChangedDuringImport, source files will be rescanned
Queued import returned SourceDataChangedDuringImport, source files will be rescanned
Queued import returned SourceDataChangedDuringImport, source files will be rescanned
Queued import returned SourceDataChangedDuringImport, source files will be rescanned
Queued import returned SourceDataChangedDuringImport, source files will be rescanned
Queued import returned SourceDataChangedDuringImport, source files will be rescanned
Queued import returned SourceDataChangedDuringImport, source files will be rescanned
Queued import returned SourceDataChangedDuringImport, source files will be rescanned
Queued import returned SourceDataChangedDuringImport, source files will be rescanned
Queued import returned SourceDataChangedDuringImport, source files will be rescanned
Queued import returned SourceDataChangedDuringImport, source files will be rescanned
Queued import returned SourceDataChangedDuringImport, source files will be rescanned
Queued import returned SourceDataChangedDuringImport, source files will be rescanned
Queued import returned SourceDataChangedDuringImport, source files will be rescanned
Queued import returned SourceDataChangedDuringImport, source files will be rescanned
Queued import returned SourceDataChangedDuringImport, source files will be rescanned
Queued import returned SourceDataChangedDuringImport, source files will be rescanned
Queued import returned SourceDataChangedDuringImport, source files will be rescanned
Queued import returned SourceDataChangedDuringImport, source files will be rescanned
Queued import returned SourceDataChangedDuringImport, source files will be rescanned
Queued import returned SourceDataChangedDuringImport, source files will be rescanned
Queued import returned SourceDataChangedDuringImport, source files will be rescanned
Queued import returned SourceDataChangedDuringImport, source files will be rescanned
Queued import returned SourceDataChangedDuringImport, source files will be rescanned
Queued import returned SourceDataChangedDuringImport, source files will be rescanned
Queued import returned SourceDataChangedDuringImport, source files will be rescanned
Queued import returned SourceDataChangedDuringImport, source files will be rescanned
Queued import returned SourceDataChangedDuringImport, source files will be rescanned
Queued import returned SourceDataChangedDuringImport, source files will be rescanned
Queued import returned SourceDataChangedDuringImport, source files will be rescanned
Queued import returned SourceDataChangedDuringImport, source files will be rescanned
Queued import returned SourceDataChangedDuringImport, source files will be rescanned
Queued import returned SourceDataChangedDuringImport, source files will be rescanned
Queued import returned SourceDataChangedDuringImport, source files will be rescanned
Queued import returned SourceDataChangedDuringImport, source files will be rescanned
Queued import returned SourceDataChangedDuringImport, source files will be rescanned
Queued import returned SourceDataChangedDuringImport, source files will be rescanned
Queued import returned SourceDataChangedDuringImport, source files will be rescanned
Queued import returned SourceDataChangedDuringImport, source files will be rescanned
Queued import returned SourceDataChangedDuringImport, source files will be rescanned
Queued import returned SourceDataChangedDuringImport, source files will be rescanned
Queued import returned SourceDataChangedDuringImport, source files will be rescanned
Queued import returned SourceDataChangedDuringImport, source files will be rescanned
Queued import returned SourceDataChangedDuringImport, source files will be rescanned
Queued import returned SourceDataChangedDuringImport, source files will be rescanned
Queued import returned SourceDataChangedDuringImport, source files will be rescanned
Queued import returned SourceDataChangedDuringImport, source files will be rescanned
Queued import returned SourceDataChangedDuringImport, source files will be rescanned
Queued import returned SourceDataChangedDuringImport, source files will be rescanned
Queued import returned SourceDataChangedDuringImport, source files will be rescanned
Queued import returned SourceDataChangedDuringImport, source files will be rescanned
Queued import returned SourceDataChangedDuringImport, source files will be rescanned
Queued import returned SourceDataChangedDuringImport, source files will be rescanned
Queued import returned SourceDataChangedDuringImport, source files will be rescanned
Queued import returned SourceDataChangedDuringImport, source files will be rescanned
Queued import returned SourceDataChangedDuringImport, source files will be rescanned
Queued import returned SourceDataChangedDuringImport, source files will be rescanned
Queued import returned SourceDataChangedDuringImport, source files will be rescanned
Queued import returned SourceDataChangedDuringImport, source files will be rescanned
Queued import returned SourceDataChangedDuringImport, source files will be rescanned
Queued import returned SourceDataChangedDuringImport, source files will be rescanned
Queued import returned SourceDataChangedDuringImport, source files will be rescanned
Queued import returned SourceDataChangedDuringImport, source files will be rescanned
Queued import returned SourceDataChangedDuringImport, source files will be rescanned
Queued import returned SourceDataChangedDuringImport, source files will be rescanned
Queued import returned SourceDataChangedDuringImport, source files will be rescanned
Queued import returned SourceDataChangedDuringImport, source files will be rescanned
Queued import returned SourceDataChangedDuringImport, source files will be rescanned
Queued import returned SourceDataChangedDuringImport, source files will be rescanned
Queued import returned SourceDataChangedDuringImport, source files will be rescanned
Queued import returned SourceDataChangedDuringImport, source files will be rescanned
Queued import returned SourceDataChangedDuringImport, source files will be rescanned
Queued import returned SourceDataChangedDuringImport, source files will be rescanned
Queued import returned SourceDataChangedDuringImport, source files will be rescanned
Queued import returned SourceDataChangedDuringImport, source files will be rescanned
Queued import returned SourceDataChangedDuringImport, source files will be rescanned
Queued import returned SourceDataChangedDuringImport, source files will be rescanned
Queued import returned SourceDataChangedDuringImport, source files will be rescanned
Queued import returned SourceDataChangedDuringImport, source files will be rescanned
Queued import returned SourceDataChangedDuringImport, source files will be rescanned
Queued import returned SourceDataChangedDuringImport, source files will be rescanned
Queued import returned SourceDataChangedDuringImport, source files will be rescanned
Queued import returned SourceDataChangedDuringImport, source files will be rescanned
Queued import returned SourceDataChangedDuringImport, source files will be rescanned
Queued import returned SourceDataChangedDuringImport, source files will be rescanned
Queued import returned SourceDataChangedDuringImport, source files will be rescanned
Queued import returned SourceDataChangedDuringImport, source files will be rescanned
Queued import returned SourceDataChangedDuringImport, source files will be rescanned
Queued import returned SourceDataChangedDuringImport, source files will be rescanned
Queued import returned SourceDataChangedDuringImport, source files will be rescanned
Queued import returned SourceDataChangedDuringImport, source files will be rescanned
Queued import returned SourceDataChangedDuringImport, source files will be rescanned
Queued import returned SourceDataChangedDuringImport, source files will be rescanned
Queued import returned SourceDataChangedDuringImport, source files will be rescanned
Queued import returned SourceDataChangedDuringImport, source files will be rescanned
Queued import returned SourceDataChangedDuringImport, source files will be rescanned
Queued import returned SourceDataChangedDuringImport, source files will be rescanned
Queued import returned SourceDataChangedDuringImport, source files will be rescanned
Queued import returned SourceDataChangedDuringImport, source files will be rescanned
Queued import returned SourceDataChangedDuringImport, source files will be rescanned
Queued import returned SourceDataChangedDuringImport, source files will be rescanned
Queued import returned SourceDataChangedDuringImport, source files will be rescanned
Queued import returned SourceDataChangedDuringImport, source files will be rescanned
Queued import returned SourceDataChangedDuringImport, source files will be rescanned
Queued import returned SourceDataChangedDuringImport, source files will be rescanned
Queued import returned SourceDataChangedDuringImport, source files will be rescanned
Queued import returned SourceDataChangedDuringImport, source files will be rescanned
Queued import returned SourceDataChangedDuringImport, source files will be rescanned
Queued import returned SourceDataChangedDuringImport, source files will be rescanned
Queued import returned SourceDataChangedDuringImport, source files will be rescanned
Queued import returned SourceDataChangedDuringImport, source files will be rescanned
Queued import returned SourceDataChangedDuringImport, source files will be rescanned
Queued import returned SourceDataChangedDuringImport, source files will be rescanned
Queued import returned SourceDataChangedDuringImport, source files will be rescanned
Queued import returned SourceDataChangedDuringImport, source files will be rescanned
Queued import returned SourceDataChangedDuringImport, source files will be rescanned
Queued import returned SourceDataChangedDuringImport, source files will be rescanned
Queued import returned SourceDataChangedDuringImport, source files will be rescanned
Queued import returned SourceDataChangedDuringImport, source files will be rescanned
Queued import returned SourceDataChangedDuringImport, source files will be rescanned
Queued import returned SourceDataChangedDuringImport, source files will be rescanned
Queued import returned SourceDataChangedDuringImport, source files will be rescanned
Queued import returned SourceDataChangedDuringImport, source files will be rescanned
Queued import returned SourceDataChangedDuringImport, source files will be rescanned
Queued import returned SourceDataChangedDuringImport, source files will be rescanned
Queued import returned SourceDataChangedDuringImport, source files will be rescanned
Queued import returned SourceDataChangedDuringImport, source files will be rescanned
Queued import returned SourceDataChangedDuringImport, source files will be rescanned
Queued import returned SourceDataChangedDuringImport, source files will be rescanned
Queued import returned SourceDataChangedDuringImport, source files will be rescanned
Queued import returned SourceDataChangedDuringImport, source files will be rescanned
Queued import returned SourceDataChangedDuringImport, source files will be rescanned
Queued import returned SourceDataChangedDuringImport, source files will be rescanned
Queued import returned SourceDataChangedDuringImport, source files will be rescanned
Queued import returned SourceDataChangedDuringImport, source files will be rescanned
Queued import returned SourceDataChangedDuringImport, source files will be rescanned
Queued import returned SourceDataChangedDuringImport, source files will be rescanned
Queued import returned SourceDataChangedDuringImport, source files will be rescanned
Queued import returned SourceDataChangedDuringImport, source files will be rescanned
Queued import returned SourceDataChangedDuringImport, source files will be rescanned
Queued import returned SourceDataChangedDuringImport, source files will be rescanned
Queued import returned SourceDataChangedDuringImport, source files will be rescanned
Queued import returned SourceDataChangedDuringImport, source files will be rescanned
Queued import returned SourceDataChangedDuringImport, source files will be rescanned
Queued import returned SourceDataChangedDuringImport, source files will be rescanned
Queued import returned SourceDataChangedDuringImport, source files will be rescanned
Queued import returned SourceDataChangedDuringImport, source files will be rescanned
Queued import returned SourceDataChangedDuringImport, source files will be rescanned
Queued import returned SourceDataChangedDuringImport, source files will be rescanned
Queued import returned SourceDataChangedDuringImport, source files will be rescanned
Queued import returned SourceDataChangedDuringImport, source files will be rescanned
Queued import returned SourceDataChangedDuringImport, source files will be rescanned
Queued import returned SourceDataChangedDuringImport, source files will be rescanned
Queued import returned SourceDataChangedDuringImport, source files will be rescanned
Queued import returned SourceDataChangedDuringImport, source files will be rescanned
Queued import returned SourceDataChangedDuringImport, source files will be rescanned
Queued import returned SourceDataChangedDuringImport, source files will be rescanned
Queued import returned SourceDataChangedDuringImport, source files will be rescanned
Queued import returned SourceDataChangedDuringImport, source files will be rescanned
Queued import returned SourceDataChangedDuringImport, source files will be rescanned
Queued import returned SourceDataChangedDuringImport, source files will be rescanned
Queued import returned SourceDataChangedDuringImport, source files will be rescanned
Queued import returned SourceDataChangedDuringImport, source files will be rescanned
Queued import returned SourceDataChangedDuringImport, source files will be rescanned
Queued import returned SourceDataChangedDuringImport, source files will be rescanned
Queued import returned SourceDataChangedDuringImport, source files will be rescanned
Queued import returned SourceDataChangedDuringImport, source files will be rescanned
Queued import returned SourceDataChangedDuringImport, source files will be rescanned
Queued import returned SourceDataChangedDuringImport, source files will be rescanned
Queued import returned SourceDataChangedDuringImport, source files will be rescanned
Queued import returned SourceDataChangedDuringImport, source files will be rescanned
Queued import returned SourceDataChangedDuringImport, source files will be rescanned
Queued import returned SourceDataChangedDuringImport, source files will be rescanned
Queued import returned SourceDataChangedDuringImport, source files will be rescanned
Queued import returned SourceDataChangedDuringImport, source files will be rescanned
Queued import returned SourceDataChangedDuringImport, source files will be rescanned
Queued import returned SourceDataChangedDuringImport, source files will be rescanned
Queued import returned SourceDataChangedDuringImport, source files will be rescanned
Queued import returned SourceDataChangedDuringImport, source files will be rescanned
Queued import returned SourceDataChangedDuringImport, source files will be rescanned
Queued import returned SourceDataChangedDuringImport, source files will be rescanned
Queued import returned SourceDataChangedDuringImport, source files will be rescanned
Queued import returned SourceDataChangedDuringImport, source files will be rescanned
Queued import returned SourceDataChangedDuringImport, source files will be rescanned
Queued import returned SourceDataChangedDuringImport, source files will be rescanned
Queued import returned SourceDataChangedDuringImport, source files will be rescanned
Queued import returned SourceDataChangedDuringImport, source files will be rescanned
Queued import returned SourceDataChangedDuringImport, source files will be rescanned
Queued import returned SourceDataChangedDuringImport, source files will be rescanned
Queued import returned SourceDataChangedDuringImport, source files will be rescanned
Queued import returned SourceDataChangedDuringImport, source files will be rescanned
Queued import returned SourceDataChangedDuringImport, source files will be rescanned
Queued import returned SourceDataChangedDuringImport, source files will be rescanned
Queued import returned SourceDataChangedDuringImport, source files will be rescanned
Queued import returned SourceDataChangedDuringImport, source files will be rescanned
Queued import returned SourceDataChangedDuringImport, source files will be rescanned
Queued import returned SourceDataChangedDuringImport, source files will be rescanned
Queued import returned SourceDataChangedDuringImport, source files will be rescanned
Queued import returned SourceDataChangedDuringImport, source files will be rescanned
Queued import returned SourceDataChangedDuringImport, source files will be rescanned
Queued import returned SourceDataChangedDuringImport, source files will be rescanned
Queued import returned SourceDataChangedDuringImport, source files will be rescanned
Queued import returned SourceDataChangedDuringImport, source files will be rescanned
Queued import returned SourceDataChangedDuringImport, source files will be rescanned
Queued import returned SourceDataChangedDuringImport, source files will be rescanned
Queued import returned SourceDataChangedDuringImport, source files will be rescanned
Queued import returned SourceDataChangedDuringImport, source files will be rescanned
Queued import returned SourceDataChangedDuringImport, source files will be rescanned
Queued import returned SourceDataChangedDuringImport, source files will be rescanned
Queued import returned SourceDataChangedDuringImport, source files will be rescanned
Queued import returned SourceDataChangedDuringImport, source files will be rescanned
Queued import returned SourceDataChangedDuringImport, source files will be rescanned
Queued import returned SourceDataChangedDuringImport, source files will be rescanned
Queued import returned SourceDataChangedDuringImport, source files will be rescanned
Queued import returned SourceDataChangedDuringImport, source files will be rescanned
Queued import returned SourceDataChangedDuringImport, source files will be rescanned
Queued import returned SourceDataChangedDuringImport, source files will be rescanned
Queued import returned SourceDataChangedDuringImport, source files will be rescanned
Queued import returned SourceDataChangedDuringImport, source files will be rescanned
Queued import returned SourceDataChangedDuringImport, source files will be rescanned
Queued import returned SourceDataChangedDuringImport, source files will be rescanned
Queued import returned SourceDataChangedDuringImport, source files will be rescanned
Queued import returned SourceDataChangedDuringImport, source files will be rescanned
Queued import returned SourceDataChangedDuringImport, source files will be rescanned
Queued import returned SourceDataChangedDuringImport, source files will be rescanned
Queued import returned SourceDataChangedDuringImport, source files will be rescanned
Queued import returned SourceDataChangedDuringImport, source files will be rescanned
Queued import returned SourceDataChangedDuringImport, source files will be rescanned
Queued import returned SourceDataChangedDuringImport, source files will be rescanned
Queued import returned SourceDataChangedDuringImport, source files will be rescanned
Queued import returned SourceDataChangedDuringImport, source files will be rescanned
Queued import returned SourceDataChangedDuringImport, source files will be rescanned
Queued import returned SourceDataChangedDuringImport, source files will be rescanned
Queued import returned SourceDataChangedDuringImport, source files will be rescanned
Queued import returned SourceDataChangedDuringImport, source files will be rescanned
Queued import returned SourceDataChangedDuringImport, source files will be rescanned
Queued import returned SourceDataChangedDuringImport, source files will be rescanned
Queued import returned SourceDataChangedDuringImport, source files will be rescanned
Queued import returned SourceDataChangedDuringImport, source files will be rescanned
Queued import returned SourceDataChangedDuringImport, source files will be rescanned
Queued import returned SourceDataChangedDuringImport, source files will be rescanned
Queued import returned SourceDataChangedDuringImport, source files will be rescanned
Queued import returned SourceDataChangedDuringImport, source files will be rescanned
Queued import returned SourceDataChangedDuringImport, source files will be rescanned
Queued import returned SourceDataChangedDuringImport, source files will be rescanned
Queued import returned SourceDataChangedDuringImport, source files will be rescanned
Queued import returned SourceDataChangedDuringImport, source files will be rescanned
Queued import returned SourceDataChangedDuringImport, source files will be rescanned
Queued import returned SourceDataChangedDuringImport, source files will be rescanned
Queued import returned SourceDataChangedDuringImport, source files will be rescanned
Queued import returned SourceDataChangedDuringImport, source files will be rescanned
Queued import returned SourceDataChangedDuringImport, source files will be rescanned
Queued import returned SourceDataChangedDuringImport, source files will be rescanned
Queued import returned SourceDataChangedDuringImport, source files will be rescanned
Queued import returned SourceDataChangedDuringImport, source files will be rescanned
Queued import returned SourceDataChangedDuringImport, source files will be rescanned
Queued import returned SourceDataChangedDuringImport, source files will be rescanned
Queued import returned SourceDataChangedDuringImport, source files will be rescanned
Queued import returned SourceDataChangedDuringImport, source files will be rescanned
Queued import returned SourceDataChangedDuringImport, source files will be rescanned
Queued import returned SourceDataChangedDuringImport, source files will be rescanned
Queued import returned SourceDataChangedDuringImport, source files will be rescanned
Queued import returned SourceDataChangedDuringImport, source files will be rescanned
Queued import returned SourceDataChangedDuringImport, source files will be rescanned
Queued import returned SourceDataChangedDuringImport, source files will be rescanned
Queued import returned SourceDataChangedDuringImport, source files will be rescanned
Queued import returned SourceDataChangedDuringImport, source files will be rescanned
Queued import returned SourceDataChangedDuringImport, source files will be rescanned
Queued import returned SourceDataChangedDuringImport, source files will be rescanned
Queued import returned SourceDataChangedDuringImport, source files will be rescanned
Queued import returned SourceDataChangedDuringImport, source files will be rescanned
Queued import returned SourceDataChangedDuringImport, source files will be rescanned
Queued import returned SourceDataChangedDuringImport, source files will be rescanned
Queued import returned SourceDataChangedDuringImport, source files will be rescanned
Queued import returned SourceDataChangedDuringImport, source files will be rescanned
Queued import returned SourceDataChangedDuringImport, source files will be rescanned
Queued import returned SourceDataChangedDuringImport, source files will be rescanned
Queued import returned SourceDataChangedDuringImport, source files will be rescanned
Queued import returned SourceDataChangedDuringImport, source files will be rescanned
Queued import returned SourceDataChangedDuringImport, source files will be rescanned
Queued import returned SourceDataChangedDuringImport, source files will be rescanned
Queued import returned SourceDataChangedDuringImport, source files will be rescanned
Queued import returned SourceDataChangedDuringImport, source files will be rescanned
Queued import returned SourceDataChangedDuringImport, source files will be rescanned
Queued import returned SourceDataChangedDuringImport, source files will be rescanned
Queued import returned SourceDataChangedDuringImport, source files will be rescanned
Queued import returned SourceDataChangedDuringImport, source files will be rescanned
Queued import returned SourceDataChangedDuringImport, source files will be rescanned
Queued import returned SourceDataChangedDuringImport, source files will be rescanned
Queued import returned SourceDataChangedDuringImport, source files will be rescanned
Queued import returned SourceDataChangedDuringImport, source files will be rescanned
Queued import returned SourceDataChangedDuringImport, source files will be rescanned
Queued import returned SourceDataChangedDuringImport, source files will be rescanned
Queued import returned SourceDataChangedDuringImport, source files will be rescanned
Queued import returned SourceDataChangedDuringImport, source files will be rescanned
Queued import returned SourceDataChangedDuringImport, source files will be rescanned
Queued import returned SourceDataChangedDuringImport, source files will be rescanned
Queued import returned SourceDataChangedDuringImport, source files will be rescanned
Queued import returned SourceDataChangedDuringImport, source files will be rescanned
Queued import returned SourceDataChangedDuringImport, source files will be rescanned
Queued import returned SourceDataChangedDuringImport, source files will be rescanned
Queued import returned SourceDataChangedDuringImport, source files will be rescanned
Queued import returned SourceDataChangedDuringImport, source files will be rescanned
Queued import returned SourceDataChangedDuringImport, source files will be rescanned
Queued import returned SourceDataChangedDuringImport, source files will be rescanned
Queued import returned SourceDataChangedDuringImport, source files will be rescanned
Queued import returned SourceDataChangedDuringImport, source files will be rescanned
Queued import returned SourceDataChangedDuringImport, source files will be rescanned
Queued import returned SourceDataChangedDuringImport, source files will be rescanned
Queued import returned SourceDataChangedDuringImport, source files will be rescanned
Queued import returned SourceDataChangedDuringImport, source files will be rescanned
Queued import returned SourceDataChangedDuringImport, source files will be rescanned
Queued import returned SourceDataChangedDuringImport, source files will be rescanned
Queued import returned SourceDataChangedDuringImport, source files will be rescanned
Queued import returned SourceDataChangedDuringImport, source files will be rescanned
Queued import returned SourceDataChangedDuringImport, source files will be rescanned
Queued import returned SourceDataChangedDuringImport, source files will be rescanned
Queued import returned SourceDataChangedDuringImport, source files will be rescanned
Queued import returned SourceDataChangedDuringImport, source files will be rescanned
Queued import returned SourceDataChangedDuringImport, source files will be rescanned
Queued import returned SourceDataChangedDuringImport, source files will be rescanned
Queued import returned SourceDataChangedDuringImport, source files will be rescanned
Queued import returned SourceDataChangedDuringImport, source files will be rescanned
Queued import returned SourceDataChangedDuringImport, source files will be rescanned
Queued import returned SourceDataChangedDuringImport, source files will be rescanned
Queued import returned SourceDataChangedDuringImport, source files will be rescanned
Queued import returned SourceDataChangedDuringImport, source files will be rescanned
Queued import returned SourceDataChangedDuringImport, source files will be rescanned
Queued import returned SourceDataChangedDuringImport, source files will be rescanned
Queued import returned SourceDataChangedDuringImport, source files will be rescanned
Queued import returned SourceDataChangedDuringImport, source files will be rescanned
Queued import returned SourceDataChangedDuringImport, source files will be rescanned
Queued import returned SourceDataChangedDuringImport, source files will be rescanned
Queued import returned SourceDataChangedDuringImport, source files will be rescanned
Queued import returned SourceDataChangedDuringImport, source files will be rescanned
Queued import returned SourceDataChangedDuringImport, source files will be rescanned
Queued import returned SourceDataChangedDuringImport, source files will be rescanned
Queued import returned SourceDataChangedDuringImport, source files will be rescanned
Queued import returned SourceDataChangedDuringImport, source files will be rescanned
Queued import returned SourceDataChangedDuringImport, source files will be rescanned
Queued import returned SourceDataChangedDuringImport, source files will be rescanned
Queued import returned SourceDataChangedDuringImport, source files will be rescanned
Queued import returned SourceDataChangedDuringImport, source files will be rescanned
Queued import returned SourceDataChangedDuringImport, source files will be rescanned
Queued import returned SourceDataChangedDuringImport, source files will be rescanned
Queued import returned SourceDataChangedDuringImport, source files will be rescanned
Queued import returned SourceDataChangedDuringImport, source files will be rescanned
Queued import returned SourceDataChangedDuringImport, source files will be rescanned
Queued import returned SourceDataChangedDuringImport, source files will be rescanned
Queued import returned SourceDataChangedDuringImport, source files will be rescanned
Queued import returned SourceDataChangedDuringImport, source files will be rescanned
Queued import returned SourceDataChangedDuringImport, source files will be rescanned
Queued import returned SourceDataChangedDuringImport, source files will be rescanned
Queued import returned SourceDataChangedDuringImport, source files will be rescanned
Queued import returned SourceDataChangedDuringImport, source files will be rescanned
Queued import returned SourceDataChangedDuringImport, source files will be rescanned
Queued import returned SourceDataChangedDuringImport, source files will be rescanned
Queued import returned SourceDataChangedDuringImport, source files will be rescanned
Queued import returned SourceDataChangedDuringImport, source files will be rescanned
Queued import returned SourceDataChangedDuringImport, source files will be rescanned
Queued import returned SourceDataChangedDuringImport, source files will be rescanned
Queued import returned SourceDataChangedDuringImport, source files will be rescanned
Queued import returned SourceDataChangedDuringImport, source files will be rescanned
Queued import returned SourceDataChangedDuringImport, source files will be rescanned
Queued import returned SourceDataChangedDuringImport, source files will be rescanned
Queued import returned SourceDataChangedDuringImport, source files will be rescanned
Queued import returned SourceDataChangedDuringImport, source files will be rescanned
Queued import returned SourceDataChangedDuringImport, source files will be rescanned
Queued import returned SourceDataChangedDuringImport, source files will be rescanned
Queued import returned SourceDataChangedDuringImport, source files will be rescanned
Queued import returned SourceDataChangedDuringImport, source files will be rescanned
Queued import returned SourceDataChangedDuringImport, source files will be rescanned
Queued import returned SourceDataChangedDuringImport, source files will be rescanned
Queued import returned SourceDataChangedDuringImport, source files will be rescanned
Queued import returned SourceDataChangedDuringImport, source files will be rescanned
Queued import returned SourceDataChangedDuringImport, source files will be rescanned
Queued import returned SourceDataChangedDuringImport, source files will be rescanned
Queued import returned SourceDataChangedDuringImport, source files will be rescanned
Queued import returned SourceDataChangedDuringImport, source files will be rescanned
Queued import returned SourceDataChangedDuringImport, source files will be rescanned
Queued import returned SourceDataChangedDuringImport, source files will be rescanned
Queued import returned SourceDataChangedDuringImport, source files will be rescanned
Queued import returned SourceDataChangedDuringImport, source files will be rescanned
Queued import returned SourceDataChangedDuringImport, source files will be rescanned
Queued import returned SourceDataChangedDuringImport, source files will be rescanned
Queued import returned SourceDataChangedDuringImport, source files will be rescanned
Queued import returned SourceDataChangedDuringImport, source files will be rescanned
Queued import returned SourceDataChangedDuringImport, source files will be rescanned
Queued import returned SourceDataChangedDuringImport, source files will be rescanned
Queued import returned SourceDataChangedDuringImport, source files will be rescanned
Queued import returned SourceDataChangedDuringImport, source files will be rescanned
Queued import returned SourceDataChangedDuringImport, source files will be rescanned
Queued import returned SourceDataChangedDuringImport, source files will be rescanned
Queued import returned SourceDataChangedDuringImport, source files will be rescanned
Queued import returned SourceDataChangedDuringImport, source files will be rescanned
Queued import returned SourceDataChangedDuringImport, source files will be rescanned
Queued import returned SourceDataChangedDuringImport, source files will be rescanned
Queued import returned SourceDataChangedDuringImport, source files will be rescanned
Queued import returned SourceDataChangedDuringImport, source files will be rescanned
Queued import returned SourceDataChangedDuringImport, source files will be rescanned
Queued import returned SourceDataChangedDuringImport, source files will be rescanned
Queued import returned SourceDataChangedDuringImport, source files will be rescanned
Queued import returned SourceDataChangedDuringImport, source files will be rescanned
Queued import returned SourceDataChangedDuringImport, source files will be rescanned
Queued import returned SourceDataChangedDuringImport, source files will be rescanned
Queued import returned SourceDataChangedDuringImport, source files will be rescanned
Queued import returned SourceDataChangedDuringImport, source files will be rescanned
Queued import returned SourceDataChangedDuringImport, source files will be rescanned
Queued import returned SourceDataChangedDuringImport, source files will be rescanned
Queued import returned SourceDataChangedDuringImport, source files will be rescanned
Queued import returned SourceDataChangedDuringImport, source files will be rescanned
Queued import returned SourceDataChangedDuringImport, source files will be rescanned
Queued import returned SourceDataChangedDuringImport, source files will be rescanned
Queued import returned SourceDataChangedDuringImport, source files will be rescanned
Queued import returned SourceDataChangedDuringImport, source files will be rescanned
Queued import returned SourceDataChangedDuringImport, source files will be rescanned
Queued import returned SourceDataChangedDuringImport, source files will be rescanned
Queued import returned SourceDataChangedDuringImport, source files will be rescanned
Queued import returned SourceDataChangedDuringImport, source files will be rescanned
Queued import returned SourceDataChangedDuringImport, source files will be rescanned
Queued import returned SourceDataChangedDuringImport, source files will be rescanned
Queued import returned SourceDataChangedDuringImport, source files will be rescanned
Queued import returned SourceDataChangedDuringImport, source files will be rescanned
Queued import returned SourceDataChangedDuringImport, source files will be rescanned
Queued import returned SourceDataChangedDuringImport, source files will be rescanned
Queued import returned SourceDataChangedDuringImport, source files will be rescanned
Queued import returned SourceDataChangedDuringImport, source files will be rescanned
Queued import returned SourceDataChangedDuringImport, source files will be rescanned
Queued import returned SourceDataChangedDuringImport, source files will be rescanned
Queued import returned SourceDataChangedDuringImport, source files will be rescanned
Queued import returned SourceDataChangedDuringImport, source files will be rescanned
Queued import returned SourceDataChangedDuringImport, source files will be rescanned
Queued import returned SourceDataChangedDuringImport, source files will be rescanned
Queued import returned SourceDataChangedDuringImport, source files will be rescanned
Queued import returned SourceDataChangedDuringImport, source files will be rescanned
Queued import returned SourceDataChangedDuringImport, source files will be rescanned
Queued import returned SourceDataChangedDuringImport, source files will be rescanned
Queued import returned SourceDataChangedDuringImport, source files will be rescanned
Queued import returned SourceDataChangedDuringImport, source files will be rescanned
Queued import returned SourceDataChangedDuringImport, source files will be rescanned
Queued import returned SourceDataChangedDuringImport, source files will be rescanned
Queued import returned SourceDataChangedDuringImport, source files will be rescanned
Queued import returned SourceDataChangedDuringImport, source files will be rescanned
Queued import returned SourceDataChangedDuringImport, source files will be rescanned
Queued import returned SourceDataChangedDuringImport, source files will be rescanned
Queued import returned SourceDataChangedDuringImport, source files will be rescanned
Queued import returned SourceDataChangedDuringImport, source files will be rescanned
Queued import returned SourceDataChangedDuringImport, source files will be rescanned
Queued import returned SourceDataChangedDuringImport, source files will be rescanned
Queued import returned SourceDataChangedDuringImport, source files will be rescanned
Queued import returned SourceDataChangedDuringImport, source files will be rescanned
Queued import returned SourceDataChangedDuringImport, source files will be rescanned
Queued import returned SourceDataChangedDuringImport, source files will be rescanned
Queued import returned SourceDataChangedDuringImport, source files will be rescanned
Queued import returned SourceDataChangedDuringImport, source files will be rescanned
Queued import returned SourceDataChangedDuringImport, source files will be rescanned
Queued import returned SourceDataChangedDuringImport, source files will be rescanned
Queued import returned SourceDataChangedDuringImport, source files will be rescanned
Queued import returned SourceDataChangedDuringImport, source files will be rescanned
Queued import returned SourceDataChangedDuringImport, source files will be rescanned
Queued import returned SourceDataChangedDuringImport, source files will be rescanned
Queued import returned SourceDataChangedDuringImport, source files will be rescanned
Queued import returned SourceDataChangedDuringImport, source files will be rescanned
Queued import returned SourceDataChangedDuringImport, source files will be rescanned
Queued import returned SourceDataChangedDuringImport, source files will be rescanned
Queued import returned SourceDataChangedDuringImport, source files will be rescanned
Queued import returned SourceDataChangedDuringImport, source files will be rescanned
Queued import returned SourceDataChangedDuringImport, source files will be rescanned
Queued import returned SourceDataChangedDuringImport, source files will be rescanned
Queued import returned SourceDataChangedDuringImport, source files will be rescanned
Queued import returned SourceDataChangedDuringImport, source files will be rescanned
Queued import returned SourceDataChangedDuringImport, source files will be rescanned
Queued import returned SourceDataChangedDuringImport, source files will be rescanned
Queued import returned SourceDataChangedDuringImport, source files will be rescanned
Queued import returned SourceDataChangedDuringImport, source files will be rescanned
Queued import returned SourceDataChangedDuringImport, source files will be rescanned
Queued import returned SourceDataChangedDuringImport, source files will be rescanned
Queued import returned SourceDataChangedDuringImport, source files will be rescanned
Queued import returned SourceDataChangedDuringImport, source files will be rescanned
Queued import returned SourceDataChangedDuringImport, source files will be rescanned
Queued import returned SourceDataChangedDuringImport, source files will be rescanned
Queued import returned SourceDataChangedDuringImport, source files will be rescanned
Queued import returned SourceDataChangedDuringImport, source files will be rescanned
Queued import returned SourceDataChangedDuringImport, source files will be rescanned
Queued import returned SourceDataChangedDuringImport, source files will be rescanned
Queued import returned SourceDataChangedDuringImport, source files will be rescanned
Queued import returned SourceDataChangedDuringImport, source files will be rescanned
Queued import returned SourceDataChangedDuringImport, source files will be rescanned
Queued import returned SourceDataChangedDuringImport, source files will be rescanned
Queued import returned SourceDataChangedDuringImport, source files will be rescanned
Queued import returned SourceDataChangedDuringImport, source files will be rescanned
Queued import returned SourceDataChangedDuringImport, source files will be rescanned
Queued import returned SourceDataChangedDuringImport, source files will be rescanned
Queued import returned SourceDataChangedDuringImport, source files will be rescanned
Queued import returned SourceDataChangedDuringImport, source files will be rescanned
Queued import returned SourceDataChangedDuringImport, source files will be rescanned
Queued import returned SourceDataChangedDuringImport, source files will be rescanned
Queued import returned SourceDataChangedDuringImport, source files will be rescanned
Queued import returned SourceDataChangedDuringImport, source files will be rescanned
Queued import returned SourceDataChangedDuringImport, source files will be rescanned
Queued import returned SourceDataChangedDuringImport, source files will be rescanned
Queued import returned SourceDataChangedDuringImport, source files will be rescanned
Queued import returned SourceDataChangedDuringImport, source files will be rescanned
Queued import returned SourceDataChangedDuringImport, source files will be rescanned
Queued import returned SourceDataChangedDuringImport, source files will be rescanned
Queued import returned SourceDataChangedDuringImport, source files will be rescanned
Queued import returned SourceDataChangedDuringImport, source files will be rescanned
Queued import returned SourceDataChangedDuringImport, source files will be rescanned
Queued import returned SourceDataChangedDuringImport, source files will be rescanned
Queued import returned SourceDataChangedDuringImport, source files will be rescanned
Queued import returned SourceDataChangedDuringImport, source files will be rescanned
Queued import returned SourceDataChangedDuringImport, source files will be rescanned
Queued import returned SourceDataChangedDuringImport, source files will be rescanned
Queued import returned SourceDataChangedDuringImport, source files will be rescanned
Queued import returned SourceDataChangedDuringImport, source files will be rescanned
Queued import returned SourceDataChangedDuringImport, source files will be rescanned
Queued import returned SourceDataChangedDuringImport, source files will be rescanned
Queued import returned SourceDataChangedDuringImport, source files will be rescanned
Queued import returned SourceDataChangedDuringImport, source files will be rescanned
Queued import returned SourceDataChangedDuringImport, source files will be rescanned
Queued import returned SourceDataChangedDuringImport, source files will be rescanned
Queued import returned SourceDataChangedDuringImport, source files will be rescanned
Queued import returned SourceDataChangedDuringImport, source files will be rescanned
Queued import returned SourceDataChangedDuringImport, source files will be rescanned
Queued import returned SourceDataChangedDuringImport, source files will be rescanned
Queued import returned SourceDataChangedDuringImport, source files will be rescanned
Queued import returned SourceDataChangedDuringImport, source files will be rescanned
Queued import returned SourceDataChangedDuringImport, source files will be rescanned
Queued import returned SourceDataChangedDuringImport, source files will be rescanned
Queued import returned SourceDataChangedDuringImport, source files will be rescanned
Queued import returned SourceDataChangedDuringImport, source files will be rescanned
Queued import returned SourceDataChangedDuringImport, source files will be rescanned
Queued import returned SourceDataChangedDuringImport, source files will be rescanned
Queued import returned SourceDataChangedDuringImport, source files will be rescanned
Queued import returned SourceDataChangedDuringImport, source files will be rescanned
Queued import returned SourceDataChangedDuringImport, source files will be rescanned
Queued import returned SourceDataChangedDuringImport, source files will be rescanned
Queued import returned SourceDataChangedDuringImport, source files will be rescanned
Queued import returned SourceDataChangedDuringImport, source files will be rescanned
Queued import returned SourceDataChangedDuringImport, source files will be rescanned
Queued import returned SourceDataChangedDuringImport, source files will be rescanned
Queued import returned SourceDataChangedDuringImport, source files will be rescanned
Queued import returned SourceDataChangedDuringImport, source files will be rescanned
Queued import returned SourceDataChangedDuringImport, source files will be rescanned
Queued import returned SourceDataChangedDuringImport, source files will be rescanned
Queued import returned SourceDataChangedDuringImport, source files will be rescanned
Queued import returned SourceDataChangedDuringImport, source files will be rescanned
Queued import returned SourceDataChangedDuringImport, source files will be rescanned
Queued import returned SourceDataChangedDuringImport, source files will be rescanned
Queued import returned SourceDataChangedDuringImport, source files will be rescanned
Queued import returned SourceDataChangedDuringImport, source files will be rescanned
Queued import returned SourceDataChangedDuringImport, source files will be rescanned
Queued import returned SourceDataChangedDuringImport, source files will be rescanned
Queued import returned SourceDataChangedDuringImport, source files will be rescanned
Queued import returned SourceDataChangedDuringImport, source files will be rescanned
Queued import returned SourceDataChangedDuringImport, source files will be rescanned
Queued import returned SourceDataChangedDuringImport, source files will be rescanned
Queued import returned SourceDataChangedDuringImport, source files will be rescanned
Queued import returned SourceDataChangedDuringImport, source files will be rescanned
Queued import returned SourceDataChangedDuringImport, source files will be rescanned
Queued import returned SourceDataChangedDuringImport, source files will be rescanned
Queued import returned SourceDataChangedDuringImport, source files will be rescanned
Queued import returned SourceDataChangedDuringImport, source files will be rescanned
Queued import returned SourceDataChangedDuringImport, source files will be rescanned
Queued import returned SourceDataChangedDuringImport, source files will be rescanned
Queued import returned SourceDataChangedDuringImport, source files will be rescanned
Queued import returned SourceDataChangedDuringImport, source files will be rescanned
Queued import returned SourceDataChangedDuringImport, source files will be rescanned
Queued import returned SourceDataChangedDuringImport, source files will be rescanned
Queued import returned SourceDataChangedDuringImport, source files will be rescanned
Queued import returned SourceDataChangedDuringImport, source files will be rescanned
Queued import returned SourceDataChangedDuringImport, source files will be rescanned
Queued import returned SourceDataChangedDuringImport, source files will be rescanned
Queued import returned SourceDataChangedDuringImport, source files will be rescanned
Queued import returned SourceDataChangedDuringImport, source files will be rescanned
Queued import returned SourceDataChangedDuringImport, source files will be rescanned
Queued import returned SourceDataChangedDuringImport, source files will be rescanned
Queued import returned SourceDataChangedDuringImport, source files will be rescanned
Queued import returned SourceDataChangedDuringImport, source files will be rescanned
Queued import returned SourceDataChangedDuringImport, source files will be rescanned
Queued import returned SourceDataChangedDuringImport, source files will be rescanned
Queued import returned SourceDataChangedDuringImport, source files will be rescanned
Queued import returned SourceDataChangedDuringImport, source files will be rescanned
Queued import returned SourceDataChangedDuringImport, source files will be rescanned
Queued import returned SourceDataChangedDuringImport, source files will be rescanned
Queued import returned SourceDataChangedDuringImport, source files will be rescanned
Queued import returned SourceDataChangedDuringImport, source files will be rescanned
Queued import returned SourceDataChangedDuringImport, source files will be rescanned
Queued import returned SourceDataChangedDuringImport, source files will be rescanned
Queued import returned SourceDataChangedDuringImport, source files will be rescanned
Queued import returned SourceDataChangedDuringImport, source files will be rescanned
Queued import returned SourceDataChangedDuringImport, source files will be rescanned
Queued import returned SourceDataChangedDuringImport, source files will be rescanned
Queued import returned SourceDataChangedDuringImport, source files will be rescanned
Queued import returned SourceDataChangedDuringImport, source files will be rescanned
Queued import returned SourceDataChangedDuringImport, source files will be rescanned
Queued import returned SourceDataChangedDuringImport, source files will be rescanned
Queued import returned SourceDataChangedDuringImport, source files will be rescanned
Queued import returned SourceDataChangedDuringImport, source files will be rescanned
Queued import returned SourceDataChangedDuringImport, source files will be rescanned
Queued import returned SourceDataChangedDuringImport, source files will be rescanned
Queued import returned SourceDataChangedDuringImport, source files will be rescanned
Queued import returned SourceDataChangedDuringImport, source files will be rescanned
Queued import returned SourceDataChangedDuringImport, source files will be rescanned
Queued import returned SourceDataChangedDuringImport, source files will be rescanned
Queued import returned SourceDataChangedDuringImport, source files will be rescanned
Queued import returned SourceDataChangedDuringImport, source files will be rescanned
Queued import returned SourceDataChangedDuringImport, source files will be rescanned
Queued import returned SourceDataChangedDuringImport, source files will be rescanned
Queued import returned SourceDataChangedDuringImport, source files will be rescanned
Queued import returned SourceDataChangedDuringImport, source files will be rescanned
Queued import returned SourceDataChangedDuringImport, source files will be rescanned
Queued import returned SourceDataChangedDuringImport, source files will be rescanned
Queued import returned SourceDataChangedDuringImport, source files will be rescanned
Queued import returned SourceDataChangedDuringImport, source files will be rescanned
Queued import returned SourceDataChangedDuringImport, source files will be rescanned
Queued import returned SourceDataChangedDuringImport, source files will be rescanned
Queued import returned SourceDataChangedDuringImport, source files will be rescanned
Queued import returned SourceDataChangedDuringImport, source files will be rescanned
Queued import returned SourceDataChangedDuringImport, source files will be rescanned
Queued import returned SourceDataChangedDuringImport, source files will be rescanned
Queued import returned SourceDataChangedDuringImport, source files will be rescanned
Queued import returned SourceDataChangedDuringImport, source files will be rescanned
Queued import returned SourceDataChangedDuringImport, source files will be rescanned
Queued import returned SourceDataChangedDuringImport, source files will be rescanned
Queued import returned SourceDataChangedDuringImport, source files will be rescanned
Queued import returned SourceDataChangedDuringImport, source files will be rescanned
Queued import returned SourceDataChangedDuringImport, source files will be rescanned
Queued import returned SourceDataChangedDuringImport, source files will be rescanned
Queued import returned SourceDataChangedDuringImport, source files will be rescanned
Queued import returned SourceDataChangedDuringImport, source files will be rescanned
Queued import returned SourceDataChangedDuringImport, source files will be rescanned
Queued import returned SourceDataChangedDuringImport, source files will be rescanned
Queued import returned SourceDataChangedDuringImport, source files will be rescanned
Queued import returned SourceDataChangedDuringImport, source files will be rescanned
Queued import returned SourceDataChangedDuringImport, source files will be rescanned
Queued import returned SourceDataChangedDuringImport, source files will be rescanned
Queued import returned SourceDataChangedDuringImport, source files will be rescanned
Queued import returned SourceDataChangedDuringImport, source files will be rescanned
Queued import returned SourceDataChangedDuringImport, source files will be rescanned
Queued import returned SourceDataChangedDuringImport, source files will be rescanned
Queued import returned SourceDataChangedDuringImport, source files will be rescanned
Queued import returned SourceDataChangedDuringImport, source files will be rescanned
Queued import returned SourceDataChangedDuringImport, source files will be rescanned
Queued import returned SourceDataChangedDuringImport, source files will be rescanned
Queued import returned SourceDataChangedDuringImport, source files will be rescanned
Queued import returned SourceDataChangedDuringImport, source files will be rescanned
Queued import returned SourceDataChangedDuringImport, source files will be rescanned
Queued import returned SourceDataChangedDuringImport, source files will be rescanned
Queued import returned SourceDataChangedDuringImport, source files will be rescanned
Queued import returned SourceDataChangedDuringImport, source files will be rescanned
Queued import returned SourceDataChangedDuringImport, source files will be rescanned
Queued import returned SourceDataChangedDuringImport, source files will be rescanned
Queued import returned SourceDataChangedDuringImport, source files will be rescanned
Queued import returned SourceDataChangedDuringImport, source files will be rescanned
Queued import returned SourceDataChangedDuringImport, source files will be rescanned
Queued import returned SourceDataChangedDuringImport, source files will be rescanned
Queued import returned SourceDataChangedDuringImport, source files will be rescanned
Queued import returned SourceDataChangedDuringImport, source files will be rescanned
Queued import returned SourceDataChangedDuringImport, source files will be rescanned
Queued import returned SourceDataChangedDuringImport, source files will be rescanned
Queued import returned SourceDataChangedDuringImport, source files will be rescanned
Queued import returned SourceDataChangedDuringImport, source files will be rescanned
Queued import returned SourceDataChangedDuringImport, source files will be rescanned
Queued import returned SourceDataChangedDuringImport, source files will be rescanned
Queued import returned SourceDataChangedDuringImport, source files will be rescanned
Queued import returned SourceDataChangedDuringImport, source files will be rescanned
Queued import returned SourceDataChangedDuringImport, source files will be rescanned
Queued import returned SourceDataChangedDuringImport, source files will be rescanned
Queued import returned SourceDataChangedDuringImport, source files will be rescanned
Queued import returned SourceDataChangedDuringImport, source files will be rescanned
Queued import returned SourceDataChangedDuringImport, source files will be rescanned
Queued import returned SourceDataChangedDuringImport, source files will be rescanned
Queued import returned SourceDataChangedDuringImport, source files will be rescanned
Queued import returned SourceDataChangedDuringImport, source files will be rescanned
Queued import returned SourceDataChangedDuringImport, source files will be rescanned
Queued import returned SourceDataChangedDuringImport, source files will be rescanned
Queued import returned SourceDataChangedDuringImport, source files will be rescanned
Queued import returned SourceDataChangedDuringImport, source files will be rescanned
Queued import returned SourceDataChangedDuringImport, source files will be rescanned
Queued import returned SourceDataChangedDuringImport, source files will be rescanned
Queued import returned SourceDataChangedDuringImport, source files will be rescanned
Queued import returned SourceDataChangedDuringImport, source files will be rescanned
Queued import returned SourceDataChangedDuringImport, source files will be rescanned
Queued import returned SourceDataChangedDuringImport, source files will be rescanned
Queued import returned SourceDataChangedDuringImport, source files will be rescanned
Queued import returned SourceDataChangedDuringImport, source files will be rescanned
Queued import returned SourceDataChangedDuringImport, source files will be rescanned
Queued import returned SourceDataChangedDuringImport, source files will be rescanned
Queued import returned SourceDataChangedDuringImport, source files will be rescanned
Queued import returned SourceDataChangedDuringImport, source files will be rescanned
Queued import returned SourceDataChangedDuringImport, source files will be rescanned
Queued import returned SourceDataChangedDuringImport, source files will be rescanned
Queued import returned SourceDataChangedDuringImport, source files will be rescanned
Queued import returned SourceDataChangedDuringImport, source files will be rescanned
Queued import returned SourceDataChangedDuringImport, source files will be rescanned
Queued import returned SourceDataChangedDuringImport, source files will be rescanned
Queued import returned SourceDataChangedDuringImport, source files will be rescanned
Queued import returned SourceDataChangedDuringImport, source files will be rescanned
Queued import returned SourceDataChangedDuringImport, source files will be rescanned
Queued import returned SourceDataChangedDuringImport, source files will be rescanned
Queued import returned SourceDataChangedDuringImport, source files will be rescanned
Queued import returned SourceDataChangedDuringImport, source files will be rescanned
Queued import returned SourceDataChangedDuringImport, source files will be rescanned
Queued import returned SourceDataChangedDuringImport, source files will be rescanned
Queued import returned SourceDataChangedDuringImport, source files will be rescanned
Queued import returned SourceDataChangedDuringImport, source files will be rescanned
Queued import returned SourceDataChangedDuringImport, source files will be rescanned
Queued import returned SourceDataChangedDuringImport, source files will be rescanned
Queued import returned SourceDataChangedDuringImport, source files will be rescanned
Queued import returned SourceDataChangedDuringImport, source files will be rescanned
Queued import returned SourceDataChangedDuringImport, source files will be rescanned
Queued import returned SourceDataChangedDuringImport, source files will be rescanned
Queued import returned SourceDataChangedDuringImport, source files will be rescanned
Queued import returned SourceDataChangedDuringImport, source files will be rescanned
Queued import returned SourceDataChangedDuringImport, source files will be rescanned
Queued import returned SourceDataChangedDuringImport, source files will be rescanned
Queued import returned SourceDataChangedDuringImport, source files will be rescanned
Queued import returned SourceDataChangedDuringImport, source files will be rescanned
Queued import returned SourceDataChangedDuringImport, source files will be rescanned
Queued import returned SourceDataChangedDuringImport, source files will be rescanned
Queued import returned SourceDataChangedDuringImport, source files will be rescanned
Queued import returned SourceDataChangedDuringImport, source files will be rescanned
Queued import returned SourceDataChangedDuringImport, source files will be rescanned
Queued import returned SourceDataChangedDuringImport, source files will be rescanned
Queued import returned SourceDataChangedDuringImport, source files will be rescanned
Queued import returned SourceDataChangedDuringImport, source files will be rescanned
Queued import returned SourceDataChangedDuringImport, source files will be rescanned
Queued import returned SourceDataChangedDuringImport, source files will be rescanned
Queued import returned SourceDataChangedDuringImport, source files will be rescanned
Queued import returned SourceDataChangedDuringImport, source files will be rescanned
Queued import returned SourceDataChangedDuringImport, source files will be rescanned
Queued import returned SourceDataChangedDuringImport, source files will be rescanned
Queued import returned SourceDataChangedDuringImport, source files will be rescanned
Queued import returned SourceDataChangedDuringImport, source files will be rescanned
Queued import returned SourceDataChangedDuringImport, source files will be rescanned
Queued import returned SourceDataChangedDuringImport, source files will be rescanned
Queued import returned SourceDataChangedDuringImport, source files will be rescanned
Queued import returned SourceDataChangedDuringImport, source files will be rescanned
Queued import returned SourceDataChangedDuringImport, source files will be rescanned
Queued import returned SourceDataChangedDuringImport, source files will be rescanned
Queued import returned SourceDataChangedDuringImport, source files will be rescanned
Queued import returned SourceDataChangedDuringImport, source files will be rescanned
Queued import returned SourceDataChangedDuringImport, source files will be rescanned
Queued import returned SourceDataChangedDuringImport, source files will be rescanned
Queued import returned SourceDataChangedDuringImport, source files will be rescanned
Queued import returned SourceDataChangedDuringImport, source files will be rescanned
Queued import returned SourceDataChangedDuringImport, source files will be rescanned
Queued import returned SourceDataChangedDuringImport, source files will be rescanned
Queued import returned SourceDataChangedDuringImport, source files will be rescanned
Queued import returned SourceDataChangedDuringImport, source files will be rescanned
Queued import returned SourceDataChangedDuringImport, source files will be rescanned
Queued import returned SourceDataChangedDuringImport, source files will be rescanned
Queued import returned SourceDataChangedDuringImport, source files will be rescanned
Queued import returned SourceDataChangedDuringImport, source files will be rescanned
Queued import returned SourceDataChangedDuringImport, source files will be rescanned
Queued import returned SourceDataChangedDuringImport, source files will be rescanned
Queued import returned SourceDataChangedDuringImport, source files will be rescanned
Queued import returned SourceDataChangedDuringImport, source files will be rescanned
Queued import returned SourceDataChangedDuringImport, source files will be rescanned
Queued import returned SourceDataChangedDuringImport, source files will be rescanned
Queued import returned SourceDataChangedDuringImport, source files will be rescanned
Queued import returned SourceDataChangedDuringImport, source files will be rescanned
Queued import returned SourceDataChangedDuringImport, source files will be rescanned
Queued import returned SourceDataChangedDuringImport, source files will be rescanned
Queued import returned SourceDataChangedDuringImport, source files will be rescanned
Queued import returned SourceDataChangedDuringImport, source files will be rescanned
Queued import returned SourceDataChangedDuringImport, source files will be rescanned
Queued import returned SourceDataChangedDuringImport, source files will be rescanned
Queued import returned SourceDataChangedDuringImport, source files will be rescanned
Queued import returned SourceDataChangedDuringImport, source files will be rescanned
Queued import returned SourceDataChangedDuringImport, source files will be rescanned
Queued import returned SourceDataChangedDuringImport, source files will be rescanned
[Worker0] Imported GUID: d494c7fba14330749912000ec248be40 - Path: Assets/Scripts/Core/PiedraPool.cs - Importer: PreviewImporter -> (ImportResultId: '00000000000000000000000000000000') in 0.0200156 seconds
Queued import returned SourceDataChangedDuringImport, source files will be rescanned
Queued import returned SourceDataChangedDuringImport, source files will be rescanned
[Worker0] Import Error Code:(4)
Message: Build asset version error: assets/scripts/core/piedrapool.cs in SourceAssetDB has modification time of '2026-10-02T20:44:10.614866Z' while content on disk has modification time of '2026-10-02T20:45:31.1262392Z'
[ScriptCompilation] Requested script compilation because: AssetDatabase observed changes in script compilation related files
Starting: C:\Program Files\Unity\Hub\Editor\6000.6.0f1\Editor\Data\Tools\BuildPipeline\bee_backend.exe --ipc --defer-dag-verification --dagfile="Library/Bee/1900b0aE.dag" --continue-on-failure --profile="Library/Bee/backend1.traceevents" ScriptAssemblies
WorkingDir: C:/Users/kimji/Ingenieria_MisionKonstruir
ExitCode: 0 Duration: 4s53ms
[746/958    0s] ILPP-Configuration Library/ilpp-configuration.nevergeneratedoutput
[954/958    2s] Csc Library/Bee/artifacts/1900b0aE.dag/Assembly-CSharp.dll (+2 others)
Assets\Scripts\Core\GameManager.cs(20,39): warning CS0414: The field 'GameManager.grietaReparada' is assigned but its value is never used
[955/958    0s] ILPostProcess Library/Bee/artifacts/1900b0aE.dag/post-processed/Assembly-CSharp.dll (+pdb)
Processing assembly Library/Bee/artifacts/1900b0aE.dag/Assembly-CSharp.dll, with 150 defines and 350 references

processors: Unity.Jobs.CodeGen.JobsILPostProcessor, zzzUnity.Burst.CodeGen.BurstILPostProcessor

1 processor(s) skipped this assembly

running Unity.Jobs.CodeGen.JobsILPostProcessor
[956/958    0s] CopyFiles Library/ScriptAssemblies/Assembly-CSharp.pdb
[957/958    0s] CopyFiles Library/ScriptAssemblies/Assembly-CSharp.dll
*** Tundra build success (3.91 seconds), 5 items updated, 958 evaluated
Assets\Scripts\Core\GameManager.cs(20,39): warning CS0414: The field 'GameManager.grietaReparada' is assigned but its value is never used
Reloading assemblies after forced synchronous recompile.
Begin MonoManager ReloadAssembly
Total cache size 267849644
Total cache size after purge 267849644, took 00:00:03.0319762
Assembly reference Packages/com.unity.cinemachine/Editor/Samples/ExposeHDRPInternals/HDRP-Editor-ref.asmref has no target assembly definition
Refreshing native plugins compatible for Editor in 19.49 ms, found 5 plugins.
Native extension for WindowsStandalone target not found
Native extension for WebGL target not found
[MODES] ModeService[none].Initialize
[MODES] ModeService[none].LoadModes
ScheduleIndexationOnStartup MainProcess:True IndexOnStartup:True
Scripting: successfully reloaded assembly
- Finished resetting the current domain, in  9.353 seconds
Domain Reload Profiling: 18200ms
	BeginReloadAssembly (5197ms)
		ExecutionOrderSort (3ms)
		DisableScriptedObjects (1199ms)
		CreateAndSetChildDomain (1687ms)
	RebuildCommonClasses (94ms)
	RebuildNativeTypeToScriptingClass (130ms)
	initialDomainReloadingComplete (603ms)
	LoadAllAssembliesAndSetupDomain (2819ms)
		LoadAssemblies (1601ms)
		TypeCache.Refresh (55ms)
		AnalyzeDomain (1269ms)
			BuildScriptInfoCaches (1174ms)
			ResolveRequiredComponents (69ms)
	FinalizeReload (9357ms)
		SetupLoadedEditorAssemblies (0ms)
			LogAssemblyErrors (15ms)
			InitializePlatformSupportModulesInManaged (13ms)
			BeforeProcessingInitializeOnLoad (1649ms)
			ProcessInitializeOnLoadAttributes (2048ms)
			ProcessInitializeOnLoadMethodAttributes (321ms)
			AfterProcessingInitializeOnLoad (47ms)
			EditorAssembliesLoaded (14ms)
		AwakeInstancesAfterBackupRestoration (2934ms)
Refreshing native plugins compatible for Editor in 8.79 ms, found 5 plugins.

Asset Pipeline Refresh (id=82ef117022b79804289efae329b624a1): Total: 26.352 seconds - Initiated by RefreshV2(AllowForceSynchronousImport)
	(Values over 0.05ms)
	Summary:
		Imports: total=0 (actual=0, local cache=0, cache server=0)
		Asset DB Process Time: managed=0 ms, native=9987 ms
		Asset DB Callback time: managed=216 ms, native=207 ms
		Scripting: domain reloads=1, domain reload time=9378 ms, compile time=6562 ms, other=0 ms
		Project Asset Count: scripts=1208, non-scripts=1935
		Asset File Changes: new=0, changed=1, moved=0, deleted=0
		Scan Filter Count: 0
	InvokePackagesCallback: 11.049ms
	ApplyChangesToAssetFolders: 1.408ms
	Scan: 152.500ms
	Collect global state as custom dependencies: 8.479ms
	OnSourceAssetsModified: 6.661ms
	CategorizeScriptCompilationAssets: 12.200ms
	ProcessAssetsWithTransientArtifactChanges: 25.100ms
	CategorizeAssets: 103.748ms
	CompileScripts: 6562.461ms
	ImportOutOfDateAssets: 9400.033ms (9393.905ms without children)
		CollectScriptTypesHashes: 0.805ms
		UnloadImportedAssets: 0.300ms
		EnsureUptoDateAssetsAreRegisteredWithGuidPM: 2.094ms
		ImportSchedulerStart: 3.564ms
	PostProcessAllAssets: 220.396ms
		XRBuildSystem.XRAssetImported 3.717ms
		PostProcessCallbackCreateDeferredMaterials 0.778ms
		ShaderAssetModifiedCallback 0.493ms
		SpriteAtlasDatabase.OnAssetPostprocessCallback 0.220ms
		VCAutoAddAssetPostprocess 0.195ms
		MonoPostProcessAllAssets: 210.873ms
			SyncVS.PostprocessSyncProject 39.436ms
			BuilderAssetPostprocessor.OnPostprocessAllAssets 23.954ms
			WindowAssetPostprocessingWatcher.OnPostprocessAllAssets 23.814ms
			AssetChangedListener.OnPostprocessAllAssets 21.178ms
			AssetPostprocessor.OnPostprocessAllAssets 14.064ms
			SpriteSlicePostprocessor.OnPostprocessAllAssets 8.749ms
			RetainedModeAssetPostprocessor.OnPostprocessAllAssets 4.889ms
			EditModeScopePostprocessor.OnPostprocessAllAssets 2.981ms
			SpeedTree9Postprocessor.OnPostprocessAllAssets 2.978ms
			ProjectSettingsPostprocessor.OnPostprocessAllAssets 2.927ms
			SpriteEditorTexturePostprocessor.OnPostprocessAllAssets 2.702ms
			SpriteShapeAssetPostProcessor.OnPostprocessAllAssets 1.934ms
			ArtifactBrowserPostProcessor.OnPostprocessAllAssets 1.836ms
			TMPro_TexturePostProcessor.OnPostprocessAllAssets 1.673ms
			TextAssetPostProcessor.OnPostprocessAllAssets 1.610ms
			ReferencedClipsPostProcessor.OnPostprocessAllAssets 1.419ms
			AudioMixerPostprocessor.OnPostprocessAllAssets 1.314ms
			InputActionAssetPostprocessor.OnPostprocessAllAssets 1.271ms
			StyleCatalogPostProcessor.OnPostprocessAllAssets 1.267ms
			AssetEvents.OnPostprocessAllAssets 1.251ms
			CinemachineSettings.OnPostprocessAllAssets 1.093ms
			InputActionJsonNameModifierAssetProcessor.OnPostprocessAllAssets 0.947ms
			UVCSAssetPostprocessor.OnPostprocessAllAssets 0.935ms
			SpriteLibraryAssetPostprocessor.OnPostprocessAllAssets 0.764ms
			PSDImportPostProcessor.OnPostprocessAllAssets 0.736ms
			TerrainToolbarOverlayPostProcessor.OnPostprocessAllAssets 0.698ms
			SpeedTreePostProcessor.OnPostprocessAllAssets 0.686ms
			DomainReloadProcessor.OnPostprocessAllAssets 0.627ms
			SamplePostprocessor.OnPostprocessAllAssets 0.517ms
			ThemePostprocessor.OnPostprocessAllAssets 0.500ms
			AssetDatabaseCallbacks.OnPostprocessAllAssets 0.450ms
			PSDImporterAssetPostProcessor.OnPostprocessAllAssets 0.431ms
			RenderPipelineGlobalSettingsPostprocessor.OnPostprocessAllAssets 0.401ms
			ConfigAssetsTracker.OnPostprocessAllAssets 0.399ms
			ScenarioDriftAssetsTracker.OnPostprocessAllAssets 0.363ms
			AssetReloadNotifier.OnPostprocessAllAssets 0.303ms
			AudioContainerPostProcessor.OnPostprocessAllAssets 0.283ms
			AssetProcessor.OnPostprocessAllAssets 0.239ms
	PostAssetChangesProfiler: 195.120ms
	GatherAllCurrentPrimaryImportResultRevisions: 0.348ms
	PersistCurrentRevisions: 0.219ms
	GenerateScriptTypeHashes: 3.236ms
	GenerateScriptTypeSerializationHashes: 5.867ms
	Untracked: 9582.168ms

[Licensing::Client] Successfully resolved entitlement details
[Licensing::Client] Successfully resolved entitlement details
[Licensing::Client] Successfully resolved entitlement details
[main 2026-10-02T20:46:22.416Z] update#setState checking for updates
[main 2026-10-02T20:46:23.418Z] update#setState idle
Project ID request failed, Reason: The requested URL returned error: 401 (401).
Unknown Unity Connect error (400). Please contact support at support@unity.com while processing request "https://services.unity.com/api/unity/legacy/v1/projects/568c27f6-37e2-4d04-a3cc-cd50cd05e909", HTTP error code 401
.[Licensing::Client] Successfully resolved entitlement details
Project ID request failed, Reason: The requested URL returned error: 401 (401).
Unknown Unity Connect error (400). Please contact support at support@unity.com while processing request "https://services.unity.com/api/unity/legacy/v1/projects/568c27f6-37e2-4d04-a3cc-cd50cd05e909", HTTP error code 401
.[Licensing::Client] Successfully resolved entitlement details
[Licensing::Client] Successfully updated the access token
[Licensing::Module] Successfully updated access token: "5CngML6D"... (expires: 2026-10-02T22:46:03Z)
UPID Received '568c27f6-37e2-4d04-a3cc-cd50cd05e909'.
[Licensing::Client] Successfully resolved entitlement details
Asset Pipeline Refresh (id=953474343b5c8b344bb480a57de48970): Total: 0.040 seconds - Initiated by RefreshV2(AllowForceSynchronousImport)
Importing 'GUID: 1e40d3baecb2d0a428f06b0aa53ed173 - Path: Assets/Scenes/Nivel_1.unity' with importer (DefaultImporter)
Imported 'GUID: 1e40d3baecb2d0a428f06b0aa53ed173' -> (Import Result ID: '7e684d081d8b99d1e4529fc69ee4627c') in 0.037 seconds [static dependencies only]. Details - ImportResultOutputID=5bc3971975471fcdb989b951ef1e7e5d DependenciesID=8eb4470e6a28585b6e98f1ac2056a019 StaticDependenciesID=2b32379bc7ba1d0e225facb56f5bc9b2 
Refreshing native plugins compatible for Editor in 111.86 ms, found 5 plugins.

Asset Pipeline Refresh (id=fbef504f9fcdee14db819afa27195aa2): Total: 0.307 seconds - Initiated by StopAssetImportingV2(NoUpdateAssetOptions)
	(Values over 0.05ms)
	Summary:
		Imports: total=1 (actual=1, local cache=0, cache server=0)
		Asset DB Process Time: managed=11 ms, native=157 ms
		Asset DB Callback time: managed=19 ms, native=118 ms
		Scripting: domain reloads=0, domain reload time=0 ms, compile time=0 ms, other=0 ms
		Project Asset Count: scripts=1208, non-scripts=1935
		Asset File Changes: new=0, changed=0, moved=0, deleted=0
		Scan Filter Count: 3
	ApplyChangesToAssetFolders: 0.443ms
	Scan: 82.671ms
	Collect global state as custom dependencies: 1.046ms
	ProcessAssetsWithTransientArtifactChanges: 4.072ms
	CategorizeAssets: 9.197ms
	ImportOutOfDateAssets: 53.493ms (0.787ms without children)
		ImportManagerImport: 46.608ms (3.642ms without children)
			UpdateCategorizedAssets: 0.056ms
		ReloadNativeAssets: 0.079ms
		UnloadImportedAssets: 0.667ms
		EnsureUptoDateAssetsAreRegisteredWithGuidPM: 1.171ms
		InitializingProgressBar: 0.112ms
		ImportSchedulerStart: 4.066ms
	PostProcessAllAssets: 25.112ms
		XRBuildSystem.XRAssetImported 4.322ms
		ObjectImages.AssetImported 0.357ms
		PostProcessCallbackCreateDeferredMaterials 0.257ms
		MonoPostProcessAllAssets: 19.419ms
			SyncVS.PostprocessSyncProject 6.304ms
			ConfigAssetsTracker.OnPostprocessAllAssets 3.792ms
			AssetChangedListener.OnPostprocessAllAssets 1.664ms
			AssetPostprocessor.OnPostprocessAllAssets 1.006ms
			ProjectSettingsPostprocessor.OnPostprocessAllAssets 0.502ms
			BuilderAssetPostprocessor.OnPostprocessAllAssets 0.240ms
			SpriteEditorTexturePostprocessor.OnPostprocessAllAssets 0.236ms
			ThemePostprocessor.OnPostprocessAllAssets 0.225ms
			WindowAssetPostprocessingWatcher.OnPostprocessAllAssets 0.179ms
			SpriteShapeAssetPostProcessor.OnPostprocessAllAssets 0.092ms
			ReferencedClipsPostProcessor.OnPostprocessAllAssets 0.089ms
			TMPro_TexturePostProcessor.OnPostprocessAllAssets 0.071ms
			SpeedTreePostProcessor.OnPostprocessAllAssets 0.069ms
			SpriteSlicePostprocessor.OnPostprocessAllAssets 0.061ms
			InputActionAssetPostprocessor.OnPostprocessAllAssets 0.050ms
	PostAssetChangesProfiler: 112.830ms
	GatherAllCurrentPrimaryImportResultRevisions: 0.580ms
	UnloadStreamsBegin: 0.095ms
	PersistCurrentRevisions: 0.191ms
	Untracked: 17.236ms

Loaded scene 'Library/Unused/55b453db696ec1349a523ca2404fd968'
	Deserialize:            1.461 ms
	Integration:            3.689 ms
	Integration of assets:  0.003 ms
	Thread Wait Time:       0.014 ms
	Total Operation Time:   5.167 ms
Unloading 14 Unused Serialized files (Serialized files now loaded: 0)
Unloading 75 unused Assets / (28.7 KB). Loaded Objects now: 7846.
Memory consumption went from 0.60 GB to 0.60 GB.
Total: 60.120000 ms (FindLiveObjects: 1.024300 ms CreateObjectMapping: 0.289300 ms MarkObjects: 56.101400 ms  DeleteObjects: 2.201200 ms)

Unloading 1 Unused Serialized files (Serialized files now loaded: 0)
Unloading 0 unused Assets / (0 B). Loaded Objects now: 7847.
Memory consumption went from 0.60 GB to 0.60 GB.
Total: 45.201200 ms (FindLiveObjects: 1.092500 ms CreateObjectMapping: 0.306400 ms MarkObjects: 43.315800 ms  DeleteObjects: 0.028100 ms)

Unloading 0 Unused Serialized files (Serialized files now loaded: 0)
Unloading 0 unused Assets / (0.9 KB). Loaded Objects now: 7847.
Memory consumption went from 0.60 GB to 0.60 GB.
Total: 41.991000 ms (FindLiveObjects: 1.231000 ms CreateObjectMapping: 0.422900 ms MarkObjects: 39.711500 ms  DeleteObjects: 0.032400 ms)

Unloading 0 Unused Serialized files (Serialized files now loaded: 0)
Unloading 0 unused Assets / (0.9 KB). Loaded Objects now: 7847.
Memory consumption went from 0.60 GB to 0.60 GB.
Total: 29.344900 ms (FindLiveObjects: 0.880400 ms CreateObjectMapping: 0.198000 ms MarkObjects: 27.880200 ms  DeleteObjects: 0.033000 ms)

Unloading 0 Unused Serialized files (Serialized files now loaded: 0)
Unloading 0 unused Assets / (0.9 KB). Loaded Objects now: 7847.
Memory consumption went from 0.60 GB to 0.60 GB.
Total: 65.757500 ms (FindLiveObjects: 1.818900 ms CreateObjectMapping: 0.500000 ms MarkObjects: 62.671600 ms  DeleteObjects: 0.039800 ms)

Unloading 0 Unused Serialized files (Serialized files now loaded: 0)
Unloading 0 unused Assets / (0.9 KB). Loaded Objects now: 7847.
Memory consumption went from 0.60 GB to 0.60 GB.
Total: 52.580600 ms (FindLiveObjects: 1.455200 ms CreateObjectMapping: 0.386300 ms MarkObjects: 49.897900 ms  DeleteObjects: 0.036000 ms)

Importing 'GUID: e2819c9b9e0847a4fa42d4fd73e9a38a - Path: Assets/Prefabs/PiedraPeligro/PiedraPeligro.prefab' with importer (PrefabImporter)
Imported 'GUID: e2819c9b9e0847a4fa42d4fd73e9a38a' -> (Import Result ID: 'a2d66669bfc2762ce4d3d63e3f4c9e45') in 0.037 seconds [static and dynamic dependencies]. Details - ImportResultOutputID=3909b2b73101cd59e015dfd49bac388f DependenciesID=863326796f9f37ccec86ec8ae4777bf4 StaticDependenciesID=03f6768e14fd38f8f2647db16a486bb4 
Refreshing native plugins compatible for Editor in 10.03 ms, found 5 plugins.

Asset Pipeline Refresh (id=e630ba2e658b49f42b70de5cf7d8e60e): Total: 0.593 seconds - Initiated by StopAssetImportingV2(NoUpdateAssetOptions)
	(Values over 0.05ms)
	Summary:
		Imports: total=1 (actual=1, local cache=0, cache server=0)
		Asset DB Process Time: managed=2 ms, native=163 ms
		Asset DB Callback time: managed=15 ms, native=411 ms
		Scripting: domain reloads=0, domain reload time=0 ms, compile time=0 ms, other=0 ms
		Project Asset Count: scripts=1208, non-scripts=1935
		Asset File Changes: new=0, changed=1, moved=0, deleted=0
		Scan Filter Count: 4
	ApplyChangesToAssetFolders: 0.753ms
	Scan: 55.950ms
	Collect global state as custom dependencies: 4.605ms
	OnSourceAssetsModified: 2.523ms
	ProcessAssetsWithTransientArtifactChanges: 0.475ms
	CategorizeAssets: 13.345ms
	ImportOutOfDateAssets: 48.750ms (0.515ms without children)
		ImportManagerImport: 44.246ms (1.683ms without children)
			UpdateCategorizedAssets: 0.077ms
		UnloadImportedAssets: 0.875ms
		ReloadImportedAssets: 3.643ms
		EnsureUptoDateAssetsAreRegisteredWithGuidPM: 1.551ms
		ImportSchedulerStart: 1.481ms
	PostProcessAllAssets: 36.539ms
		XRBuildSystem.XRAssetImported 22.880ms
		MonoPostProcessAllAssets: 12.682ms
			SyncVS.PostprocessSyncProject 4.359ms
			ConfigAssetsTracker.OnPostprocessAllAssets 1.803ms
			AssetChangedListener.OnPostprocessAllAssets 0.895ms
			SpriteEditorTexturePostprocessor.OnPostprocessAllAssets 0.267ms
			SpriteShapeAssetPostProcessor.OnPostprocessAllAssets 0.147ms
			AssetPostprocessor.OnPostprocessAllAssets 0.144ms
			SamplePostprocessor.OnPostprocessAllAssets 0.099ms
			SpriteSlicePostprocessor.OnPostprocessAllAssets 0.085ms
			TMPro_TexturePostProcessor.OnPostprocessAllAssets 0.054ms
	PostAssetChangesProfiler: 388.015ms
	GatherAllCurrentPrimaryImportResultRevisions: 2.093ms
	UnloadStreamsBegin: 0.050ms
	PersistCurrentRevisions: 0.447ms
	Untracked: 10.870ms

Loaded scene 'Library/Unused/470243d95bc120146bed57f73427c156'
	Deserialize:            0.863 ms
	Integration:            0.305 ms
	Integration of assets:  0.005 ms
	Thread Wait Time:       0.033 ms
	Total Operation Time:   1.207 ms
Asset Pipeline Refresh (id=a3f127f27946ed0448d77c6f6c1da9f4): Total: 0.058 seconds - Initiated by RefreshV2(AllowForceSynchronousImport)
Asset Pipeline Refresh (id=6e3e2970b27a4804db5899a67d0ebef9): Total: 0.012 seconds - Initiated by RefreshV2(AllowForceSynchronousImport)
Asset Pipeline Refresh (id=0f60d966aa18dcc4ea18e9746b664b78): Total: 0.022 seconds - Initiated by RefreshV2(AllowForceSynchronousImport)
Asset Pipeline Refresh (id=ce25df73ed401534ab5ac7a9679b6ac9): Total: 0.020 seconds - Initiated by RefreshV2(AllowForceSynchronousImport)
Asset Pipeline Refresh (id=ee4a19569d04f9f4598efa40110b4f6e): Total: 0.011 seconds - Initiated by RefreshV2(AllowForceSynchronousImport)
Asset Pipeline Refresh (id=6cd4908b89e7aed4e9ee0a394f4cfd34): Total: 0.016 seconds - Initiated by RefreshV2(AllowForceSynchronousImport)
Asset Pipeline Refresh (id=1247e13f3d5bdde43a084e796e0155ae): Total: 0.015 seconds - Initiated by RefreshV2(AllowForceSynchronousImport)
Asset Pipeline Refresh (id=aab60914d401477429b2eddbb26c9079): Total: 0.019 seconds - Initiated by RefreshV2(AllowForceSynchronousImport)
Unloading 1 Unused Serialized files (Serialized files now loaded: 0)
Unloading 19 unused Assets / (5.3 KB). Loaded Objects now: 7920.
Memory consumption went from 0.60 GB to 0.60 GB.
Total: 299.683000 ms (FindLiveObjects: 79.167000 ms CreateObjectMapping: 0.445800 ms MarkObjects: 218.124700 ms  DeleteObjects: 1.153100 ms)

Asset Pipeline Refresh (id=087cc70402e489c46afdd3b5e7f72358): Total: 0.047 seconds - Initiated by RefreshV2(AllowForceSynchronousImport)
[Worker0] Imported GUID: d494c7fba14330749912000ec248be40 - Path: Assets/Scripts/Core/PiedraPool.cs - Importer: ScriptedImporter/UnityEditor.QuickSearchModule:UnityEditor.Search:ASIAI0B -> (ImportResultId: '26530840395dc506baaccd6083ac1cb6') in 2.0825358 seconds
[Worker1] Imported GUID: e2819c9b9e0847a4fa42d4fd73e9a38a - Path: Assets/Prefabs/PiedraPeligro/PiedraPeligro.prefab - Importer: ScriptedImporter/UnityEditor.QuickSearchModule:UnityEditor.Search:ASIAI0B -> (ImportResultId: 'dad77314d0c5ea2d732101acc2e1b5bf') in 2.7303176 seconds
Assembly reference Packages/com.unity.cinemachine/Editor/Samples/ExposeHDRPInternals/HDRP-Editor-ref.asmref has no target assembly definition
[ScriptCompilation] Requested script compilation because: AssetDatabase observed changes in script compilation related files
[Licensing::Client] Successfully resolved entitlement details
Refreshing native plugins compatible for Editor in 14.93 ms, found 5 plugins.

Asset Pipeline Refresh (id=287d5ef3d3046614f9f35f994a6c9a1d): Total: 2.531 seconds - Initiated by StopAssetImportingV2(NoUpdateAssetOptions)
	(Values over 0.05ms)
	Summary:
		Imports: total=0 (actual=0, local cache=0, cache server=0)
		Asset DB Process Time: managed=0 ms, native=481 ms
		Asset DB Callback time: managed=1890 ms, native=155 ms
		Scripting: domain reloads=0, domain reload time=0 ms, compile time=4 ms, other=0 ms
		Project Asset Count: scripts=1208, non-scripts=1935
		Asset File Changes: new=1, changed=1, moved=0, deleted=0
		Scan Filter Count: 4
	ApplyChangesToAssetFolders: 0.318ms
	Scan: 95.965ms
	Collect global state as custom dependencies: 1.261ms
	OnSourceAssetsModified: 0.358ms
	CategorizeScriptCompilationAssets: 1.288ms
	ProcessAssetsWithTransientArtifactChanges: 9.330ms
	CategorizeAssets: 12.914ms
	CompileScripts: 3.556ms
	ImportOutOfDateAssets: 6.922ms (0.534ms without children)
		ReloadNativeAssets: 0.081ms
		UnloadImportedAssets: 0.810ms
		EnsureUptoDateAssetsAreRegisteredWithGuidPM: 1.756ms
		ImportSchedulerStart: 3.732ms
	PostProcessAllAssets: 1855.687ms
		XRBuildSystem.XRAssetImported 136.101ms
		PostProcessCallbackCreateDeferredMaterials 1.560ms
		ShaderAssetModifiedCallback 0.329ms
		VersionControlSettings.HiddenFilePostprocess 0.194ms
		ObjectImages.AssetImported 0.174ms
		MonoPostProcessAllAssets: 1716.177ms
			SyncVS.PostprocessSyncProject 1704.949ms
			ConfigAssetsTracker.OnPostprocessAllAssets 3.047ms
			AssetPostprocessor.OnPostprocessAllAssets 0.903ms
			AssetChangedListener.OnPostprocessAllAssets 0.864ms
			ProjectSettingsPostprocessor.OnPostprocessAllAssets 0.724ms
			SpriteShapeAssetPostProcessor.OnPostprocessAllAssets 0.468ms
			SpriteEditorTexturePostprocessor.OnPostprocessAllAssets 0.324ms
			SpeedTreePostProcessor.OnPostprocessAllAssets 0.309ms
			TextAssetPostProcessor.OnPostprocessAllAssets 0.292ms
			AssetDatabaseCallbacks.OnPostprocessAllAssets 0.271ms
			WindowAssetPostprocessingWatcher.OnPostprocessAllAssets 0.235ms
			AudioContainerPostProcessor.OnPostprocessAllAssets 0.234ms
			AudioMixerPostprocessor.OnPostprocessAllAssets 0.225ms
			ReferencedClipsPostProcessor.OnPostprocessAllAssets 0.211ms
			TerrainToolbarOverlayPostProcessor.OnPostprocessAllAssets 0.190ms
			BuilderAssetPostprocessor.OnPostprocessAllAssets 0.187ms
			SpriteSlicePostprocessor.OnPostprocessAllAssets 0.175ms
			RetainedModeAssetPostprocessor.OnPostprocessAllAssets 0.130ms
			EditModeScopePostprocessor.OnPostprocessAllAssets 0.129ms
			TMPro_TexturePostProcessor.OnPostprocessAllAssets 0.119ms
			SpriteLibraryAssetPostprocessor.OnPostprocessAllAssets 0.094ms
			ThemePostprocessor.OnPostprocessAllAssets 0.090ms
			AssetProcessor.OnPostprocessAllAssets 0.080ms
			UVCSAssetPostprocessor.OnPostprocessAllAssets 0.068ms
			SamplePostprocessor.OnPostprocessAllAssets 0.067ms
			AssetEvents.OnPostprocessAllAssets 0.058ms
			SpeedTree9Postprocessor.OnPostprocessAllAssets 0.051ms
	PostAssetChangesProfiler: 190.575ms
	GatherAllCurrentPrimaryImportResultRevisions: 0.375ms
	UnloadStreamsBegin: 0.074ms
	PersistCurrentRevisions: 0.318ms
	Untracked: 352.411ms

[Worker1] Imported GUID: 1d86699bf0622864ca9f1148ed538d2b - Path: Assets/Scripts/Environment/GeneradorPiedras.cs - Importer: PreviewImporter -> (ImportResultId: 'c9b003ee47664082d832662a611baa7a') in 0.0262931 seconds
[Worker1] Imported GUID: 1d86699bf0622864ca9f1148ed538d2b - Path: Assets/Scripts/Environment/GeneradorPiedras.cs - Importer: ScriptedImporter/UnityEditor.QuickSearchModule:UnityEditor.Search:ASIAI0B -> (ImportResultId: '886b361174b231fedd6767ce5ba93043') in 0.0150434 seconds
Starting: C:\Program Files\Unity\Hub\Editor\6000.6.0f1\Editor\Data\Tools\BuildPipeline\bee_backend.exe --ipc --defer-dag-verification --dagfile="Library/Bee/1900b0aE.dag" --continue-on-failure --profile="Library/Bee/backend1.traceevents" ScriptAssemblies
WorkingDir: C:/Users/kimji/Ingenieria_MisionKonstruir
ExitCode: 4 Duration: 1s696ms
Rebuilding DAG because FileSignature timestamp changed: Library/Bee/1900b0aE-inputdata.json
[747/958    0s] ILPP-Configuration Library/ilpp-configuration.nevergeneratedoutput
*** Tundra requires additional run (1.17 seconds), 1 items updated, 746 evaluated
Starting: C:\Program Files\Unity\Hub\Editor\6000.6.0f1\Editor\Data\DotNetSdk\dotnet.exe "C:\Program Files\Unity\Hub\Editor\6000.6.0f1\Editor\Data\Tools\BuildPipeline\ScriptCompilationBuildProgram.exe" "Library/Bee/1900b0aE.dag.json" "Library/Bee/1900b0aE-inputdata.json" "Library\Bee\buildprogram0.traceevents"
WorkingDir: C:/Users/kimji/Ingenieria_MisionKonstruir
ExitCode: 0 Duration: 5s521ms
Starting: C:\Program Files\Unity\Hub\Editor\6000.6.0f1\Editor\Data\Tools\BuildPipeline\bee_backend.exe --ipc --defer-dag-verification --dagfile="Library/Bee/1900b0aE.dag" --continue-on-failure --dagfilejson="Library\Bee\1900b0aE.dag.json" --profile="Library/Bee/backend2.traceevents" ScriptAssemblies
WorkingDir: C:/Users/kimji/Ingenieria_MisionKonstruir
ExitCode: 0 Duration: 11s
Finished compiling graph: 961 nodes, 18367 flattened edges (15745 ToBuild, 146 ToUse), maximum node priority 1020
[533/958    0s] WriteText Library/Bee/artifacts/1900b0aE.dag/Assembly-CSharp.rsp
[746/958    0s] ILPP-Configuration Library/ilpp-configuration.nevergeneratedoutput
[BUSY       6s] Csc Library/Bee/artifacts/1900b0aE.dag/Assembly-CSharp.dll (+2 others)
[954/958    8s] Csc Library/Bee/artifacts/1900b0aE.dag/Assembly-CSharp.dll (+2 others)
Assets\Scripts\Core\GameManager.cs(20,39): warning CS0414: The field 'GameManager.grietaReparada' is assigned but its value is never used
[955/958    0s] ILPostProcess Library/Bee/artifacts/1900b0aE.dag/post-processed/Assembly-CSharp.dll (+pdb)
Processing assembly Library/Bee/artifacts/1900b0aE.dag/Assembly-CSharp.dll, with 150 defines and 350 references

processors: Unity.Jobs.CodeGen.JobsILPostProcessor, zzzUnity.Burst.CodeGen.BurstILPostProcessor

1 processor(s) skipped this assembly

running Unity.Jobs.CodeGen.JobsILPostProcessor
[956/958    0s] CopyFiles Library/ScriptAssemblies/Assembly-CSharp.pdb
[957/958    0s] CopyFiles Library/ScriptAssemblies/Assembly-CSharp.dll
*** Tundra build success (11.39 seconds), 6 items updated, 958 evaluated
Assets\Scripts\Core\GameManager.cs(20,39): warning CS0414: The field 'GameManager.grietaReparada' is assigned but its value is never used
Reloading assemblies after forced synchronous recompile.
Begin MonoManager ReloadAssembly
Total cache size 267849644
Total cache size after purge 267849644, took 00:00:03.7058949
Assembly reference Packages/com.unity.cinemachine/Editor/Samples/ExposeHDRPInternals/HDRP-Editor-ref.asmref has no target assembly definition
Refreshing native plugins compatible for Editor in 24.19 ms, found 5 plugins.
Native extension for WindowsStandalone target not found
Native extension for WebGL target not found
[MODES] ModeService[none].Initialize
[MODES] ModeService[none].LoadModes
ScheduleIndexationOnStartup MainProcess:True IndexOnStartup:True
Scripting: successfully reloaded assembly
- Finished resetting the current domain, in 12.802 seconds
Domain Reload Profiling: 25113ms
	BeginReloadAssembly (7512ms)
		ExecutionOrderSort (28ms)
		DisableScriptedObjects (1707ms)
		CreateAndSetChildDomain (2645ms)
	RebuildCommonClasses (78ms)
	RebuildNativeTypeToScriptingClass (141ms)
	initialDomainReloadingComplete (1114ms)
	LoadAllAssembliesAndSetupDomain (3460ms)
		LoadAssemblies (3328ms)
		TypeCache.Refresh (119ms)
			TypeCache.ScanAssembly (3ms)
		AnalyzeDomain (1095ms)
			BuildScriptInfoCaches (948ms)
			ResolveRequiredComponents (55ms)
	FinalizeReload (12808ms)
		SetupLoadedEditorAssemblies (0ms)
			LogAssemblyErrors (13ms)
			InitializePlatformSupportModulesInManaged (12ms)
			BeforeProcessingInitializeOnLoad (2028ms)
			ProcessInitializeOnLoadAttributes (3209ms)
			ProcessInitializeOnLoadMethodAttributes (478ms)
			AfterProcessingInitializeOnLoad (78ms)
			EditorAssembliesLoaded (9ms)
		AwakeInstancesAfterBackupRestoration (4275ms)
Refreshing native plugins compatible for Editor in 16.73 ms, found 5 plugins.

Asset Pipeline Refresh (id=3798dbbd2a5556c449696307b41af84b): Total: 41.406 seconds - Initiated by RefreshV2(AllowForceSynchronousImport)
	(Values over 0.05ms)
	Summary:
		Imports: total=0 (actual=0, local cache=0, cache server=0)
		Asset DB Process Time: managed=0 ms, native=13306 ms
		Asset DB Callback time: managed=348 ms, native=369 ms
		Scripting: domain reloads=1, domain reload time=12852 ms, compile time=14530 ms, other=0 ms
		Project Asset Count: scripts=1208, non-scripts=1935
		Asset File Changes: new=0, changed=0, moved=0, deleted=0
		Scan Filter Count: 0
	InvokePackagesCallback: 11.084ms
	ApplyChangesToAssetFolders: 0.906ms
	Scan: 40.363ms
	Collect global state as custom dependencies: 6.916ms
	ProcessAssetsWithTransientArtifactChanges: 12.714ms
	CategorizeAssets: 139.069ms
	CompileScripts: 14530.040ms
	ImportOutOfDateAssets: 12860.797ms (12851.177ms without children)
		CollectScriptTypesHashes: 0.536ms
		ReloadNativeAssets: 0.051ms
		UnloadImportedAssets: 0.385ms
		EnsureUptoDateAssetsAreRegisteredWithGuidPM: 2.096ms
		ImportSchedulerStart: 4.804ms
	PostProcessAllAssets: 360.652ms
		XRBuildSystem.XRAssetImported 4.403ms
		PostProcessCallbackCreateDeferredMaterials 0.587ms
		ShaderAssetModifiedCallback 0.295ms
		VCAutoAddAssetPostprocess 0.227ms
		SpriteAtlasDatabase.OnAssetPostprocessCallback 0.226ms
		AssemblyValidation.PostprocessAllAssets 0.175ms
		MonoPostProcessAllAssets: 348.381ms
			SyncVS.PostprocessSyncProject 52.801ms
			BuilderAssetPostprocessor.OnPostprocessAllAssets 44.130ms
			WindowAssetPostprocessingWatcher.OnPostprocessAllAssets 43.647ms
			AssetChangedListener.OnPostprocessAllAssets 40.197ms
			AssetPostprocessor.OnPostprocessAllAssets 28.704ms
			SpriteSlicePostprocessor.OnPostprocessAllAssets 17.884ms
			RetainedModeAssetPostprocessor.OnPostprocessAllAssets 9.390ms
			ProjectSettingsPostprocessor.OnPostprocessAllAssets 5.241ms
			SpeedTree9Postprocessor.OnPostprocessAllAssets 5.092ms
			EditModeScopePostprocessor.OnPostprocessAllAssets 4.122ms
			SpriteEditorTexturePostprocessor.OnPostprocessAllAssets 3.416ms
			SpriteShapeAssetPostProcessor.OnPostprocessAllAssets 3.231ms
			AudioMixerPostprocessor.OnPostprocessAllAssets 2.990ms
			TMPro_TexturePostProcessor.OnPostprocessAllAssets 2.749ms
			ArtifactBrowserPostProcessor.OnPostprocessAllAssets 2.615ms
			InputActionAssetPostprocessor.OnPostprocessAllAssets 2.473ms
			TextAssetPostProcessor.OnPostprocessAllAssets 2.199ms
			UVCSAssetPostprocessor.OnPostprocessAllAssets 1.889ms
			CinemachineSettings.OnPostprocessAllAssets 1.879ms
			ReferencedClipsPostProcessor.OnPostprocessAllAssets 1.824ms
			AssetEvents.OnPostprocessAllAssets 1.721ms
			StyleCatalogPostProcessor.OnPostprocessAllAssets 1.691ms
			InputActionJsonNameModifierAssetProcessor.OnPostprocessAllAssets 1.538ms
			SpriteLibraryAssetPostprocessor.OnPostprocessAllAssets 1.452ms
			SpeedTreePostProcessor.OnPostprocessAllAssets 1.219ms
			TerrainToolbarOverlayPostProcessor.OnPostprocessAllAssets 1.149ms
			PSDImportPostProcessor.OnPostprocessAllAssets 1.035ms
			ThemePostprocessor.OnPostprocessAllAssets 0.978ms
			DomainReloadProcessor.OnPostprocessAllAssets 0.916ms
			SamplePostprocessor.OnPostprocessAllAssets 0.831ms
			AssetDatabaseCallbacks.OnPostprocessAllAssets 0.776ms
			AssetReloadNotifier.OnPostprocessAllAssets 0.770ms
			AudioContainerPostProcessor.OnPostprocessAllAssets 0.738ms
			PSDImporterAssetPostProcessor.OnPostprocessAllAssets 0.690ms
			ConfigAssetsTracker.OnPostprocessAllAssets 0.663ms
			ScenarioDriftAssetsTracker.OnPostprocessAllAssets 0.563ms
			RenderPipelineGlobalSettingsPostprocessor.OnPostprocessAllAssets 0.548ms
			AssetProcessor.OnPostprocessAllAssets 0.342ms
	PostAssetChangesProfiler: 354.204ms
	GatherAllCurrentPrimaryImportResultRevisions: 32.148ms
	PersistCurrentRevisions: 0.241ms
	GenerateScriptTypeHashes: 8.362ms
	GenerateScriptTypeSerializationHashes: 11.240ms
	Untracked: 13004.292ms

[Licensing::Client] Successfully resolved entitlement details
[Licensing::Client] Successfully resolved entitlement details
[Licensing::Client] Successfully resolved entitlement details
Asset Pipeline Refresh (id=feb17c71cbba42b42870a418c183f930): Total: 0.022 seconds - Initiated by RefreshV2(AllowForceSynchronousImport)
[Worker0] Imported GUID: 1d86699bf0622864ca9f1148ed538d2b - Path: Assets/Scripts/Environment/GeneradorPiedras.cs - Importer: PreviewImporter -> (ImportResultId: 'd95950a75410c85e100f290bb0a804ec') in 0.0486815 seconds
[Licensing::Client] Successfully resolved entitlement details

[ScriptCompilation] Requested script compilation because: AssetDatabase observed changes in script compilation related files
Starting: C:\Program Files\Unity\Hub\Editor\6000.6.0f1\Editor\Data\Tools\BuildPipeline\bee_backend.exe --ipc --defer-dag-verification --dagfile="Library/Bee/1900b0aE.dag" --continue-on-failure --profile="Library/Bee/backend1.traceevents" ScriptAssemblies
WorkingDir: C:/Users/kimji/Ingenieria_MisionKonstruir
ExitCode: 0 Duration: 4s363ms
[746/958    0s] ILPP-Configuration Library/ilpp-configuration.nevergeneratedoutput
[954/958    2s] Csc Library/Bee/artifacts/1900b0aE.dag/Assembly-CSharp.dll (+2 others)
Assets\Scripts\Core\GameManager.cs(20,39): warning CS0414: The field 'GameManager.grietaReparada' is assigned but its value is never used
[955/958    0s] ILPostProcess Library/Bee/artifacts/1900b0aE.dag/post-processed/Assembly-CSharp.dll (+pdb)
Processing assembly Library/Bee/artifacts/1900b0aE.dag/Assembly-CSharp.dll, with 150 defines and 350 references

processors: Unity.Jobs.CodeGen.JobsILPostProcessor, zzzUnity.Burst.CodeGen.BurstILPostProcessor

1 processor(s) skipped this assembly

running Unity.Jobs.CodeGen.JobsILPostProcessor
[956/958    0s] CopyFiles Library/ScriptAssemblies/Assembly-CSharp.pdb
[957/958    0s] CopyFiles Library/ScriptAssemblies/Assembly-CSharp.dll
*** Tundra build success (4.13 seconds), 5 items updated, 958 evaluated
Assets\Scripts\Core\GameManager.cs(20,39): warning CS0414: The field 'GameManager.grietaReparada' is assigned but its value is never used
Reloading assemblies after forced synchronous recompile.
Begin MonoManager ReloadAssembly
Total cache size 267849644
Total cache size after purge 267849644, took 00:00:03.1413213
Assembly reference Packages/com.unity.cinemachine/Editor/Samples/ExposeHDRPInternals/HDRP-Editor-ref.asmref has no target assembly definition
Refreshing native plugins compatible for Editor in 14.71 ms, found 5 plugins.
Native extension for WindowsStandalone target not found
Native extension for WebGL target not found
[MODES] ModeService[none].Initialize
[MODES] ModeService[none].LoadModes
ScheduleIndexationOnStartup MainProcess:True IndexOnStartup:True
Scripting: successfully reloaded assembly
- Finished resetting the current domain, in 11.336 seconds
Domain Reload Profiling: 21629ms
	BeginReloadAssembly (5850ms)
		DisableScriptedObjects (1295ms)
		CreateAndSetChildDomain (2685ms)
	RebuildCommonClasses (55ms)
	RebuildNativeTypeToScriptingClass (106ms)
	initialDomainReloadingComplete (1108ms)
	LoadAllAssembliesAndSetupDomain (3170ms)
		LoadAssemblies (1806ms)
		TypeCache.Refresh (90ms)
			TypeCache.ScanAssembly (3ms)
		AnalyzeDomain (1162ms)
			BuildScriptInfoCaches (1072ms)
			ResolveRequiredComponents (45ms)
	FinalizeReload (11341ms)
		SetupLoadedEditorAssemblies (0ms)
			LogAssemblyErrors (9ms)
			InitializePlatformSupportModulesInManaged (10ms)
			BeforeProcessingInitializeOnLoad (1587ms)
			ProcessInitializeOnLoadAttributes (2959ms)
			ProcessInitializeOnLoadMethodAttributes (443ms)
			AfterProcessingInitializeOnLoad (49ms)
			EditorAssembliesLoaded (7ms)
		AwakeInstancesAfterBackupRestoration (3989ms)
Refreshing native plugins compatible for Editor in 15.05 ms, found 5 plugins.

Asset Pipeline Refresh (id=b761c7d2c90a7e442b5ded1bba6086b7): Total: 30.629 seconds - Initiated by RefreshV2(AllowForceSynchronousImport)
	(Values over 0.05ms)
	Summary:
		Imports: total=0 (actual=0, local cache=0, cache server=0)
		Asset DB Process Time: managed=0 ms, native=12118 ms
		Asset DB Callback time: managed=283 ms, native=337 ms
		Scripting: domain reloads=1, domain reload time=11121 ms, compile time=6768 ms, other=0 ms
		Project Asset Count: scripts=1208, non-scripts=1935
		Asset File Changes: new=0, changed=1, moved=0, deleted=0
		Scan Filter Count: 0
	InvokePackagesCallback: 12.460ms
	ApplyChangesToAssetFolders: 1.582ms
	Scan: 134.691ms
	Collect global state as custom dependencies: 10.564ms
	OnSourceAssetsModified: 7.151ms
	CategorizeScriptCompilationAssets: 0.457ms
	ProcessAssetsWithTransientArtifactChanges: 23.278ms
	CategorizeAssets: 250.853ms
	CompileScripts: 6768.394ms
	ImportOutOfDateAssets: 11385.837ms (11373.585ms without children)
		CollectScriptTypesHashes: 0.207ms
		ReloadNativeAssets: 0.110ms
		UnloadImportedAssets: 0.215ms
		EnsureUptoDateAssetsAreRegisteredWithGuidPM: 2.818ms
		ImportSchedulerStart: 8.757ms
	PostProcessAllAssets: 293.559ms
		XRBuildSystem.XRAssetImported 5.646ms
		PostProcessCallbackCreateDeferredMaterials 1.248ms
		VCAutoAddAssetPostprocess 0.709ms
		SpriteAtlasDatabase.OnAssetPostprocessCallback 0.430ms
		ShaderAssetModifiedCallback 0.421ms
		PostprocessAssetsUpdateCachedIcon 0.080ms
		MonoPostProcessAllAssets: 277.621ms
			SyncVS.PostprocessSyncProject 39.569ms
			BuilderAssetPostprocessor.OnPostprocessAllAssets 38.291ms
			WindowAssetPostprocessingWatcher.OnPostprocessAllAssets 32.776ms
			AssetChangedListener.OnPostprocessAllAssets 21.874ms
			AssetPostprocessor.OnPostprocessAllAssets 16.900ms
			SpriteSlicePostprocessor.OnPostprocessAllAssets 10.682ms
			RetainedModeAssetPostprocessor.OnPostprocessAllAssets 5.199ms
			EditModeScopePostprocessor.OnPostprocessAllAssets 4.999ms
			SpeedTree9Postprocessor.OnPostprocessAllAssets 3.703ms
			ProjectSettingsPostprocessor.OnPostprocessAllAssets 3.372ms
			TMPro_TexturePostProcessor.OnPostprocessAllAssets 2.652ms
			SpriteEditorTexturePostprocessor.OnPostprocessAllAssets 2.111ms
			StyleCatalogPostProcessor.OnPostprocessAllAssets 2.022ms
			CinemachineSettings.OnPostprocessAllAssets 1.870ms
			SpriteShapeAssetPostProcessor.OnPostprocessAllAssets 1.824ms
			ArtifactBrowserPostProcessor.OnPostprocessAllAssets 1.807ms
			InputActionAssetPostprocessor.OnPostprocessAllAssets 1.521ms
			AudioMixerPostprocessor.OnPostprocessAllAssets 1.518ms
			ReferencedClipsPostProcessor.OnPostprocessAllAssets 1.499ms
			TextAssetPostProcessor.OnPostprocessAllAssets 1.481ms
			AssetEvents.OnPostprocessAllAssets 1.270ms
			UVCSAssetPostprocessor.OnPostprocessAllAssets 1.267ms
			InputActionJsonNameModifierAssetProcessor.OnPostprocessAllAssets 1.135ms
			DomainReloadProcessor.OnPostprocessAllAssets 0.831ms
			SpriteLibraryAssetPostprocessor.OnPostprocessAllAssets 0.765ms
			TerrainToolbarOverlayPostProcessor.OnPostprocessAllAssets 0.746ms
			SpeedTreePostProcessor.OnPostprocessAllAssets 0.676ms
			PSDImportPostProcessor.OnPostprocessAllAssets 0.578ms
			AssetDatabaseCallbacks.OnPostprocessAllAssets 0.571ms
			ConfigAssetsTracker.OnPostprocessAllAssets 0.541ms
			SamplePostprocessor.OnPostprocessAllAssets 0.531ms
			ScenarioDriftAssetsTracker.OnPostprocessAllAssets 0.483ms
			ThemePostprocessor.OnPostprocessAllAssets 0.482ms
			AssetReloadNotifier.OnPostprocessAllAssets 0.437ms
			PSDImporterAssetPostProcessor.OnPostprocessAllAssets 0.389ms
			AudioContainerPostProcessor.OnPostprocessAllAssets 0.327ms
			RenderPipelineGlobalSettingsPostprocessor.OnPostprocessAllAssets 0.311ms
			AssetProcessor.OnPostprocessAllAssets 0.240ms
	PostAssetChangesProfiler: 318.507ms
	GatherAllCurrentPrimaryImportResultRevisions: 2.829ms
	PersistCurrentRevisions: 0.468ms
	GenerateScriptTypeHashes: 4.536ms
	GenerateScriptTypeSerializationHashes: 7.752ms
	Untracked: 11354.787ms

[Licensing::Client] Successfully resolved entitlement details
[Licensing::Client] Successfully resolved entitlement details
[Licensing::Client] Successfully resolved entitlement details
Asset Pipeline Refresh (id=99c04f1d714c7cd41902cc1922a16a8a): Total: 0.035 seconds - Initiated by RefreshV2(AllowForceSynchronousImport)
Asset Pipeline Refresh (id=63dac6c7794a27b49b0defeea7835542): Total: 0.020 seconds - Initiated by RefreshV2(AllowForceSynchronousImport)
[Licensing::Client] Successfully resolved entitlement details
[Worker0] Imported GUID: e2819c9b9e0847a4fa42d4fd73e9a38a - Path: Assets/Prefabs/PiedraPeligro/PiedraPeligro.prefab - Importer: PreviewImporter -> (ImportResultId: 'e575878d4d0ba4072b57adce0e6e4cff') in 0.965898 seconds
[main 2026-10-02T21:46:22.458Z] update#setState checking for updates
[main 2026-10-02T21:46:23.247Z] update#setState idle
SpriteAtlasPacking completed in 0.046634 sec
Reloading assemblies for play mode.
Reloading assemblies after forced synchronous recompile.
[Licensing::Client] Successfully resolved entitlement details
Begin MonoManager ReloadAssembly
Assembly reference Packages/com.unity.cinemachine/Editor/Samples/ExposeHDRPInternals/HDRP-Editor-ref.asmref has no target assembly definition
Refreshing native plugins compatible for Editor in 14.44 ms, found 5 plugins.
Native extension for WindowsStandalone target not found
Native extension for WebGL target not found
ScheduleIndexationOnStartup MainProcess:True IndexOnStartup:True
[MODES] ModeService[none].Initialize
[MODES] ModeService[none].LoadModes
Scripting: successfully reloaded assembly
- Finished resetting the current domain, in  7.810 seconds
Domain Reload Profiling: 12012ms
	BeginReloadAssembly (2687ms)
		DisableScriptedObjects (633ms)
		CreateAndSetChildDomain (1219ms)
	RebuildCommonClasses (43ms)
	RebuildNativeTypeToScriptingClass (70ms)
	initialDomainReloadingComplete (289ms)
	LoadAllAssembliesAndSetupDomain (1108ms)
		LoadAssemblies (730ms)
		TypeCache.Refresh (41ms)
		AnalyzeDomain (37ms)
			ResolveRequiredComponents (22ms)
	FinalizeReload (7815ms)
		SetupLoadedEditorAssemblies (0ms)
			LogAssemblyErrors (8ms)
			InitializePlatformSupportModulesInManaged (7ms)
			BeforeProcessingInitializeOnLoad (432ms)
			ProcessInitializeOnLoadAttributes (1887ms)
			ProcessInitializeOnLoadMethodAttributes (377ms)
			AfterProcessingInitializeOnLoad (45ms)
			EditorAssembliesLoaded (7ms)
		AwakeInstancesAfterBackupRestoration (2568ms)

Asset Pipeline Refresh (id=cf94c49ba285af048b8d3f9749449272): Total: 13.089 seconds - Initiated by StopAssetImportingV2(ForceSynchronousImport | ForceDomainReload)
	(Values over 0.05ms)
	Summary:
		Imports: total=0 (actual=0, local cache=0, cache server=0)
		Asset DB Process Time: managed=0 ms, native=8168 ms
		Asset DB Callback time: managed=137 ms, native=1 ms
		Scripting: domain reloads=1, domain reload time=4770 ms, compile time=9 ms, other=0 ms
		Project Asset Count: scripts=1208, non-scripts=1935
		Asset File Changes: new=0, changed=0, moved=0, deleted=0
		Scan Filter Count: 0
	InvokePackagesCallback: 5.865ms
	ApplyChangesToAssetFolders: 1.018ms
	Collect global state as custom dependencies: 4.337ms
	ProcessAssetsWithTransientArtifactChanges: 2.657ms
	CategorizeAssets: 71.896ms
	CompileScripts: 9.216ms
	ImportOutOfDateAssets: 7848.357ms (7841.380ms without children)
		CollectScriptTypesHashes: 0.354ms
		UnloadImportedAssets: 1.179ms
		EnsureUptoDateAssetsAreRegisteredWithGuidPM: 1.681ms
		ImportSchedulerStart: 3.895ms
	PostProcessAllAssets: 137.946ms
		MonoPostProcessAllAssets: 137.925ms
			SyncVS.PostprocessSyncProject 45.409ms
			BuilderAssetPostprocessor.OnPostprocessAllAssets 38.291ms
			WindowAssetPostprocessingWatcher.OnPostprocessAllAssets 33.175ms
			AssetChangedListener.OnPostprocessAllAssets 21.874ms
			AssetPostprocessor.OnPostprocessAllAssets 16.900ms
			SpriteSlicePostprocessor.OnPostprocessAllAssets 10.682ms
			RetainedModeAssetPostprocessor.OnPostprocessAllAssets 5.199ms
			SpeedTree9Postprocessor.OnPostprocessAllAssets 3.886ms
			ProjectSettingsPostprocessor.OnPostprocessAllAssets 3.323ms
			TMPro_TexturePostProcessor.OnPostprocessAllAssets 2.652ms
			SpriteEditorTexturePostprocessor.OnPostprocessAllAssets 2.111ms
			StyleCatalogPostProcessor.OnPostprocessAllAssets 2.022ms
			CinemachineSettings.OnPostprocessAllAssets 1.889ms
			SpriteShapeAssetPostProcessor.OnPostprocessAllAssets 1.824ms
			ArtifactBrowserPostProcessor.OnPostprocessAllAssets 1.807ms
			AudioMixerPostprocessor.OnPostprocessAllAssets 1.518ms
			TextAssetPostProcessor.OnPostprocessAllAssets 1.481ms
			EditModeScopePostprocessor.OnPostprocessAllAssets 1.406ms
			InputActionAssetPostprocessor.OnPostprocessAllAssets 1.299ms
			AssetEvents.OnPostprocessAllAssets 1.270ms
			UVCSAssetPostprocessor.OnPostprocessAllAssets 1.267ms
			ReferencedClipsPostProcessor.OnPostprocessAllAssets 1.206ms
			InputActionJsonNameModifierAssetProcessor.OnPostprocessAllAssets 1.135ms
			DomainReloadProcessor.OnPostprocessAllAssets 0.984ms
			SpriteLibraryAssetPostprocessor.OnPostprocessAllAssets 0.765ms
			TerrainToolbarOverlayPostProcessor.OnPostprocessAllAssets 0.759ms
			SpeedTreePostProcessor.OnPostprocessAllAssets 0.676ms
			AssetDatabaseCallbacks.OnPostprocessAllAssets 0.631ms
			PSDImportPostProcessor.OnPostprocessAllAssets 0.578ms
			ConfigAssetsTracker.OnPostprocessAllAssets 0.541ms
			SamplePostprocessor.OnPostprocessAllAssets 0.531ms
			ScenarioDriftAssetsTracker.OnPostprocessAllAssets 0.483ms
			ThemePostprocessor.OnPostprocessAllAssets 0.482ms
			AssetReloadNotifier.OnPostprocessAllAssets 0.437ms
			PSDImporterAssetPostProcessor.OnPostprocessAllAssets 0.389ms
			RenderPipelineGlobalSettingsPostprocessor.OnPostprocessAllAssets 0.367ms
			AudioContainerPostProcessor.OnPostprocessAllAssets 0.327ms
			AssetProcessor.OnPostprocessAllAssets 0.240ms
	GatherAllCurrentPrimaryImportResultRevisions: 4.301ms
	UnloadStreamsBegin: 4.337ms
	PersistCurrentRevisions: 0.272ms
	GenerateScriptTypeHashes: 4.069ms
	GenerateScriptTypeSerializationHashes: 6.929ms
	Untracked: 4928.101ms

Loaded scene 'Temp/__Backupscenes/0.backup'
	Deserialize:            15.729 ms
	Integration:            4047.770 ms
	Integration of assets:  0.025 ms
	Thread Wait Time:       0.025 ms
	Total Operation Time:   4063.550 ms
[Licensing::Client] Successfully resolved entitlement details
[Licensing::Client] Successfully resolved entitlement details
[Licensing::Client] Successfully resolved entitlement details
Unloading 1 Unused Serialized files (Serialized files now loaded: 0)
Loaded scene 'Temp/__Backupscenes/0.backup'
	Deserialize:            15.497 ms
	Integration:            94.323 ms
	Integration of assets:  0.044 ms
	Thread Wait Time:       -0.018 ms
	Total Operation Time:   109.846 ms
Unloading 26 unused Assets / (6.1 KB). Loaded Objects now: 7924.
Memory consumption went from 0.69 GB to 0.69 GB.
Total: 118.573200 ms (FindLiveObjects: 1.476900 ms CreateObjectMapping: 0.487400 ms MarkObjects: 112.272900 ms  DeleteObjects: 3.703500 ms)

[Licensing::Client] Successfully resolved entitlement details
Asset Pipeline Refresh (id=7b60419a06a7a7b40999a37fba87a8ca): Total: 0.095 seconds - Initiated by RefreshV2(AllowForceSynchronousImport)
[Worker0] Imported GUID: 1d86699bf0622864ca9f1148ed538d2b - Path: Assets/Scripts/Environment/GeneradorPiedras.cs - Importer: ScriptedImporter/UnityEditor.QuickSearchModule:UnityEditor.Search:ASIAI0B -> (ImportResultId: '450bbb033fa13e5c5d38690607dc5bb3') in 1.0206426 seconds
Assembly reference Packages/com.unity.cinemachine/Editor/Samples/ExposeHDRPInternals/HDRP-Editor-ref.asmref has no target assembly definition
[ScriptCompilation] Requested script compilation because: AssetDatabase observed changes in script compilation related files
[Licensing::Client] Successfully resolved entitlement details
Refreshing native plugins compatible for Editor in 7.50 ms, found 5 plugins.

Asset Pipeline Refresh (id=3ddf89fe5cc39a74483064c57f4fd2ad): Total: 1.956 seconds - Initiated by StopAssetImportingV2(NoUpdateAssetOptions)
	(Values over 0.05ms)
	Summary:
		Imports: total=0 (actual=0, local cache=0, cache server=0)
		Asset DB Process Time: managed=0 ms, native=303 ms
		Asset DB Callback time: managed=1611 ms, native=38 ms
		Scripting: domain reloads=0, domain reload time=0 ms, compile time=3 ms, other=0 ms
		Project Asset Count: scripts=1208, non-scripts=1935
		Asset File Changes: new=1, changed=1, moved=0, deleted=0
		Scan Filter Count: 4
	ApplyChangesToAssetFolders: 0.334ms
	Scan: 52.992ms
	Collect global state as custom dependencies: 1.123ms
	OnSourceAssetsModified: 5.430ms
	CategorizeScriptCompilationAssets: 0.345ms
	ProcessAssetsWithTransientArtifactChanges: 2.586ms
	CategorizeAssets: 9.013ms
	CompileScripts: 2.549ms
	ImportOutOfDateAssets: 5.295ms (0.405ms without children)
		ReloadNativeAssets: 0.162ms
		UnloadImportedAssets: 0.401ms
		EnsureUptoDateAssetsAreRegisteredWithGuidPM: 1.261ms
		ImportSchedulerStart: 3.059ms
	PostProcessAllAssets: 1591.339ms
		XRBuildSystem.XRAssetImported 20.428ms
		PostProcessCallbackCreateDeferredMaterials 0.907ms
		ShaderAssetModifiedCallback 0.394ms
		AssemblyValidation.PostprocessAllAssets 0.205ms
		VersionControlSettings.HiddenFilePostprocess 0.184ms
		ObjectImages.AssetImported 0.149ms
		MonoPostProcessAllAssets: 1566.485ms
			SyncVS.PostprocessSyncProject 1303.214ms
			BuilderAssetPostprocessor.OnPostprocessAllAssets 95.245ms
			AssetChangedListener.OnPostprocessAllAssets 31.629ms
			AssetPostprocessor.OnPostprocessAllAssets 28.333ms
			SpriteSlicePostprocessor.OnPostprocessAllAssets 26.413ms
			RetainedModeAssetPostprocessor.OnPostprocessAllAssets 10.188ms
			SpriteEditorTexturePostprocessor.OnPostprocessAllAssets 7.529ms
			TMPro_TexturePostProcessor.OnPostprocessAllAssets 5.690ms
			ArtifactBrowserPostProcessor.OnPostprocessAllAssets 4.673ms
			TextAssetPostProcessor.OnPostprocessAllAssets 3.895ms
			UVCSAssetPostprocessor.OnPostprocessAllAssets 3.827ms
			AudioMixerPostprocessor.OnPostprocessAllAssets 3.179ms
			ConfigAssetsTracker.OnPostprocessAllAssets 3.021ms
			SpriteLibraryAssetPostprocessor.OnPostprocessAllAssets 3.003ms
			SpriteShapeAssetPostProcessor.OnPostprocessAllAssets 2.999ms
			InputActionJsonNameModifierAssetProcessor.OnPostprocessAllAssets 2.743ms
			ThemePostprocessor.OnPostprocessAllAssets 2.287ms
			InputActionAssetPostprocessor.OnPostprocessAllAssets 2.014ms
			SamplePostprocessor.OnPostprocessAllAssets 1.994ms
			AssetReloadNotifier.OnPostprocessAllAssets 1.890ms
			StyleCatalogPostProcessor.OnPostprocessAllAssets 1.641ms
			AssetEvents.OnPostprocessAllAssets 1.466ms
			ScenarioDriftAssetsTracker.OnPostprocessAllAssets 1.339ms
			SpeedTreePostProcessor.OnPostprocessAllAssets 1.279ms
			PSDImporterAssetPostProcessor.OnPostprocessAllAssets 1.065ms
			PSDImportPostProcessor.OnPostprocessAllAssets 0.999ms
			AudioContainerPostProcessor.OnPostprocessAllAssets 0.910ms
			AssetProcessor.OnPostprocessAllAssets 0.372ms
			WindowAssetPostprocessingWatcher.OnPostprocessAllAssets 0.258ms
			ProjectSettingsPostprocessor.OnPostprocessAllAssets 0.156ms
			CinemachineSettings.OnPostprocessAllAssets 0.099ms
			AssetDatabaseCallbacks.OnPostprocessAllAssets 0.092ms
			TerrainToolbarOverlayPostProcessor.OnPostprocessAllAssets 0.089ms
			ReferencedClipsPostProcessor.OnPostprocessAllAssets 0.086ms
			EditModeScopePostprocessor.OnPostprocessAllAssets 0.062ms
	PostAssetChangesProfiler: 52.750ms
	GatherAllCurrentPrimaryImportResultRevisions: 1.085ms
	UnloadStreamsBegin: 0.129ms
	PersistCurrentRevisions: 0.231ms
	Untracked: 230.462ms

[Worker0] Imported GUID: afd9656fbad8bf14ab4bbd78591162e4 - Path: Assets/Scripts/Environment/Coleccionable.cs - Importer: ScriptedImporter/UnityEditor.QuickSearchModule:UnityEditor.Search:ASIAI0B -> (ImportResultId: '25a966378024422b83c365cdbeb6c6e1') in 0.0179683 seconds
[Worker0] Imported GUID: afd9656fbad8bf14ab4bbd78591162e4 - Path: Assets/Scripts/Environment/Coleccionable.cs - Importer: PreviewImporter -> (ImportResultId: 'ab68a55d66a76f2eb677f17387d14776') in 0.0083507 seconds
Starting: C:\Program Files\Unity\Hub\Editor\6000.6.0f1\Editor\Data\Tools\BuildPipeline\bee_backend.exe --ipc --defer-dag-verification --dagfile="Library/Bee/1900b0aE.dag" --continue-on-failure --profile="Library/Bee/backend1.traceevents" ScriptAssemblies
WorkingDir: C:/Users/kimji/Ingenieria_MisionKonstruir
Starting: C:\Program Files\Unity\Hub\Editor\6000.6.0f1\Editor\Data\DotNetSdk\dotnet.exe "C:\Program Files\Unity\Hub\Editor\6000.6.0f1\Editor\Data\Tools\BuildPipeline\ScriptCompilationBuildProgram.exe" "Library/Bee/1900b0aE.dag.json" "Library/Bee/1900b0aE-inputdata.json" "Library\Bee\buildprogram0.traceevents"
ExitCode: 4 Duration: 0s785ms
WorkingDir: C:/Users/kimji/Ingenieria_MisionKonstruir
[747/958    0s] ILPP-Configuration Library/ilpp-configuration.nevergeneratedoutput
Rebuilding DAG because FileSignature timestamp changed: Library/Bee/1900b0aE-inputdata.json
*** Tundra requires additional run (0.64 seconds), 1 items updated, 785 evaluated
ExitCode: 0 Duration: 3s163ms
Starting: C:\Program Files\Unity\Hub\Editor\6000.6.0f1\Editor\Data\Tools\BuildPipeline\bee_backend.exe --ipc --defer-dag-verification --dagfile="Library/Bee/1900b0aE.dag" --continue-on-failure --dagfilejson="Library\Bee\1900b0aE.dag.json" --profile="Library/Bee/backend2.traceevents" ScriptAssemblies
WorkingDir: C:/Users/kimji/Ingenieria_MisionKonstruir
ExitCode: 0 Duration: 6s305ms
Finished compiling graph: 961 nodes, 18367 flattened edges (15745 ToBuild, 146 ToUse), maximum node priority 1020
[531/958    0s] WriteText Library/Bee/artifacts/1900b0aE.dag/Assembly-CSharp.rsp
[746/958    0s] ILPP-Configuration Library/ilpp-configuration.nevergeneratedoutput
[954/958    4s] Csc Library/Bee/artifacts/1900b0aE.dag/Assembly-CSharp.dll (+2 others)
Assets\Scripts\Core\GameManager.cs(20,39): warning CS0414: The field 'GameManager.grietaReparada' is assigned but its value is never used
[955/958    0s] ILPostProcess Library/Bee/artifacts/1900b0aE.dag/post-processed/Assembly-CSharp.dll (+pdb)
Processing assembly Library/Bee/artifacts/1900b0aE.dag/Assembly-CSharp.dll, with 150 defines and 350 references

processors: Unity.Jobs.CodeGen.JobsILPostProcessor, zzzUnity.Burst.CodeGen.BurstILPostProcessor

1 processor(s) skipped this assembly

running Unity.Jobs.CodeGen.JobsILPostProcessor
[956/958    0s] CopyFiles Library/ScriptAssemblies/Assembly-CSharp.pdb
[957/958    0s] CopyFiles Library/ScriptAssemblies/Assembly-CSharp.dll
*** Tundra build success (6.17 seconds), 6 items updated, 958 evaluated
Assets\Scripts\Core\GameManager.cs(20,39): warning CS0414: The field 'GameManager.grietaReparada' is assigned but its value is never used
Reloading assemblies after finishing script compilation.
Reloading assemblies after forced synchronous recompile.
Begin MonoManager ReloadAssembly
Total cache size 267849644
Total cache size after purge 267849644, took 00:00:02.2432753
Assembly reference Packages/com.unity.cinemachine/Editor/Samples/ExposeHDRPInternals/HDRP-Editor-ref.asmref has no target assembly definition
Refreshing native plugins compatible for Editor in 14.53 ms, found 5 plugins.
Native extension for WindowsStandalone target not found
Native extension for WebGL target not found
[MODES] ModeService[none].Initialize
[MODES] ModeService[none].LoadModes
ScheduleIndexationOnStartup MainProcess:True IndexOnStartup:True
Scripting: successfully reloaded assembly
- Finished resetting the current domain, in  7.319 seconds
Domain Reload Profiling: 14659ms
	BeginReloadAssembly (4187ms)
		ExecutionOrderSort (4ms)
		DisableScriptedObjects (1215ms)
		CreateAndSetChildDomain (1664ms)
	RebuildCommonClasses (35ms)
	RebuildNativeTypeToScriptingClass (42ms)
	initialDomainReloadingComplete (352ms)
	LoadAllAssembliesAndSetupDomain (2722ms)
		LoadAssemblies (883ms)
		TypeCache.Refresh (46ms)
		AnalyzeDomain (1306ms)
			BuildScriptInfoCaches (1247ms)
			ResolveRequiredComponents (29ms)
	FinalizeReload (7321ms)
		SetupLoadedEditorAssemblies (0ms)
			LogAssemblyErrors (147ms)
			InitializePlatformSupportModulesInManaged (8ms)
			BeforeProcessingInitializeOnLoad (777ms)
			ProcessInitializeOnLoadAttributes (1959ms)
			ProcessInitializeOnLoadMethodAttributes (348ms)
			AfterProcessingInitializeOnLoad (39ms)
			EditorAssembliesLoaded (7ms)
		AwakeInstancesAfterBackupRestoration (2192ms)
Refreshing native plugins compatible for Editor in 8.43 ms, found 5 plugins.

Asset Pipeline Refresh (id=979b2ab57b064b941b283d1748f9fafe): Total: 15.865 seconds - Initiated by StopAssetImportingV2(ForceSynchronousImport | ForceDomainReload)
	(Values over 0.05ms)
	Summary:
		Imports: total=0 (actual=0, local cache=0, cache server=0)
		Asset DB Process Time: managed=0 ms, native=7784 ms
		Asset DB Callback time: managed=184 ms, native=203 ms
		Scripting: domain reloads=1, domain reload time=7686 ms, compile time=6 ms, other=0 ms
		Project Asset Count: scripts=1208, non-scripts=1935
		Asset File Changes: new=0, changed=0, moved=0, deleted=0
		Scan Filter Count: 0
	InvokePackagesCallback: 6.968ms
	ApplyChangesToAssetFolders: 0.750ms
	Collect global state as custom dependencies: 3.900ms
	ProcessAssetsWithTransientArtifactChanges: 12.099ms
	CategorizeAssets: 105.540ms
	CompileScripts: 5.827ms
	ImportOutOfDateAssets: 7350.949ms (7346.857ms without children)
		CollectScriptTypesHashes: 0.567ms
		UnloadImportedAssets: 0.663ms
		EnsureUptoDateAssetsAreRegisteredWithGuidPM: 1.613ms
		ImportSchedulerStart: 1.463ms
	PostProcessAllAssets: 188.271ms
		XRBuildSystem.XRAssetImported 1.887ms
		PostProcessCallbackCreateDeferredMaterials 0.588ms
		MonoPostProcessAllAssets: 184.346ms
			SyncVS.PostprocessSyncProject 32.709ms
			BuilderAssetPostprocessor.OnPostprocessAllAssets 21.861ms
			WindowAssetPostprocessingWatcher.OnPostprocessAllAssets 21.409ms
			AssetChangedListener.OnPostprocessAllAssets 18.091ms
			AssetPostprocessor.OnPostprocessAllAssets 12.151ms
			SpriteSlicePostprocessor.OnPostprocessAllAssets 8.485ms
			ProjectSettingsPostprocessor.OnPostprocessAllAssets 5.889ms
			RetainedModeAssetPostprocessor.OnPostprocessAllAssets 3.626ms
			SpeedTree9Postprocessor.OnPostprocessAllAssets 2.910ms
			EditModeScopePostprocessor.OnPostprocessAllAssets 2.786ms
			SpriteEditorTexturePostprocessor.OnPostprocessAllAssets 2.381ms
			TextAssetPostProcessor.OnPostprocessAllAssets 1.744ms
			ArtifactBrowserPostProcessor.OnPostprocessAllAssets 1.636ms
			TMPro_TexturePostProcessor.OnPostprocessAllAssets 1.615ms
			SpriteShapeAssetPostProcessor.OnPostprocessAllAssets 1.334ms
			AudioMixerPostprocessor.OnPostprocessAllAssets 1.246ms
			InputActionAssetPostprocessor.OnPostprocessAllAssets 1.202ms
			UVCSAssetPostprocessor.OnPostprocessAllAssets 1.105ms
			CinemachineSettings.OnPostprocessAllAssets 1.042ms
			SpriteLibraryAssetPostprocessor.OnPostprocessAllAssets 0.930ms
			InputActionJsonNameModifierAssetProcessor.OnPostprocessAllAssets 0.863ms
			StyleCatalogPostProcessor.OnPostprocessAllAssets 0.833ms
			ReferencedClipsPostProcessor.OnPostprocessAllAssets 0.803ms
			AssetEvents.OnPostprocessAllAssets 0.784ms
			SpeedTreePostProcessor.OnPostprocessAllAssets 0.757ms
			DomainReloadProcessor.OnPostprocessAllAssets 0.632ms
			PSDImportPostProcessor.OnPostprocessAllAssets 0.623ms
			TerrainToolbarOverlayPostProcessor.OnPostprocessAllAssets 0.621ms
			SamplePostprocessor.OnPostprocessAllAssets 0.598ms
			ConfigAssetsTracker.OnPostprocessAllAssets 0.566ms
			AssetDatabaseCallbacks.OnPostprocessAllAssets 0.546ms
			ScenarioDriftAssetsTracker.OnPostprocessAllAssets 0.514ms
			PSDImporterAssetPostProcessor.OnPostprocessAllAssets 0.497ms
			ThemePostprocessor.OnPostprocessAllAssets 0.471ms
			AssetReloadNotifier.OnPostprocessAllAssets 0.408ms
			RenderPipelineGlobalSettingsPostprocessor.OnPostprocessAllAssets 0.262ms
			AssetProcessor.OnPostprocessAllAssets 0.262ms
			AudioContainerPostProcessor.OnPostprocessAllAssets 0.260ms
	PostAssetChangesProfiler: 196.927ms
	GatherAllCurrentPrimaryImportResultRevisions: 0.335ms
	PersistCurrentRevisions: 0.160ms
	GenerateScriptTypeHashes: 2.856ms
	GenerateScriptTypeSerializationHashes: 4.650ms
	Untracked: 7955.646ms

[Licensing::Client] Successfully resolved entitlement details
[Licensing::Client] Successfully resolved entitlement details
[Licensing::Client] Successfully resolved entitlement details
[Worker0] Imported GUID: afd9656fbad8bf14ab4bbd78591162e4 - Path: Assets/Scripts/Environment/Coleccionable.cs - Importer: PreviewImporter -> (ImportResultId: '8be0ee3b169a2bc7d2fbe5e4d4293242') in 0.0136595 seconds
[Licensing::Client] Successfully resolved entitlement details

[ScriptCompilation] Requested script compilation because: AssetDatabase observed changes in script compilation related files
[Licensing::Client] Successfully resolved entitlement details
Starting: C:\Program Files\Unity\Hub\Editor\6000.6.0f1\Editor\Data\Tools\BuildPipeline\bee_backend.exe --ipc --defer-dag-verification --dagfile="Library/Bee/1900b0aE.dag" --continue-on-failure --profile="Library/Bee/backend1.traceevents" ScriptAssemblies
WorkingDir: C:/Users/kimji/Ingenieria_MisionKonstruir
ExitCode: 0 Duration: 2s831ms
[746/958    0s] ILPP-Configuration Library/ilpp-configuration.nevergeneratedoutput
[954/958    1s] Csc Library/Bee/artifacts/1900b0aE.dag/Assembly-CSharp.dll (+2 others)
Assets\Scripts\Core\GameManager.cs(20,39): warning CS0414: The field 'GameManager.grietaReparada' is assigned but its value is never used
[955/958    0s] ILPostProcess Library/Bee/artifacts/1900b0aE.dag/post-processed/Assembly-CSharp.dll (+pdb)
Processing assembly Library/Bee/artifacts/1900b0aE.dag/Assembly-CSharp.dll, with 150 defines and 350 references

processors: Unity.Jobs.CodeGen.JobsILPostProcessor, zzzUnity.Burst.CodeGen.BurstILPostProcessor

1 processor(s) skipped this assembly

running Unity.Jobs.CodeGen.JobsILPostProcessor
[956/958    0s] CopyFiles Library/ScriptAssemblies/Assembly-CSharp.pdb
[957/958    0s] CopyFiles Library/ScriptAssemblies/Assembly-CSharp.dll
*** Tundra build success (2.59 seconds), 5 items updated, 958 evaluated
Assets\Scripts\Core\GameManager.cs(20,39): warning CS0414: The field 'GameManager.grietaReparada' is assigned but its value is never used
Reloading assemblies after forced synchronous recompile.
Begin MonoManager ReloadAssembly
Total cache size 267849644
Total cache size after purge 267849644, took 00:00:02.8427301
Assembly reference Packages/com.unity.cinemachine/Editor/Samples/ExposeHDRPInternals/HDRP-Editor-ref.asmref has no target assembly definition
Refreshing native plugins compatible for Editor in 18.78 ms, found 5 plugins.
Native extension for WindowsStandalone target not found
Native extension for WebGL target not found
[MODES] ModeService[none].Initialize
[MODES] ModeService[none].LoadModes
ScheduleIndexationOnStartup MainProcess:True IndexOnStartup:True
Scripting: successfully reloaded assembly
- Finished resetting the current domain, in 11.044 seconds
Domain Reload Profiling: 22093ms
	BeginReloadAssembly (7350ms)
		ExecutionOrderSort (5ms)
		DisableScriptedObjects (2430ms)
		CreateAndSetChildDomain (2678ms)
	RebuildCommonClasses (66ms)
	RebuildNativeTypeToScriptingClass (96ms)
	initialDomainReloadingComplete (535ms)
	LoadAllAssembliesAndSetupDomain (3000ms)
		LoadAssemblies (1523ms)
		TypeCache.Refresh (89ms)
			TypeCache.ScanAssembly (5ms)
		AnalyzeDomain (1266ms)
			BuildScriptInfoCaches (1190ms)
			ResolveRequiredComponents (34ms)
	FinalizeReload (11047ms)
		SetupLoadedEditorAssemblies (0ms)
			LogAssemblyErrors (14ms)
			InitializePlatformSupportModulesInManaged (15ms)
			BeforeProcessingInitializeOnLoad (1554ms)
			ProcessInitializeOnLoadAttributes (2420ms)
			ProcessInitializeOnLoadMethodAttributes (422ms)
			AfterProcessingInitializeOnLoad (43ms)
			EditorAssembliesLoaded (9ms)
		AwakeInstancesAfterBackupRestoration (3522ms)
Refreshing native plugins compatible for Editor in 16.86 ms, found 5 plugins.

Asset Pipeline Refresh (id=836bbe8bb3fa552439dd359f93399a76): Total: 28.504 seconds - Initiated by RefreshV2(AllowForceSynchronousImport)
	(Values over 0.05ms)
	Summary:
		Imports: total=0 (actual=0, local cache=0, cache server=0)
		Asset DB Process Time: managed=0 ms, native=11816 ms
		Asset DB Callback time: managed=343 ms, native=298 ms
		Scripting: domain reloads=1, domain reload time=11669 ms, compile time=4374 ms, other=0 ms
		Project Asset Count: scripts=1208, non-scripts=1935
		Asset File Changes: new=0, changed=1, moved=0, deleted=0
		Scan Filter Count: 0
	InvokeCustomDependenciesCallbacks: 0.155ms
	InvokePackagesCallback: 12.633ms
	ApplyChangesToAssetFolders: 2.505ms
	Scan: 100.296ms
	Collect global state as custom dependencies: 8.920ms
	OnSourceAssetsModified: 6.432ms
	CategorizeScriptCompilationAssets: 0.783ms
	ProcessAssetsWithTransientArtifactChanges: 34.593ms
	CategorizeAssets: 271.152ms
	CompileScripts: 4373.857ms
	ImportOutOfDateAssets: 11091.212ms (11082.587ms without children)
		CollectScriptTypesHashes: 0.663ms
		UnloadImportedAssets: 0.319ms
		EnsureUptoDateAssetsAreRegisteredWithGuidPM: 2.145ms
		ImportSchedulerStart: 5.887ms
	PostProcessAllAssets: 348.713ms
		XRBuildSystem.XRAssetImported 2.547ms
		PostProcessCallbackCreateDeferredMaterials 1.274ms
		ShaderAssetModifiedCallback 0.436ms
		SpriteAtlasDatabase.OnAssetPostprocessCallback 0.257ms
		VCAutoAddAssetPostprocess 0.190ms
		MonoPostProcessAllAssets: 337.992ms
			SyncVS.PostprocessSyncProject 58.156ms
			AssetChangedListener.OnPostprocessAllAssets 34.552ms
			WindowAssetPostprocessingWatcher.OnPostprocessAllAssets 33.951ms
			BuilderAssetPostprocessor.OnPostprocessAllAssets 31.566ms
			AssetPostprocessor.OnPostprocessAllAssets 19.377ms
			SpriteSlicePostprocessor.OnPostprocessAllAssets 18.729ms
			RetainedModeAssetPostprocessor.OnPostprocessAllAssets 6.528ms
			SpeedTree9Postprocessor.OnPostprocessAllAssets 5.157ms
			ProjectSettingsPostprocessor.OnPostprocessAllAssets 5.044ms
			EditModeScopePostprocessor.OnPostprocessAllAssets 3.803ms
			SpriteEditorTexturePostprocessor.OnPostprocessAllAssets 3.474ms
			SpriteShapeAssetPostProcessor.OnPostprocessAllAssets 3.138ms
			InputActionAssetPostprocessor.OnPostprocessAllAssets 2.479ms
			ArtifactBrowserPostProcessor.OnPostprocessAllAssets 2.416ms
			TMPro_TexturePostProcessor.OnPostprocessAllAssets 2.326ms
			TextAssetPostProcessor.OnPostprocessAllAssets 1.976ms
			InputActionJsonNameModifierAssetProcessor.OnPostprocessAllAssets 1.903ms
			CinemachineSettings.OnPostprocessAllAssets 1.722ms
			AudioMixerPostprocessor.OnPostprocessAllAssets 1.606ms
			UVCSAssetPostprocessor.OnPostprocessAllAssets 1.601ms
			SpriteLibraryAssetPostprocessor.OnPostprocessAllAssets 1.395ms
			ReferencedClipsPostProcessor.OnPostprocessAllAssets 1.373ms
			StyleCatalogPostProcessor.OnPostprocessAllAssets 1.280ms
			AssetEvents.OnPostprocessAllAssets 1.253ms
			DomainReloadProcessor.OnPostprocessAllAssets 0.968ms
			SamplePostprocessor.OnPostprocessAllAssets 0.894ms
			ThemePostprocessor.OnPostprocessAllAssets 0.890ms
			TerrainToolbarOverlayPostProcessor.OnPostprocessAllAssets 0.841ms
			SpeedTreePostProcessor.OnPostprocessAllAssets 0.837ms
			PSDImportPostProcessor.OnPostprocessAllAssets 0.818ms
			AssetDatabaseCallbacks.OnPostprocessAllAssets 0.765ms
			ConfigAssetsTracker.OnPostprocessAllAssets 0.732ms
			PSDImporterAssetPostProcessor.OnPostprocessAllAssets 0.576ms
			ScenarioDriftAssetsTracker.OnPostprocessAllAssets 0.574ms
			AssetReloadNotifier.OnPostprocessAllAssets 0.491ms
			AssetProcessor.OnPostprocessAllAssets 0.463ms
			RenderPipelineGlobalSettingsPostprocessor.OnPostprocessAllAssets 0.355ms
			AudioContainerPostProcessor.OnPostprocessAllAssets 0.347ms
	PostAssetChangesProfiler: 283.214ms
	GatherAllCurrentPrimaryImportResultRevisions: 4.856ms
	PersistCurrentRevisions: 0.232ms
	GenerateScriptTypeHashes: 5.534ms
	GenerateScriptTypeSerializationHashes: 9.252ms
	Untracked: 11899.712ms

[Licensing::Client] Successfully resolved entitlement details
[Licensing::Client] Successfully resolved entitlement details
[Licensing::Client] Successfully resolved entitlement details
Scanning for USB devices : 6.427ms
Scanning for USB devices : 6.870ms
Asset Pipeline Refresh (id=a9f79248f93c53842ae86abbc4135d19): Total: 0.052 seconds - Initiated by RefreshV2(AllowForceSynchronousImport)
[Licensing::Client] Successfully resolved entitlement details
Asset Pipeline Refresh (id=6f304df927ae9f742990a4f340d760f3): Total: 0.016 seconds - Initiated by RefreshV2(AllowForceSynchronousImport)
Asset Pipeline Refresh (id=3bcc01417cf3d9e43ac05e83e2399f60): Total: 0.009 seconds - Initiated by RefreshV2(AllowForceSynchronousImport)
Project ID request failed, Reason: The requested URL returned error: 401 (401).
Unknown Unity Connect error (400). Please contact support at support@unity.com while processing request "https://services.unity.com/api/unity/legacy/v1/projects/568c27f6-37e2-4d04-a3cc-cd50cd05e909", HTTP error code 401
.[Licensing::Client] Successfully updated the access token
[Licensing::Module] Successfully updated access token: "11lGaWlS"... (expires: 2026-10-03T00:45:34Z)
UPID Received '568c27f6-37e2-4d04-a3cc-cd50cd05e909'.
[Licensing::Client] Successfully resolved entitlement details
[main 2026-10-02T22:46:22.506Z] update#setState checking for updates
[main 2026-10-02T22:46:23.499Z] update#setState idle
Scanning for USB devices : 3.748ms
Scanning for USB devices : 19.598ms
Scanning for USB devices : 5.339ms
Importing 'GUID: 1e40d3baecb2d0a428f06b0aa53ed173 - Path: Assets/Scenes/Nivel_1.unity' with importer (DefaultImporter)
Imported 'GUID: 1e40d3baecb2d0a428f06b0aa53ed173' -> (Import Result ID: '51c281d7fde953267142be95fc4cfceb') in 0.291 seconds [static dependencies only]. Details - ImportResultOutputID=5bc3971975471fcdb989b951ef1e7e5d DependenciesID=69ee10a13e9ba4121d19f2315cdd55cd StaticDependenciesID=4bd37599db507266ac3188aef4045ed5 
Refreshing native plugins compatible for Editor in 21.09 ms, found 5 plugins.

Asset Pipeline Refresh (id=16b93cd27305a334f8fb29613acab4df): Total: 0.604 seconds - Initiated by StopAssetImportingV2(NoUpdateAssetOptions)
	(Values over 0.05ms)
	Summary:
		Imports: total=1 (actual=1, local cache=0, cache server=0)
		Asset DB Process Time: managed=23 ms, native=512 ms
		Asset DB Callback time: managed=35 ms, native=32 ms
		Scripting: domain reloads=0, domain reload time=0 ms, compile time=0 ms, other=0 ms
		Project Asset Count: scripts=1208, non-scripts=1935
		Asset File Changes: new=0, changed=1, moved=0, deleted=0
		Scan Filter Count: 3
	ApplyChangesToAssetFolders: 0.483ms
	Scan: 134.330ms
	Collect global state as custom dependencies: 1.291ms
	OnSourceAssetsModified: 4.625ms
	ProcessAssetsWithTransientArtifactChanges: 5.421ms
	CategorizeAssets: 15.339ms
	ImportOutOfDateAssets: 314.198ms (0.549ms without children)
		ImportManagerImport: 301.005ms (4.520ms without children)
			UpdateCategorizedAssets: 0.097ms
		ReloadNativeAssets: 0.409ms
		UnloadImportedAssets: 2.543ms
		EnsureUptoDateAssetsAreRegisteredWithGuidPM: 1.722ms
		InitializingProgressBar: 0.307ms
		ImportSchedulerStart: 7.652ms
	PostProcessAllAssets: 40.060ms
		XRBuildSystem.XRAssetImported 6.136ms
		PostProcessCallbackCreateDeferredMaterials 0.293ms
		PostprocessAssetsUpdateCachedIcon 0.102ms
		ObjectImages.AssetImported 0.080ms
		MonoPostProcessAllAssets: 32.279ms
			SyncVS.PostprocessSyncProject 9.194ms
			ConfigAssetsTracker.OnPostprocessAllAssets 4.307ms
			AssetChangedListener.OnPostprocessAllAssets 3.307ms
			AssetPostprocessor.OnPostprocessAllAssets 1.018ms
			SpriteShapeAssetPostProcessor.OnPostprocessAllAssets 0.754ms
			ThemePostprocessor.OnPostprocessAllAssets 0.726ms
			SpriteEditorTexturePostprocessor.OnPostprocessAllAssets 0.637ms
			StyleCatalogPostProcessor.OnPostprocessAllAssets 0.446ms
			AssetProcessor.OnPostprocessAllAssets 0.426ms
			AudioContainerPostProcessor.OnPostprocessAllAssets 0.368ms
			AssetDatabaseCallbacks.OnPostprocessAllAssets 0.365ms
			WindowAssetPostprocessingWatcher.OnPostprocessAllAssets 0.324ms
			ArtifactBrowserPostProcessor.OnPostprocessAllAssets 0.153ms
			SpriteSlicePostprocessor.OnPostprocessAllAssets 0.141ms
			ProjectSettingsPostprocessor.OnPostprocessAllAssets 0.139ms
			RenderPipelineGlobalSettingsPostprocessor.OnPostprocessAllAssets 0.105ms
			SamplePostprocessor.OnPostprocessAllAssets 0.091ms
			AssetReloadNotifier.OnPostprocessAllAssets 0.090ms
			TMPro_TexturePostProcessor.OnPostprocessAllAssets 0.087ms
			CinemachineSettings.OnPostprocessAllAssets 0.081ms
			BuilderAssetPostprocessor.OnPostprocessAllAssets 0.075ms
			InputActionJsonNameModifierAssetProcessor.OnPostprocessAllAssets 0.069ms
			InputActionAssetPostprocessor.OnPostprocessAllAssets 0.067ms
			TextAssetPostProcessor.OnPostprocessAllAssets 0.065ms
			PSDImporterAssetPostProcessor.OnPostprocessAllAssets 0.063ms
			AssetEvents.OnPostprocessAllAssets 0.060ms
	PostAssetChangesProfiler: 23.451ms
	GatherAllCurrentPrimaryImportResultRevisions: 3.043ms
	UnloadStreamsBegin: 0.315ms
	PersistCurrentRevisions: 0.804ms
	Untracked: 60.721ms

Scanning for USB devices : 4.060ms
Scanning for USB devices : 6.321ms
Scanning for USB devices : 3.756ms
Importing 'GUID: 1e40d3baecb2d0a428f06b0aa53ed173 - Path: Assets/Scenes/Nivel_1.unity' with importer (DefaultImporter)
Imported 'GUID: 1e40d3baecb2d0a428f06b0aa53ed173' -> (Import Result ID: '092a45777f95f378c40228bd7ec6c451') in 0.011 seconds [static dependencies only]. Details - ImportResultOutputID=5bc3971975471fcdb989b951ef1e7e5d DependenciesID=a7c83b60a9e0abc1fbe535460c2adc72 StaticDependenciesID=730ee638eca73a0067f04e1996288fc6 
Refreshing native plugins compatible for Editor in 10.05 ms, found 5 plugins.
Asset Pipeline Refresh (id=cf12c286188de4545862581231774783): Total: 0.089 seconds - Initiated by StopAssetImportingV2(NoUpdateAssetOptions)
Importing 'GUID: c311d4111700c264885e30d101442bb7 - Path: Assets/Prefabs/Insumos/Insumo_Fierro.prefab' with importer (PrefabImporter)
Imported 'GUID: c311d4111700c264885e30d101442bb7' -> (Import Result ID: 'a5c5c48d4c308c610727d9fa56249123') in 0.032 seconds [static and dynamic dependencies]. Details - ImportResultOutputID=300ed9d424e8b3a37aaabebb38ac55b7 DependenciesID=2226393da79c7bd05329c70cc2d5bfe6 StaticDependenciesID=590a32d80ce410f03ad423ef5fba327d 
Refreshing native plugins compatible for Editor in 5.08 ms, found 5 plugins.
Asset Pipeline Refresh (id=b0e06714c3bc7a94692f6875507a6e18): Total: 0.225 seconds - Initiated by StopAssetImportingV2(NoUpdateAssetOptions)
[Worker0] Imported GUID: c311d4111700c264885e30d101442bb7 - Path: Assets/Prefabs/Insumos/Insumo_Fierro.prefab - Importer: PreviewImporter -> (ImportResultId: 'f6719ff006a771336ec2bca19caa0f6a') in 2.2744562 seconds
Importing 'GUID: 4fc040891bbee3841bcffe91f9b8fd3f - Path: Assets/Prefabs/Insumos/Insumo_Piedra.prefab' with importer (PrefabImporter)
Imported 'GUID: 4fc040891bbee3841bcffe91f9b8fd3f' -> (Import Result ID: 'ae78ea584cdeb22f9c6ad64ca2bae543') in 0.039 seconds [static and dynamic dependencies]. Details - ImportResultOutputID=b8366ef44d01e36521480b73c5cff98f DependenciesID=6182ce5e621935437d9020b545ac3668 StaticDependenciesID=0c3e91c6f39a340c7dfc7a24ee1a1c63 
Refreshing native plugins compatible for Editor in 5.49 ms, found 5 plugins.
Asset Pipeline Refresh (id=581bbf96d3734a340af0bc936d62b52f): Total: 0.123 seconds - Initiated by StopAssetImportingV2(NoUpdateAssetOptions)
[Worker0] Imported GUID: 4fc040891bbee3841bcffe91f9b8fd3f - Path: Assets/Prefabs/Insumos/Insumo_Piedra.prefab - Importer: PreviewImporter -> (ImportResultId: '50d7dba354f0e03bd5a0e7b367117641') in 0.0324561 seconds
Importing 'GUID: 2d9f11ed9e1063344bc9c51e52da2b8e - Path: Assets/Prefabs/Insumos/Insumo_Asfalto.prefab' with importer (PrefabImporter)
Imported 'GUID: 2d9f11ed9e1063344bc9c51e52da2b8e' -> (Import Result ID: 'bb8ff2d927bbff7c5e5b45a5849407fe') in 0.027 seconds [static and dynamic dependencies]. Details - ImportResultOutputID=0c957a7d3657d113f3101cfd1ea77351 DependenciesID=c4ed018a90fdf5de34df530f9e047f56 StaticDependenciesID=0422bae9c5b4f43ff104a4133dbbb6d3 
Refreshing native plugins compatible for Editor in 8.25 ms, found 5 plugins.
Asset Pipeline Refresh (id=f0783a5226da44d459635fc010aff7a5): Total: 0.098 seconds - Initiated by StopAssetImportingV2(NoUpdateAssetOptions)
[Worker0] Imported GUID: 2d9f11ed9e1063344bc9c51e52da2b8e - Path: Assets/Prefabs/Insumos/Insumo_Asfalto.prefab - Importer: PreviewImporter -> (ImportResultId: 'c753394810b11e1fecf9902be369f2ba') in 0.02919 seconds
Asset Pipeline Refresh (id=3d9e478e88b978a4e8df775c2bf6cb68): Total: 0.070 seconds - Initiated by RefreshV2(AllowForceSynchronousImport)
[Worker0] Imported GUID: 2d9f11ed9e1063344bc9c51e52da2b8e - Path: Assets/Prefabs/Insumos/Insumo_Asfalto.prefab - Importer: ScriptedImporter/UnityEditor.QuickSearchModule:UnityEditor.Search:ASIAI0B -> (ImportResultId: '679f744a0758e10454d7a2ad8eabed71') in 2.0387715 seconds
[Worker0] Imported GUID: 1e40d3baecb2d0a428f06b0aa53ed173 - Path: Assets/Scenes/Nivel_1.unity - Importer: ScriptedImporter/UnityEditor.QuickSearchModule:UnityEditor.Search:ASIAI0B -> (ImportResultId: '37437bec10428e4a25661f57d4648893') in 0.0436636 seconds
[Worker0] Imported GUID: afd9656fbad8bf14ab4bbd78591162e4 - Path: Assets/Scripts/Environment/Coleccionable.cs - Importer: ScriptedImporter/UnityEditor.QuickSearchModule:UnityEditor.Search:ASIAI0B -> (ImportResultId: '2437d2f6414d1c2c099ce04f2f1607f8') in 0.0531231 seconds
[Worker0] Imported GUID: c311d4111700c264885e30d101442bb7 - Path: Assets/Prefabs/Insumos/Insumo_Fierro.prefab - Importer: ScriptedImporter/UnityEditor.QuickSearchModule:UnityEditor.Search:ASIAI0B -> (ImportResultId: '6d96204ed6e7685677a689cbe2ff3c3b') in 0.0647916 seconds
Assembly reference Packages/com.unity.cinemachine/Editor/Samples/ExposeHDRPInternals/HDRP-Editor-ref.asmref has no target assembly definition
[ScriptCompilation] Requested script compilation because: AssetDatabase observed changes in script compilation related files
[Licensing::Client] Successfully resolved entitlement details
Refreshing native plugins compatible for Editor in 13.47 ms, found 5 plugins.

Asset Pipeline Refresh (id=0e17b84570e7c034696eeb4b195ff8de): Total: 6.511 seconds - Initiated by StopAssetImportingV2(NoUpdateAssetOptions)
	(Values over 0.05ms)
	Summary:
		Imports: total=0 (actual=0, local cache=0, cache server=0)
		Asset DB Process Time: managed=0 ms, native=446 ms
		Asset DB Callback time: managed=6040 ms, native=21 ms
		Scripting: domain reloads=0, domain reload time=0 ms, compile time=3 ms, other=0 ms
		Project Asset Count: scripts=1208, non-scripts=1938
		Asset File Changes: new=1, changed=1, moved=0, deleted=0
		Scan Filter Count: 4
	ApplyChangesToAssetFolders: 0.766ms
	Scan: 45.692ms
	Collect global state as custom dependencies: 1.740ms
	OnSourceAssetsModified: 0.121ms
	CategorizeScriptCompilationAssets: 1.557ms
	ProcessAssetsWithTransientArtifactChanges: 2.594ms
	CategorizeAssets: 3.113ms
	CompileScripts: 3.490ms
	ImportOutOfDateAssets: 3.734ms (0.376ms without children)
		UnloadImportedAssets: 0.456ms
		EnsureUptoDateAssetsAreRegisteredWithGuidPM: 1.100ms
		ImportSchedulerStart: 1.766ms
	PostProcessAllAssets: 6026.445ms
		XRBuildSystem.XRAssetImported 4.321ms
		PostProcessCallbackCreateDeferredMaterials 1.459ms
		ShaderAssetModifiedCallback 0.507ms
		VersionControlSettings.HiddenFilePostprocess 0.196ms
		MonoPostProcessAllAssets: 6019.225ms
			SyncVS.PostprocessSyncProject 6014.580ms
			ConfigAssetsTracker.OnPostprocessAllAssets 1.718ms
			AssetChangedListener.OnPostprocessAllAssets 0.893ms
			AssetPostprocessor.OnPostprocessAllAssets 0.340ms
			SpriteEditorTexturePostprocessor.OnPostprocessAllAssets 0.295ms
			SpriteShapeAssetPostProcessor.OnPostprocessAllAssets 0.154ms
			SpriteSlicePostprocessor.OnPostprocessAllAssets 0.080ms
			TextAssetPostProcessor.OnPostprocessAllAssets 0.080ms
			TMPro_TexturePostProcessor.OnPostprocessAllAssets 0.060ms
			InputActionAssetPostprocessor.OnPostprocessAllAssets 0.052ms
	PostAssetChangesProfiler: 35.301ms
	GatherAllCurrentPrimaryImportResultRevisions: 2.773ms
	UnloadStreamsBegin: 0.148ms
	PersistCurrentRevisions: 0.239ms
	Untracked: 383.660ms

[Worker0] Imported GUID: 04f4acf1dec95ad449b86f03f93ee818 - Path: Assets/Scripts/Environment/CajaHerramientas.cs - Importer: PreviewImporter -> (ImportResultId: '669f6e5a2781838966dc1c0a5abc5a3c') in 0.0037565 seconds
Starting: C:\Program Files\Unity\Hub\Editor\6000.6.0f1\Editor\Data\Tools\BuildPipeline\bee_backend.exe --ipc --defer-dag-verification --dagfile="Library/Bee/1900b0aE.dag" --continue-on-failure --profile="Library/Bee/backend1.traceevents" ScriptAssemblies
WorkingDir: C:/Users/kimji/Ingenieria_MisionKonstruir
ExitCode: 4 Duration: 1s844ms
[747/958    0s] ILPP-Configuration Library/ilpp-configuration.nevergeneratedoutput
Rebuilding DAG because FileSignature timestamp changed: Library/Bee/1900b0aE-inputdata.json
*** Tundra requires additional run (1.34 seconds), 1 items updated, 958 evaluated
Starting: C:\Program Files\Unity\Hub\Editor\6000.6.0f1\Editor\Data\DotNetSdk\dotnet.exe "C:\Program Files\Unity\Hub\Editor\6000.6.0f1\Editor\Data\Tools\BuildPipeline\ScriptCompilationBuildProgram.exe" "Library/Bee/1900b0aE.dag.json" "Library/Bee/1900b0aE-inputdata.json" "Library\Bee\buildprogram0.traceevents"
WorkingDir: C:/Users/kimji/Ingenieria_MisionKonstruir
[Worker0] Imported GUID: 04f4acf1dec95ad449b86f03f93ee818 - Path: Assets/Scripts/Environment/CajaHerramientas.cs - Importer: ScriptedImporter/UnityEditor.QuickSearchModule:UnityEditor.Search:ASIAI0B -> (ImportResultId: '220beee620129ea781d8220f803b941c') in 0.009146 seconds
ExitCode: 0 Duration: 4s672ms
Starting: C:\Program Files\Unity\Hub\Editor\6000.6.0f1\Editor\Data\Tools\BuildPipeline\bee_backend.exe --ipc --defer-dag-verification --dagfile="Library/Bee/1900b0aE.dag" --continue-on-failure --dagfilejson="Library\Bee\1900b0aE.dag.json" --profile="Library/Bee/backend2.traceevents" ScriptAssemblies
WorkingDir: C:/Users/kimji/Ingenieria_MisionKonstruir
ExitCode: 0 Duration: 46s
Finished compiling graph: 961 nodes, 18367 flattened edges (15745 ToBuild, 146 ToUse), maximum node priority 1020
[495/958    0s] WriteText Library/Bee/artifacts/1900b0aE.dag/Assembly-CSharp.rsp
[746/958    0s] ILPP-Configuration Library/ilpp-configuration.nevergeneratedoutput
[BUSY       6s] Csc Library/Bee/artifacts/1900b0aE.dag/Assembly-CSharp.dll (+2 others)
[BUSY      16s] Csc Library/Bee/artifacts/1900b0aE.dag/Assembly-CSharp.dll (+2 others)
[BUSY      26s] Csc Library/Bee/artifacts/1900b0aE.dag/Assembly-CSharp.dll (+2 others)
[BUSY      36s] Csc Library/Bee/artifacts/1900b0aE.dag/Assembly-CSharp.dll (+2 others)
[954/958   42s] Csc Library/Bee/artifacts/1900b0aE.dag/Assembly-CSharp.dll (+2 others)
Assets\Scripts\Core\GameManager.cs(20,39): warning CS0414: The field 'GameManager.grietaReparada' is assigned but its value is never used
[955/958    1s] ILPostProcess Library/Bee/artifacts/1900b0aE.dag/post-processed/Assembly-CSharp.dll (+pdb)
Processing assembly Library/Bee/artifacts/1900b0aE.dag/Assembly-CSharp.dll, with 150 defines and 350 references

processors: Unity.Jobs.CodeGen.JobsILPostProcessor, zzzUnity.Burst.CodeGen.BurstILPostProcessor

1 processor(s) skipped this assembly

running Unity.Jobs.CodeGen.JobsILPostProcessor
[956/958    0s] CopyFiles Library/ScriptAssemblies/Assembly-CSharp.dll
[957/958    0s] CopyFiles Library/ScriptAssemblies/Assembly-CSharp.pdb
*** Tundra build success (46.14 seconds), 6 items updated, 958 evaluated
Assets\Scripts\Core\GameManager.cs(20,39): warning CS0414: The field 'GameManager.grietaReparada' is assigned but its value is never used
Reloading assemblies after forced synchronous recompile.
[Licensing::Client] Successfully resolved entitlement details
Begin MonoManager ReloadAssembly
Total cache size 267849644
Total cache size after purge 267849644, took 00:00:04.5003872
Assembly reference Packages/com.unity.cinemachine/Editor/Samples/ExposeHDRPInternals/HDRP-Editor-ref.asmref has no target assembly definition
Refreshing native plugins compatible for Editor in 20.80 ms, found 5 plugins.
Native extension for WindowsStandalone target not found
Native extension for WebGL target not found
[MODES] ModeService[none].Initialize
[MODES] ModeService[none].LoadModes
ScheduleIndexationOnStartup MainProcess:True IndexOnStartup:True
Scripting: successfully reloaded assembly
- Finished resetting the current domain, in  9.627 seconds
Domain Reload Profiling: 22178ms
	BeginReloadAssembly (9160ms)
		ExecutionOrderSort (8ms)
		DisableScriptedObjects (2691ms)
		ReleaseScriptingObjects (3ms)
		CreateAndSetChildDomain (3607ms)
	RebuildCommonClasses (54ms)
	RebuildNativeTypeToScriptingClass (64ms)
	initialDomainReloadingComplete (590ms)
	LoadAllAssembliesAndSetupDomain (2681ms)
		LoadAssemblies (1426ms)
		TypeCache.Refresh (213ms)
			TypeCache.ScanAssembly (3ms)
		AnalyzeDomain (967ms)
			BuildScriptInfoCaches (881ms)
			ResolveRequiredComponents (35ms)
	FinalizeReload (9630ms)
		SetupLoadedEditorAssemblies (0ms)
			LogAssemblyErrors (8ms)
			InitializePlatformSupportModulesInManaged (12ms)
			BeforeProcessingInitializeOnLoad (1081ms)
			ProcessInitializeOnLoadAttributes (2471ms)
			ProcessInitializeOnLoadMethodAttributes (435ms)
			AfterProcessingInitializeOnLoad (50ms)
			EditorAssembliesLoaded (11ms)
		AwakeInstancesAfterBackupRestoration (3571ms)
Refreshing native plugins compatible for Editor in 8.95 ms, found 5 plugins.

Asset Pipeline Refresh (id=14ccfd0f6f083e54da05890369a6e95b): Total: 76.034 seconds - Initiated by RefreshV2(AllowForceSynchronousImport)
	(Values over 0.05ms)
	Summary:
		Imports: total=0 (actual=0, local cache=0, cache server=0)
		Asset DB Process Time: managed=0 ms, native=10005 ms
		Asset DB Callback time: managed=171 ms, native=256 ms
		Scripting: domain reloads=1, domain reload time=13885 ms, compile time=51715 ms, other=0 ms
		Project Asset Count: scripts=1208, non-scripts=1938
		Asset File Changes: new=0, changed=0, moved=0, deleted=0
		Scan Filter Count: 0
	InvokePackagesCallback: 8.438ms
	ApplyChangesToAssetFolders: 0.741ms
	Scan: 40.311ms
	Collect global state as custom dependencies: 5.106ms
	ProcessAssetsWithTransientArtifactChanges: 11.438ms
	CategorizeAssets: 122.460ms
	CompileScripts: 51715.361ms
	ImportOutOfDateAssets: 9667.798ms (9663.850ms without children)
		CollectScriptTypesHashes: 0.226ms
		UnloadImportedAssets: 0.251ms
		EnsureUptoDateAssetsAreRegisteredWithGuidPM: 1.295ms
		ImportSchedulerStart: 1.995ms
	PostProcessAllAssets: 181.529ms
		PostProcessCallbackCreateDeferredMaterials 5.034ms
		XRBuildSystem.XRAssetImported 2.215ms
		MonoPostProcessAllAssets: 171.707ms
			SyncVS.PostprocessSyncProject 31.375ms
			BuilderAssetPostprocessor.OnPostprocessAllAssets 22.618ms
			WindowAssetPostprocessingWatcher.OnPostprocessAllAssets 19.936ms
			AssetChangedListener.OnPostprocessAllAssets 15.473ms
			AssetPostprocessor.OnPostprocessAllAssets 10.707ms
			SpriteSlicePostprocessor.OnPostprocessAllAssets 9.423ms
			SpeedTree9Postprocessor.OnPostprocessAllAssets 3.706ms
			RetainedModeAssetPostprocessor.OnPostprocessAllAssets 3.411ms
			ProjectSettingsPostprocessor.OnPostprocessAllAssets 2.861ms
			EditModeScopePostprocessor.OnPostprocessAllAssets 2.228ms
			SpriteEditorTexturePostprocessor.OnPostprocessAllAssets 2.190ms
			SpriteShapeAssetPostProcessor.OnPostprocessAllAssets 1.646ms
			TMPro_TexturePostProcessor.OnPostprocessAllAssets 1.410ms
			InputActionAssetPostprocessor.OnPostprocessAllAssets 1.353ms
			TextAssetPostProcessor.OnPostprocessAllAssets 1.258ms
			ArtifactBrowserPostProcessor.OnPostprocessAllAssets 1.244ms
			InputActionJsonNameModifierAssetProcessor.OnPostprocessAllAssets 1.026ms
			CinemachineSettings.OnPostprocessAllAssets 0.993ms
			AudioMixerPostprocessor.OnPostprocessAllAssets 0.966ms
			UVCSAssetPostprocessor.OnPostprocessAllAssets 0.929ms
			ReferencedClipsPostProcessor.OnPostprocessAllAssets 0.833ms
			StyleCatalogPostProcessor.OnPostprocessAllAssets 0.832ms
			DomainReloadProcessor.OnPostprocessAllAssets 0.733ms
			AssetEvents.OnPostprocessAllAssets 0.681ms
			TerrainToolbarOverlayPostProcessor.OnPostprocessAllAssets 0.661ms
			PSDImportPostProcessor.OnPostprocessAllAssets 0.652ms
			SpriteLibraryAssetPostprocessor.OnPostprocessAllAssets 0.639ms
			SpeedTreePostProcessor.OnPostprocessAllAssets 0.631ms
			ThemePostprocessor.OnPostprocessAllAssets 0.521ms
			ScenarioDriftAssetsTracker.OnPostprocessAllAssets 0.485ms
			AssetDatabaseCallbacks.OnPostprocessAllAssets 0.456ms
			SamplePostprocessor.OnPostprocessAllAssets 0.432ms
			ConfigAssetsTracker.OnPostprocessAllAssets 0.417ms
			AssetReloadNotifier.OnPostprocessAllAssets 0.315ms
			PSDImporterAssetPostProcessor.OnPostprocessAllAssets 0.296ms
			RenderPipelineGlobalSettingsPostprocessor.OnPostprocessAllAssets 0.212ms
			AudioContainerPostProcessor.OnPostprocessAllAssets 0.205ms
			AssetProcessor.OnPostprocessAllAssets 0.184ms
	PostAssetChangesProfiler: 242.536ms
	GatherAllCurrentPrimaryImportResultRevisions: 0.624ms
	PersistCurrentRevisions: 0.169ms
	GenerateScriptTypeHashes: 2.853ms
	GenerateScriptTypeSerializationHashes: 4.677ms
	Untracked: 13999.713ms

[Licensing::Client] Successfully resolved entitlement details
[Licensing::Client] Successfully resolved entitlement details
[Licensing::Client] Successfully resolved entitlement details
[Worker0] Imported GUID: 04f4acf1dec95ad449b86f03f93ee818 - Path: Assets/Scripts/Environment/CajaHerramientas.cs - Importer: PreviewImporter -> (ImportResultId: '92082c265a951bde8d297b7286ffab14') in 0.0300915 seconds
[Licensing::Client] Successfully resolved entitlement details

[ScriptCompilation] Requested script compilation because: AssetDatabase observed changes in script compilation related files
Starting: C:\Program Files\Unity\Hub\Editor\6000.6.0f1\Editor\Data\Tools\BuildPipeline\bee_backend.exe --ipc --defer-dag-verification --dagfile="Library/Bee/1900b0aE.dag" --continue-on-failure --profile="Library/Bee/backend1.traceevents" ScriptAssemblies
WorkingDir: C:/Users/kimji/Ingenieria_MisionKonstruir
ExitCode: 0 Duration: 7s558ms
[746/958    0s] ILPP-Configuration Library/ilpp-configuration.nevergeneratedoutput
[954/958    4s] Csc Library/Bee/artifacts/1900b0aE.dag/Assembly-CSharp.dll (+2 others)
Assets\Scripts\Core\GameManager.cs(20,39): warning CS0414: The field 'GameManager.grietaReparada' is assigned but its value is never used
[955/958    1s] ILPostProcess Library/Bee/artifacts/1900b0aE.dag/post-processed/Assembly-CSharp.dll (+pdb)
Processing assembly Library/Bee/artifacts/1900b0aE.dag/Assembly-CSharp.dll, with 150 defines and 350 references

processors: Unity.Jobs.CodeGen.JobsILPostProcessor, zzzUnity.Burst.CodeGen.BurstILPostProcessor

1 processor(s) skipped this assembly

running Unity.Jobs.CodeGen.JobsILPostProcessor
[956/958    0s] CopyFiles Library/ScriptAssemblies/Assembly-CSharp.dll
[957/958    0s] CopyFiles Library/ScriptAssemblies/Assembly-CSharp.pdb
*** Tundra build success (7.29 seconds), 5 items updated, 958 evaluated
Assets\Scripts\Core\GameManager.cs(20,39): warning CS0414: The field 'GameManager.grietaReparada' is assigned but its value is never used
Reloading assemblies after forced synchronous recompile.
Begin MonoManager ReloadAssembly
Total cache size 267849644
Total cache size after purge 267849644, took 00:00:03.2898912
Assembly reference Packages/com.unity.cinemachine/Editor/Samples/ExposeHDRPInternals/HDRP-Editor-ref.asmref has no target assembly definition
Refreshing native plugins compatible for Editor in 20.10 ms, found 5 plugins.
Native extension for WindowsStandalone target not found
Native extension for WebGL target not found
[MODES] ModeService[none].Initialize
[MODES] ModeService[none].LoadModes
ScheduleIndexationOnStartup MainProcess:True IndexOnStartup:True
Scripting: successfully reloaded assembly
- Finished resetting the current domain, in  9.452 seconds
Domain Reload Profiling: 21917ms
	BeginReloadAssembly (9062ms)
		ExecutionOrderSort (10ms)
		DisableScriptedObjects (1931ms)
		CreateAndSetChildDomain (4248ms)
	RebuildCommonClasses (102ms)
	RebuildNativeTypeToScriptingClass (103ms)
	initialDomainReloadingComplete (648ms)
	LoadAllAssembliesAndSetupDomain (2545ms)
		LoadAssemblies (1823ms)
		TypeCache.Refresh (81ms)
			TypeCache.ScanAssembly (5ms)
		AnalyzeDomain (1022ms)
			BuildScriptInfoCaches (951ms)
			ResolveRequiredComponents (28ms)
	FinalizeReload (9457ms)
		SetupLoadedEditorAssemblies (0ms)
			LogAssemblyErrors (11ms)
			InitializePlatformSupportModulesInManaged (13ms)
			BeforeProcessingInitializeOnLoad (1235ms)
			ProcessInitializeOnLoadAttributes (2324ms)
			ProcessInitializeOnLoadMethodAttributes (425ms)
			AfterProcessingInitializeOnLoad (59ms)
			EditorAssembliesLoaded (10ms)
		AwakeInstancesAfterBackupRestoration (3282ms)
Refreshing native plugins compatible for Editor in 9.36 ms, found 5 plugins.

Asset Pipeline Refresh (id=a6fb89b7442bb70418a2a60a985849a3): Total: 33.955 seconds - Initiated by RefreshV2(AllowForceSynchronousImport)
	(Values over 0.05ms)
	Summary:
		Imports: total=0 (actual=0, local cache=0, cache server=0)
		Asset DB Process Time: managed=0 ms, native=10187 ms
		Asset DB Callback time: managed=280 ms, native=292 ms
		Scripting: domain reloads=1, domain reload time=13108 ms, compile time=10086 ms, other=0 ms
		Project Asset Count: scripts=1208, non-scripts=1938
		Asset File Changes: new=0, changed=1, moved=0, deleted=0
		Scan Filter Count: 0
	InvokePackagesCallback: 12.821ms
	ApplyChangesToAssetFolders: 1.936ms
	Scan: 137.060ms
	Collect global state as custom dependencies: 8.688ms
	OnSourceAssetsModified: 8.156ms
	CategorizeScriptCompilationAssets: 0.417ms
	ProcessAssetsWithTransientArtifactChanges: 33.034ms
	CategorizeAssets: 232.218ms
	CompileScripts: 10085.548ms
	ImportOutOfDateAssets: 9500.325ms (9492.962ms without children)
		CollectScriptTypesHashes: 0.632ms
		UnloadImportedAssets: 0.246ms
		EnsureUptoDateAssetsAreRegisteredWithGuidPM: 2.248ms
		ImportSchedulerStart: 4.015ms
	PostProcessAllAssets: 285.608ms
		XRBuildSystem.XRAssetImported 4.047ms
		PostProcessCallbackCreateDeferredMaterials 0.970ms
		ShaderAssetModifiedCallback 0.844ms
		SpriteAtlasDatabase.OnAssetPostprocessCallback 0.259ms
		RaytracingShaderImportPostprocess 0.253ms
		VCAutoAddAssetPostprocess 0.213ms
		LocalizationDatabase.AssetDatabasePostprocessCallback 0.053ms
		PostprocessAssetsUpdateCachedIcon 0.052ms
		MonoPostProcessAllAssets: 273.322ms
			SyncVS.PostprocessSyncProject 35.725ms
			WindowAssetPostprocessingWatcher.OnPostprocessAllAssets 32.731ms
			BuilderAssetPostprocessor.OnPostprocessAllAssets 28.511ms
			AssetChangedListener.OnPostprocessAllAssets 27.986ms
			AssetPostprocessor.OnPostprocessAllAssets 23.950ms
			SpriteSlicePostprocessor.OnPostprocessAllAssets 11.950ms
			RetainedModeAssetPostprocessor.OnPostprocessAllAssets 6.499ms
			EditModeScopePostprocessor.OnPostprocessAllAssets 5.156ms
			SpeedTree9Postprocessor.OnPostprocessAllAssets 4.650ms
			ProjectSettingsPostprocessor.OnPostprocessAllAssets 3.549ms
			TMPro_TexturePostProcessor.OnPostprocessAllAssets 2.729ms
			SpriteEditorTexturePostprocessor.OnPostprocessAllAssets 2.578ms
			ArtifactBrowserPostProcessor.OnPostprocessAllAssets 2.569ms
			TextAssetPostProcessor.OnPostprocessAllAssets 1.790ms
			SpriteShapeAssetPostProcessor.OnPostprocessAllAssets 1.773ms
			AudioMixerPostprocessor.OnPostprocessAllAssets 1.711ms
			UVCSAssetPostprocessor.OnPostprocessAllAssets 1.564ms
			CinemachineSettings.OnPostprocessAllAssets 1.541ms
			InputActionAssetPostprocessor.OnPostprocessAllAssets 1.436ms
			ReferencedClipsPostProcessor.OnPostprocessAllAssets 1.414ms
			AssetEvents.OnPostprocessAllAssets 1.328ms
			StyleCatalogPostProcessor.OnPostprocessAllAssets 1.279ms
			SpriteLibraryAssetPostprocessor.OnPostprocessAllAssets 1.185ms
			InputActionJsonNameModifierAssetProcessor.OnPostprocessAllAssets 1.093ms
			DomainReloadProcessor.OnPostprocessAllAssets 0.942ms
			AssetDatabaseCallbacks.OnPostprocessAllAssets 0.846ms
			ScenarioDriftAssetsTracker.OnPostprocessAllAssets 0.762ms
			TerrainToolbarOverlayPostProcessor.OnPostprocessAllAssets 0.757ms
			SamplePostprocessor.OnPostprocessAllAssets 0.716ms
			SpeedTreePostProcessor.OnPostprocessAllAssets 0.712ms
			PSDImportPostProcessor.OnPostprocessAllAssets 0.695ms
			ConfigAssetsTracker.OnPostprocessAllAssets 0.684ms
			ThemePostprocessor.OnPostprocessAllAssets 0.512ms
			AssetReloadNotifier.OnPostprocessAllAssets 0.496ms
			PSDImporterAssetPostProcessor.OnPostprocessAllAssets 0.496ms
			AudioContainerPostProcessor.OnPostprocessAllAssets 0.425ms
			RenderPipelineGlobalSettingsPostprocessor.OnPostprocessAllAssets 0.386ms
			AssetProcessor.OnPostprocessAllAssets 0.311ms
	PostAssetChangesProfiler: 275.585ms
	GatherAllCurrentPrimaryImportResultRevisions: 10.743ms
	PersistCurrentRevisions: 0.367ms
	GenerateScriptTypeHashes: 5.411ms
	GenerateScriptTypeSerializationHashes: 8.983ms
	Untracked: 13313.517ms

[Licensing::Client] Successfully resolved entitlement details
[Licensing::Client] Successfully resolved entitlement details
[Licensing::Client] Successfully resolved entitlement details
[Licensing::Client] Successfully resolved entitlement details
Asset Pipeline Refresh (id=6c8ac2c4ea5acfc44bed3ba4eb31d80b): Total: 0.042 seconds - Initiated by RefreshV2(AllowForceSynchronousImport)
[main 2026-10-02T23:46:22.615Z] update#setState checking for updates
[main 2026-10-02T23:46:23.608Z] update#setState idle
Scanning for USB devices : 9.538ms
Scanning for USB devices : 10.445ms
Scanning for USB devices : 2.965ms
[Licensing::Client] Successfully resolved entitlement details
Scanning for USB devices : 4.500ms
Scanning for USB devices : 5.385ms
Asset Pipeline Refresh (id=a10ecc8c743fbe044b4e39f010196907): Total: 0.069 seconds - Initiated by RefreshV2(AllowForceSynchronousImport)
Asset Pipeline Refresh (id=918548bf05e639544afcc961271823a5): Total: 0.020 seconds - Initiated by RefreshV2(AllowForceSynchronousImport)
UnityConnectWebRequestException: Token Exchange failed due a failure with the web request.
  at UnityEditor.Connect.TokenExchange.VerifyTokenExchangeResponse (UnityEngine.Networking.UnityWebRequest exchangeRequest) [0x00014] in <2194b77af8ea43e69caba13ba778a69a>:0 
  at UnityEditor.Connect.TokenExchange.TokenExchangeRequestAsync (UnityEditor.Connect.TokenExchangeRequest tokenExchangeRequest, System.Threading.CancellationToken cancellationToken) [0x00195] in <2194b77af8ea43e69caba13ba778a69a>:0 
  at UnityEditor.Connect.TokenExchange.GetServiceTokenAsync (System.String genesisToken, System.Threading.CancellationToken cancellationToken) [0x0007b] in <2194b77af8ea43e69caba13ba778a69a>:0 
  at UnityEditor.Connect.ServiceToken.GetServiceTokenAsync (System.String genesisToken, System.Threading.CancellationToken cancellationToken) [0x000f3] in <2194b77af8ea43e69caba13ba778a69a>:0 
  at UnityEditor.Connect.UnityConnect.RequestNewServiceToken () [0x00080] in <2194b77af8ea43e69caba13ba778a69a>:0 
  at System.Runtime.CompilerServices.AsyncMethodBuilderCore+<>c.<ThrowAsync>b__7_0 (System.Object state) [0x00000] in <c5ae8a4eeb824526b5df2932bc2395e0>:0 
  at UnityEngine.UnitySynchronizationContext+WorkRequest.Invoke () [0x00000] in <d5ea965f39d74501b56f4006ef80da34>:0 
  at UnityEngine.UnitySynchronizationContext.Exec () [0x00052] in <d5ea965f39d74501b56f4006ef80da34>:0 
  at UnityEngine.UnitySynchronizationContext.ExecuteTasks () [0x0000e] in <d5ea965f39d74501b56f4006ef80da34>:0 
UnityEngine.StackTraceUtility:ExtractStringFromExceptionInternal(Object, String&, String&)

Project ID request failed, Reason: The requested URL returned error: 401 (401).
Unknown Unity Connect error (400). Please contact support at support@unity.com while processing request "https://services.unity.com/api/unity/legacy/v1/projects/568c27f6-37e2-4d04-a3cc-cd50cd05e909", HTTP error code 401
.[Licensing::Client] Successfully updated the access token
[Licensing::Module] Successfully updated access token: "AO9MfrZG"... (expires: 2026-10-03T02:44:49Z)
[Licensing::Client] Successfully resolved entitlement details
[Licensing::Client] Successfully resolved entitlement details
[main 2026-10-03T00:46:22.693Z] update#setState checking for updates
[main 2026-10-03T00:46:23.494Z] update#setState idle
Asset Pipeline Refresh (id=095446d3b0395884ba5f7383c3e9e9e1): Total: 0.018 seconds - Initiated by RefreshV2(AllowForceSynchronousImport)
Importing 'GUID: 55d56917bc62f264d8167903092296fe - Path: Assets/Prefabs/CajaHerramientas/CajaHerramientas.prefab' with importer (PrefabImporter)
Imported 'GUID: 55d56917bc62f264d8167903092296fe' -> (Import Result ID: '499c27cfc501f7d5e1e8c4bdb757ae57') in 0.157 seconds [static and dynamic dependencies]. Details - ImportResultOutputID=71a480c5ae989d8874e2708e67f1b63c DependenciesID=42166ff3410a5ec308eb241e637e1e02 StaticDependenciesID=75feaad9fe41c658d95007b75b2d0b25 
Refreshing native plugins compatible for Editor in 126.27 ms, found 5 plugins.

Asset Pipeline Refresh (id=22eb30285f04ecd458383f49eedc9155): Total: 0.745 seconds - Initiated by StopAssetImportingV2(NoUpdateAssetOptions)
	(Values over 0.05ms)
	Summary:
		Imports: total=1 (actual=1, local cache=0, cache server=0)
		Asset DB Process Time: managed=42 ms, native=373 ms
		Asset DB Callback time: managed=176 ms, native=152 ms
		Scripting: domain reloads=0, domain reload time=0 ms, compile time=0 ms, other=0 ms
		Project Asset Count: scripts=1208, non-scripts=1939
		Asset File Changes: new=1, changed=1, moved=0, deleted=0
		Scan Filter Count: 4
	ApplyChangesToAssetFolders: 0.271ms
	Scan: 126.487ms
	Collect global state as custom dependencies: 0.828ms
	OnSourceAssetsModified: 4.008ms
	ProcessAssetsWithTransientArtifactChanges: 4.884ms
	CategorizeAssets: 14.304ms
	ImportOutOfDateAssets: 183.777ms (1.518ms without children)
		ImportManagerImport: 170.444ms (5.139ms without children)
			UpdateCategorizedAssets: 0.086ms
		ReloadNativeAssets: 0.097ms
		UnloadImportedAssets: 1.165ms
		EnsureUptoDateAssetsAreRegisteredWithGuidPM: 1.083ms
		ImportSchedulerStart: 9.446ms
	PostProcessAllAssets: 113.371ms
		XRBuildSystem.XRAssetImported 8.816ms
		ObjectImages.AssetImported 0.310ms
		Canvas.OnAllAssetImport 0.244ms
		PostProcessCallbackCreateDeferredMaterials 0.221ms
		VersionControlSettings.HiddenFilePostprocess 0.187ms
		MonoPostProcessAllAssets: 101.979ms
			SyncVS.PostprocessSyncProject 73.136ms
			AssetChangedListener.OnPostprocessAllAssets 9.434ms
			ConfigAssetsTracker.OnPostprocessAllAssets 5.370ms
			ProjectSettingsPostprocessor.OnPostprocessAllAssets 1.615ms
			AssetPostprocessor.OnPostprocessAllAssets 1.425ms
			TMPro_TexturePostProcessor.OnPostprocessAllAssets 0.725ms
			WindowAssetPostprocessingWatcher.OnPostprocessAllAssets 0.681ms
			SpriteShapeAssetPostProcessor.OnPostprocessAllAssets 0.658ms
			InputActionJsonNameModifierAssetProcessor.OnPostprocessAllAssets 0.540ms
			AudioMixerPostprocessor.OnPostprocessAllAssets 0.520ms
			StyleCatalogPostProcessor.OnPostprocessAllAssets 0.422ms
			SpeedTree9Postprocessor.OnPostprocessAllAssets 0.402ms
			SamplePostprocessor.OnPostprocessAllAssets 0.402ms
			SpriteEditorTexturePostprocessor.OnPostprocessAllAssets 0.369ms
			InputActionAssetPostprocessor.OnPostprocessAllAssets 0.358ms
			AssetProcessor.OnPostprocessAllAssets 0.329ms
			EditModeScopePostprocessor.OnPostprocessAllAssets 0.306ms
			BuilderAssetPostprocessor.OnPostprocessAllAssets 0.219ms
			SpriteSlicePostprocessor.OnPostprocessAllAssets 0.102ms
			RetainedModeAssetPostprocessor.OnPostprocessAllAssets 0.093ms
			TextAssetPostProcessor.OnPostprocessAllAssets 0.092ms
			CinemachineSettings.OnPostprocessAllAssets 0.087ms
			SpriteLibraryAssetPostprocessor.OnPostprocessAllAssets 0.081ms
			DomainReloadProcessor.OnPostprocessAllAssets 0.079ms
			ReferencedClipsPostProcessor.OnPostprocessAllAssets 0.064ms
			ArtifactBrowserPostProcessor.OnPostprocessAllAssets 0.059ms
			RenderPipelineGlobalSettingsPostprocessor.OnPostprocessAllAssets 0.053ms
	PostAssetChangesProfiler: 211.122ms
	GatherAllCurrentPrimaryImportResultRevisions: 2.172ms
	UnloadStreamsBegin: 0.125ms
	PersistCurrentRevisions: 0.830ms
	GenerateScriptTypeHashes: 0.067ms
	GenerateScriptTypeSerializationHashes: 0.064ms
	Untracked: 82.291ms

[Worker1] Imported GUID: 55d56917bc62f264d8167903092296fe - Path: Assets/Prefabs/CajaHerramientas/CajaHerramientas.prefab - Importer: PreviewImporter -> (ImportResultId: '49ca7e5b2911732dc98fcd75499d05cb') in 4.3684707 seconds
Asset Pipeline Refresh (id=f218a45a71cdce44f98f252290494f69): Total: 0.095 seconds - Initiated by RefreshV2(AllowForceSynchronousImport)
Asset Pipeline Refresh (id=be6761ed8a018c149b44b7e0c3d4a1f3): Total: 0.020 seconds - Initiated by RefreshV2(AllowForceSynchronousImport)
Asset Pipeline Refresh (id=d57a8d47007d37e45a66e4bd9d9b1fcf): Total: 0.016 seconds - Initiated by RefreshV2(AllowForceSynchronousImport)
Asset Pipeline Refresh (id=e658261847057a249aa1f787ba3b0e52): Total: 0.016 seconds - Initiated by RefreshV2(AllowForceSynchronousImport)
SpriteAtlasPacking completed in 0.137349 sec
Reloading assemblies for play mode.
Reloading assemblies after forced synchronous recompile.
[Licensing::Client] Successfully resolved entitlement details
Begin MonoManager ReloadAssembly
Assembly reference Packages/com.unity.cinemachine/Editor/Samples/ExposeHDRPInternals/HDRP-Editor-ref.asmref has no target assembly definition
Refreshing native plugins compatible for Editor in 14.01 ms, found 5 plugins.
Native extension for WindowsStandalone target not found
Native extension for WebGL target not found
ScheduleIndexationOnStartup MainProcess:True IndexOnStartup:True
[MODES] ModeService[none].Initialize
[MODES] ModeService[none].LoadModes
Scripting: successfully reloaded assembly
- Finished resetting the current domain, in 11.660 seconds
Domain Reload Profiling: 21227ms
	BeginReloadAssembly (6749ms)
		ExecutionOrderSort (7ms)
		DisableScriptedObjects (1368ms)
		CreateAndSetChildDomain (3574ms)
	RebuildCommonClasses (89ms)
	RebuildNativeTypeToScriptingClass (99ms)
	initialDomainReloadingComplete (640ms)
	LoadAllAssembliesAndSetupDomain (1987ms)
		LoadAssemblies (1602ms)
		TypeCache.Refresh (67ms)
		AnalyzeDomain (101ms)
			ResolveRequiredComponents (33ms)
	FinalizeReload (11664ms)
		SetupLoadedEditorAssemblies (0ms)
			LogAssemblyErrors (14ms)
			InitializePlatformSupportModulesInManaged (13ms)
			BeforeProcessingInitializeOnLoad (623ms)
			ProcessInitializeOnLoadAttributes (2545ms)
			ProcessInitializeOnLoadMethodAttributes (407ms)
			AfterProcessingInitializeOnLoad (40ms)
			EditorAssembliesLoaded (7ms)
		AwakeInstancesAfterBackupRestoration (4311ms)

Asset Pipeline Refresh (id=46a4d3077e1f2ac469c4e3608dd8d6e7): Total: 57.922 seconds - Initiated by StopAssetImportingV2(ForceSynchronousImport | ForceDomainReload)
	(Values over 0.05ms)
	Summary:
		Imports: total=0 (actual=0, local cache=0, cache server=0)
		Asset DB Process Time: managed=0 ms, native=12160 ms
		Asset DB Callback time: managed=164 ms, native=1 ms
		Scripting: domain reloads=1, domain reload time=45586 ms, compile time=11 ms, other=0 ms
		Project Asset Count: scripts=1208, non-scripts=1939
		Asset File Changes: new=0, changed=0, moved=0, deleted=0
		Scan Filter Count: 0
	InvokePackagesCallback: 6.405ms
	ApplyChangesToAssetFolders: 1.169ms
	Collect global state as custom dependencies: 3.495ms
	CategorizeScriptCompilationAssets: 0.274ms
	ProcessAssetsWithTransientArtifactChanges: 13.239ms
	CategorizeAssets: 106.261ms
	CompileScripts: 10.511ms
	ImportOutOfDateAssets: 11701.331ms (11693.106ms without children)
		CollectScriptTypesHashes: 0.237ms
		ReloadNativeAssets: 0.096ms
		UnloadImportedAssets: 0.526ms
		EnsureUptoDateAssetsAreRegisteredWithGuidPM: 1.935ms
		ImportSchedulerStart: 5.351ms
	PostProcessAllAssets: 164.095ms
		MonoPostProcessAllAssets: 164.081ms
			SyncVS.PostprocessSyncProject 58.037ms
			WindowAssetPostprocessingWatcher.OnPostprocessAllAssets 43.666ms
			AssetChangedListener.OnPostprocessAllAssets 9.434ms
			SpeedTree9Postprocessor.OnPostprocessAllAssets 5.413ms
			ConfigAssetsTracker.OnPostprocessAllAssets 5.370ms
			ProjectSettingsPostprocessor.OnPostprocessAllAssets 5.163ms
			InputActionAssetPostprocessor.OnPostprocessAllAssets 1.873ms
			CinemachineSettings.OnPostprocessAllAssets 1.751ms
			ReferencedClipsPostProcessor.OnPostprocessAllAssets 1.709ms
			AssetPostprocessor.OnPostprocessAllAssets 1.425ms
			TerrainToolbarOverlayPostProcessor.OnPostprocessAllAssets 1.156ms
			EditModeScopePostprocessor.OnPostprocessAllAssets 1.149ms
			DomainReloadProcessor.OnPostprocessAllAssets 1.045ms
			AssetDatabaseCallbacks.OnPostprocessAllAssets 0.742ms
			TMPro_TexturePostProcessor.OnPostprocessAllAssets 0.725ms
			RenderPipelineGlobalSettingsPostprocessor.OnPostprocessAllAssets 0.659ms
			SpriteShapeAssetPostProcessor.OnPostprocessAllAssets 0.658ms
			InputActionJsonNameModifierAssetProcessor.OnPostprocessAllAssets 0.540ms
			AudioMixerPostprocessor.OnPostprocessAllAssets 0.520ms
			StyleCatalogPostProcessor.OnPostprocessAllAssets 0.422ms
			SamplePostprocessor.OnPostprocessAllAssets 0.402ms
			SpriteEditorTexturePostprocessor.OnPostprocessAllAssets 0.369ms
			AssetProcessor.OnPostprocessAllAssets 0.329ms
			BuilderAssetPostprocessor.OnPostprocessAllAssets 0.219ms
			SpriteSlicePostprocessor.OnPostprocessAllAssets 0.102ms
			RetainedModeAssetPostprocessor.OnPostprocessAllAssets 0.093ms
			TextAssetPostProcessor.OnPostprocessAllAssets 0.092ms
			SpriteLibraryAssetPostprocessor.OnPostprocessAllAssets 0.081ms
			ArtifactBrowserPostProcessor.OnPostprocessAllAssets 0.059ms
	GatherAllCurrentPrimaryImportResultRevisions: 0.201ms
	UnloadStreamsBegin: 0.060ms
	PersistCurrentRevisions: 0.244ms
	GenerateScriptTypeHashes: 4.731ms
	GenerateScriptTypeSerializationHashes: 7.949ms
	Untracked: 45818.941ms

Loaded scene 'Temp/__Backupscenes/0.backup'
	Deserialize:            16.749 ms
	Integration:            3935.984 ms
	Integration of assets:  0.026 ms
	Thread Wait Time:       0.006 ms
	Total Operation Time:   3952.764 ms
[Licensing::Client] Successfully resolved entitlement details
[Licensing::Client] Successfully resolved entitlement details
[Licensing::Client] Successfully resolved entitlement details
Asset Pipeline Refresh (id=ad19a33f2659196419a4112f9d142d42): Total: 0.037 seconds - Initiated by RefreshV2(NoUpdateAssetOptions)
Unloading 0 Unused Serialized files (Serialized files now loaded: 0)
Loaded scene 'Temp/__Backupscenes/0.backup'
	Deserialize:            8.859 ms
	Integration:            92.991 ms
	Integration of assets:  0.014 ms
	Thread Wait Time:       0.005 ms
	Total Operation Time:   101.869 ms
Unloading 88 unused Assets / (42.6 KB). Loaded Objects now: 8007.
Memory consumption went from 0.82 GB to 0.82 GB.
Total: 115.046100 ms (FindLiveObjects: 1.378500 ms CreateObjectMapping: 0.433400 ms MarkObjects: 103.992300 ms  DeleteObjects: 8.539400 ms)

[Licensing::Client] Successfully resolved entitlement details
SpriteAtlasPacking completed in 0.184437 sec
Reloading assemblies for play mode.
Reloading assemblies after forced synchronous recompile.
Begin MonoManager ReloadAssembly
Assembly reference Packages/com.unity.cinemachine/Editor/Samples/ExposeHDRPInternals/HDRP-Editor-ref.asmref has no target assembly definition
Refreshing native plugins compatible for Editor in 19.20 ms, found 5 plugins.
Native extension for WindowsStandalone target not found
Native extension for WebGL target not found
ScheduleIndexationOnStartup MainProcess:True IndexOnStartup:True
[MODES] ModeService[none].Initialize
[MODES] ModeService[none].LoadModes
Scripting: successfully reloaded assembly
- Finished resetting the current domain, in 11.081 seconds
Domain Reload Profiling: 17735ms
	BeginReloadAssembly (4281ms)
		DisableScriptedObjects (684ms)
		CreateAndSetChildDomain (1881ms)
	RebuildCommonClasses (66ms)
	RebuildNativeTypeToScriptingClass (156ms)
	initialDomainReloadingComplete (616ms)
	LoadAllAssembliesAndSetupDomain (1529ms)
		LoadAssemblies (1471ms)
		TypeCache.Refresh (22ms)
		AnalyzeDomain (52ms)
			ResolveRequiredComponents (30ms)
	FinalizeReload (11087ms)
		SetupLoadedEditorAssemblies (0ms)
			LogAssemblyErrors (29ms)
			InitializePlatformSupportModulesInManaged (8ms)
			BeforeProcessingInitializeOnLoad (704ms)
			ProcessInitializeOnLoadAttributes (2354ms)
			ProcessInitializeOnLoadMethodAttributes (389ms)
			AfterProcessingInitializeOnLoad (49ms)
			EditorAssembliesLoaded (8ms)
		AwakeInstancesAfterBackupRestoration (4761ms)

Asset Pipeline Refresh (id=3cacd0d80430dc9499dad79066784ad9): Total: 19.008 seconds - Initiated by StopAssetImportingV2(ForceSynchronousImport | ForceDomainReload)
	(Values over 0.05ms)
	Summary:
		Imports: total=0 (actual=0, local cache=0, cache server=0)
		Asset DB Process Time: managed=0 ms, native=11630 ms
		Asset DB Callback time: managed=203 ms, native=2 ms
		Scripting: domain reloads=1, domain reload time=7158 ms, compile time=13 ms, other=0 ms
		Project Asset Count: scripts=1208, non-scripts=1939
		Asset File Changes: new=0, changed=0, moved=0, deleted=0
		Scan Filter Count: 0
	InvokePackagesCallback: 9.522ms
	ApplyChangesToAssetFolders: 1.257ms
	Collect global state as custom dependencies: 39.727ms
	ProcessAssetsWithTransientArtifactChanges: 0.512ms
	CategorizeAssets: 116.448ms
	CompileScripts: 13.426ms
	ImportOutOfDateAssets: 11146.397ms (11139.064ms without children)
		CollectScriptTypesHashes: 0.352ms
		UnloadImportedAssets: 1.137ms
		EnsureUptoDateAssetsAreRegisteredWithGuidPM: 2.380ms
		ImportSchedulerStart: 3.497ms
	PostProcessAllAssets: 203.244ms
		MonoPostProcessAllAssets: 203.229ms
			SyncVS.PostprocessSyncProject 63.528ms
			WindowAssetPostprocessingWatcher.OnPostprocessAllAssets 57.638ms
			AssetChangedListener.OnPostprocessAllAssets 9.434ms
			ProjectSettingsPostprocessor.OnPostprocessAllAssets 6.202ms
			SpeedTree9Postprocessor.OnPostprocessAllAssets 5.732ms
			ConfigAssetsTracker.OnPostprocessAllAssets 5.370ms
			CinemachineSettings.OnPostprocessAllAssets 2.450ms
			InputActionAssetPostprocessor.OnPostprocessAllAssets 2.231ms
			ReferencedClipsPostProcessor.OnPostprocessAllAssets 2.225ms
			EditModeScopePostprocessor.OnPostprocessAllAssets 2.129ms
			DomainReloadProcessor.OnPostprocessAllAssets 1.432ms
			AssetPostprocessor.OnPostprocessAllAssets 1.425ms
			TerrainToolbarOverlayPostProcessor.OnPostprocessAllAssets 1.191ms
			AssetDatabaseCallbacks.OnPostprocessAllAssets 1.163ms
			TMPro_TexturePostProcessor.OnPostprocessAllAssets 0.725ms
			SpriteShapeAssetPostProcessor.OnPostprocessAllAssets 0.658ms
			RenderPipelineGlobalSettingsPostprocessor.OnPostprocessAllAssets 0.641ms
			InputActionJsonNameModifierAssetProcessor.OnPostprocessAllAssets 0.540ms
			AudioMixerPostprocessor.OnPostprocessAllAssets 0.520ms
			StyleCatalogPostProcessor.OnPostprocessAllAssets 0.422ms
			SamplePostprocessor.OnPostprocessAllAssets 0.402ms
			SpriteEditorTexturePostprocessor.OnPostprocessAllAssets 0.369ms
			AssetProcessor.OnPostprocessAllAssets 0.329ms
			BuilderAssetPostprocessor.OnPostprocessAllAssets 0.219ms
			SpriteSlicePostprocessor.OnPostprocessAllAssets 0.102ms
			RetainedModeAssetPostprocessor.OnPostprocessAllAssets 0.093ms
			TextAssetPostProcessor.OnPostprocessAllAssets 0.092ms
			SpriteLibraryAssetPostprocessor.OnPostprocessAllAssets 0.081ms
			ArtifactBrowserPostProcessor.OnPostprocessAllAssets 0.059ms
	GatherAllCurrentPrimaryImportResultRevisions: 2.926ms
	UnloadStreamsBegin: 0.154ms
	PersistCurrentRevisions: 0.367ms
	GenerateScriptTypeHashes: 5.160ms
	GenerateScriptTypeSerializationHashes: 8.795ms
	Untracked: 7378.424ms

Loaded scene 'Temp/__Backupscenes/0.backup'
	Deserialize:            17.860 ms
	Integration:            3881.076 ms
	Integration of assets:  0.043 ms
	Thread Wait Time:       -0.019 ms
	Total Operation Time:   3898.960 ms
[Licensing::Client] Successfully resolved entitlement details
[Licensing::Client] Successfully resolved entitlement details
[Licensing::Client] Successfully resolved entitlement details
Unloading 2 Unused Serialized files (Serialized files now loaded: 0)
Loaded scene 'Temp/__Backupscenes/0.backup'
	Deserialize:            15.571 ms
	Integration:            121.408 ms
	Integration of assets:  0.043 ms
	Thread Wait Time:       -0.017 ms
	Total Operation Time:   137.005 ms
Unloading 19 unused Assets / (60.5 KB). Loaded Objects now: 8008.
Memory consumption went from 0.82 GB to 0.82 GB.
Total: 114.196900 ms (FindLiveObjects: 1.947800 ms CreateObjectMapping: 0.664800 ms MarkObjects: 105.951400 ms  DeleteObjects: 1.927400 ms)

[Worker0] Imported GUID: afd9656fbad8bf14ab4bbd78591162e4 - Path: Assets/Scripts/Environment/Coleccionable.cs - Importer: PreviewImporter -> (ImportResultId: '0cab051383814c8ed6f4e55b6a53b2c3') in 0.2097914 seconds
Asset Pipeline Refresh (id=7a2ba95a2366c3a4db00bfb3a33a4db8): Total: 0.072 seconds - Initiated by RefreshV2(AllowForceSynchronousImport)
[Worker1] Imported GUID: 04f4acf1dec95ad449b86f03f93ee818 - Path: Assets/Scripts/Environment/CajaHerramientas.cs - Importer: ScriptedImporter/UnityEditor.QuickSearchModule:UnityEditor.Search:ASIAI0B -> (ImportResultId: '918205bddf9e7d57399843b50b223202') in 0.9035598 seconds
[Worker0] Imported GUID: 55d56917bc62f264d8167903092296fe - Path: Assets/Prefabs/CajaHerramientas/CajaHerramientas.prefab - Importer: ScriptedImporter/UnityEditor.QuickSearchModule:UnityEditor.Search:ASIAI0B -> (ImportResultId: '8e0276161bc74cd99df1e69850c2110c') in 1.3327585 seconds
Assembly reference Packages/com.unity.cinemachine/Editor/Samples/ExposeHDRPInternals/HDRP-Editor-ref.asmref has no target assembly definition
[ScriptCompilation] Requested script compilation because: AssetDatabase observed changes in script compilation related files
[Licensing::Client] Successfully resolved entitlement details
Refreshing native plugins compatible for Editor in 7.72 ms, found 5 plugins.

Asset Pipeline Refresh (id=0f03b2ba7bb65cd44a67c418ff53703c): Total: 1.624 seconds - Initiated by StopAssetImportingV2(NoUpdateAssetOptions)
	(Values over 0.05ms)
	Summary:
		Imports: total=0 (actual=0, local cache=0, cache server=0)
		Asset DB Process Time: managed=0 ms, native=417 ms
		Asset DB Callback time: managed=1142 ms, native=62 ms
		Scripting: domain reloads=0, domain reload time=0 ms, compile time=1 ms, other=0 ms
		Project Asset Count: scripts=1208, non-scripts=1939
		Asset File Changes: new=1, changed=1, moved=0, deleted=0
		Scan Filter Count: 4
	ApplyChangesToAssetFolders: 0.678ms
	Scan: 194.096ms
	Collect global state as custom dependencies: 0.712ms
	OnSourceAssetsModified: 10.053ms
	CategorizeScriptCompilationAssets: 0.674ms
	ProcessAssetsWithTransientArtifactChanges: 4.957ms
	CategorizeAssets: 6.805ms
	CompileScripts: 1.455ms
	ImportOutOfDateAssets: 9.443ms (0.385ms without children)
		ReloadNativeAssets: 0.218ms
		UnloadImportedAssets: 0.304ms
		EnsureUptoDateAssetsAreRegisteredWithGuidPM: 0.736ms
		ImportSchedulerStart: 7.796ms
	PostProcessAllAssets: 1154.807ms
		XRBuildSystem.XRAssetImported 36.362ms
		PostProcessCallbackCreateDeferredMaterials 1.323ms
		ShaderAssetModifiedCallback 0.243ms
		Canvas.OnAllAssetImport 0.195ms
		VersionControlSettings.HiddenFilePostprocess 0.176ms
		AssemblyValidation.PostprocessAllAssets 0.139ms
		VCAutoAddAssetPostprocess 0.119ms
		ObjectImages.AssetImported 0.054ms
		MonoPostProcessAllAssets: 1111.752ms
			SyncVS.PostprocessSyncProject 958.112ms
			AssetPostprocessor.OnPostprocessAllAssets 48.363ms
			BuilderAssetPostprocessor.OnPostprocessAllAssets 22.962ms
			SpriteSlicePostprocessor.OnPostprocessAllAssets 13.747ms
			RetainedModeAssetPostprocessor.OnPostprocessAllAssets 11.790ms
			TMPro_TexturePostProcessor.OnPostprocessAllAssets 5.313ms
			SpriteEditorTexturePostprocessor.OnPostprocessAllAssets 5.096ms
			PSDImportPostProcessor.OnPostprocessAllAssets 4.997ms
			AssetReloadNotifier.OnPostprocessAllAssets 4.007ms
			ArtifactBrowserPostProcessor.OnPostprocessAllAssets 3.716ms
			UVCSAssetPostprocessor.OnPostprocessAllAssets 3.674ms
			ConfigAssetsTracker.OnPostprocessAllAssets 2.744ms
			TextAssetPostProcessor.OnPostprocessAllAssets 2.219ms
			InputActionJsonNameModifierAssetProcessor.OnPostprocessAllAssets 2.130ms
			SpriteShapeAssetPostProcessor.OnPostprocessAllAssets 1.866ms
			AudioMixerPostprocessor.OnPostprocessAllAssets 1.563ms
			StyleCatalogPostProcessor.OnPostprocessAllAssets 1.188ms
			SpeedTreePostProcessor.OnPostprocessAllAssets 1.186ms
			AssetChangedListener.OnPostprocessAllAssets 1.117ms
			SpriteLibraryAssetPostprocessor.OnPostprocessAllAssets 1.071ms
			AssetEvents.OnPostprocessAllAssets 1.059ms
			SamplePostprocessor.OnPostprocessAllAssets 1.023ms
			ThemePostprocessor.OnPostprocessAllAssets 1.001ms
			InputActionAssetPostprocessor.OnPostprocessAllAssets 0.734ms
			ScenarioDriftAssetsTracker.OnPostprocessAllAssets 0.658ms
			PSDImporterAssetPostProcessor.OnPostprocessAllAssets 0.587ms
			AssetProcessor.OnPostprocessAllAssets 0.532ms
			AudioContainerPostProcessor.OnPostprocessAllAssets 0.409ms
			ProjectSettingsPostprocessor.OnPostprocessAllAssets 0.140ms
			AssetDatabaseCallbacks.OnPostprocessAllAssets 0.138ms
	PostAssetChangesProfiler: 40.554ms
	GatherAllCurrentPrimaryImportResultRevisions: 2.141ms
	PersistCurrentRevisions: 0.292ms
	Untracked: 197.152ms

[Worker0] Imported GUID: 4894376b7702cb947983b5d89189d6bf - Path: Assets/Scripts/Environment/GrietaReparacion.cs - Importer: PreviewImporter -> (ImportResultId: 'ae640042e4acf9687960dc9883235d91') in 0.0205825 seconds
[Worker1] Imported GUID: 4894376b7702cb947983b5d89189d6bf - Path: Assets/Scripts/Environment/GrietaReparacion.cs - Importer: ScriptedImporter/UnityEditor.QuickSearchModule:UnityEditor.Search:ASIAI0B -> (ImportResultId: 'c5a5163e1f22eb3c054f662be2ff3d3d') in 0.0690331 seconds
Starting: C:\Program Files\Unity\Hub\Editor\6000.6.0f1\Editor\Data\Tools\BuildPipeline\bee_backend.exe --ipc --defer-dag-verification --dagfile="Library/Bee/1900b0aE.dag" --continue-on-failure --profile="Library/Bee/backend1.traceevents" ScriptAssemblies
WorkingDir: C:/Users/kimji/Ingenieria_MisionKonstruir
Starting: C:\Program Files\Unity\Hub\Editor\6000.6.0f1\Editor\Data\DotNetSdk\dotnet.exe "C:\Program Files\Unity\Hub\Editor\6000.6.0f1\Editor\Data\Tools\BuildPipeline\ScriptCompilationBuildProgram.exe" "Library/Bee/1900b0aE.dag.json" "Library/Bee/1900b0aE-inputdata.json" "Library\Bee\buildprogram0.traceevents"
ExitCode: 4 Duration: 1s236ms
WorkingDir: C:/Users/kimji/Ingenieria_MisionKonstruir
[747/958    0s] ILPP-Configuration Library/ilpp-configuration.nevergeneratedoutput
Rebuilding DAG because FileSignature timestamp changed: Library/Bee/1900b0aE-inputdata.json
*** Tundra requires additional run (0.85 seconds), 1 items updated, 958 evaluated
ExitCode: 0 Duration: 3s476ms
Starting: C:\Program Files\Unity\Hub\Editor\6000.6.0f1\Editor\Data\Tools\BuildPipeline\bee_backend.exe --ipc --defer-dag-verification --dagfile="Library/Bee/1900b0aE.dag" --continue-on-failure --dagfilejson="Library\Bee\1900b0aE.dag.json" --profile="Library/Bee/backend2.traceevents" ScriptAssemblies
WorkingDir: C:/Users/kimji/Ingenieria_MisionKonstruir

ExitCode: 0 Duration: 11s
Finished compiling graph: 961 nodes, 18367 flattened edges (15745 ToBuild, 146 ToUse), maximum node priority 1020
[533/958    0s] WriteText Library/Bee/artifacts/1900b0aE.dag/Assembly-CSharp.rsp
[746/958    0s] ILPP-Configuration Library/ilpp-configuration.nevergeneratedoutput
[BUSY       6s] Csc Library/Bee/artifacts/1900b0aE.dag/Assembly-CSharp.dll (+2 others)
[954/958    7s] Csc Library/Bee/artifacts/1900b0aE.dag/Assembly-CSharp.dll (+2 others)
Assets\Scripts\Core\GameManager.cs(20,39): warning CS0414: The field 'GameManager.grietaReparada' is assigned but its value is never used
[955/958    2s] ILPostProcess Library/Bee/artifacts/1900b0aE.dag/post-processed/Assembly-CSharp.dll (+pdb)
Processing assembly Library/Bee/artifacts/1900b0aE.dag/Assembly-CSharp.dll, with 150 defines and 350 references

processors: Unity.Jobs.CodeGen.JobsILPostProcessor, zzzUnity.Burst.CodeGen.BurstILPostProcessor

1 processor(s) skipped this assembly

running Unity.Jobs.CodeGen.JobsILPostProcessor
[956/958    0s] CopyFiles Library/ScriptAssemblies/Assembly-CSharp.dll
[957/958    0s] CopyFiles Library/ScriptAssemblies/Assembly-CSharp.pdb
*** Tundra build success (11.44 seconds), 6 items updated, 958 evaluated
Assets\Scripts\Core\GameManager.cs(20,39): warning CS0414: The field 'GameManager.grietaReparada' is assigned but its value is never used
Reloading assemblies after finishing script compilation.
Reloading assemblies after forced synchronous recompile.
Begin MonoManager ReloadAssembly
Total cache size 267849644
Total cache size after purge 267849644, took 00:00:04.4852831
Assembly reference Packages/com.unity.cinemachine/Editor/Samples/ExposeHDRPInternals/HDRP-Editor-ref.asmref has no target assembly definition
Refreshing native plugins compatible for Editor in 16.13 ms, found 5 plugins.
Native extension for WindowsStandalone target not found
Native extension for WebGL target not found
[MODES] ModeService[none].Initialize
[MODES] ModeService[none].LoadModes
ScheduleIndexationOnStartup MainProcess:True IndexOnStartup:True
Scripting: successfully reloaded assembly
- Finished resetting the current domain, in 11.054 seconds
Domain Reload Profiling: 21465ms
	BeginReloadAssembly (7026ms)
		ExecutionOrderSort (7ms)
		DisableScriptedObjects (1502ms)
		CreateAndSetChildDomain (3395ms)
	RebuildCommonClasses (48ms)
	RebuildNativeTypeToScriptingClass (75ms)
	initialDomainReloadingComplete (553ms)
	LoadAllAssembliesAndSetupDomain (2704ms)
		LoadAssemblies (1423ms)
		TypeCache.Refresh (220ms)
			TypeCache.ScanAssembly (8ms)
		AnalyzeDomain (906ms)
			BuildScriptInfoCaches (820ms)
			ResolveRequiredComponents (32ms)
	FinalizeReload (11059ms)
		SetupLoadedEditorAssemblies (0ms)
			LogAssemblyErrors (11ms)
			InitializePlatformSupportModulesInManaged (8ms)
			BeforeProcessingInitializeOnLoad (1513ms)
			ProcessInitializeOnLoadAttributes (3028ms)
			ProcessInitializeOnLoadMethodAttributes (514ms)
			AfterProcessingInitializeOnLoad (53ms)
			EditorAssembliesLoaded (12ms)
		AwakeInstancesAfterBackupRestoration (3864ms)
Refreshing native plugins compatible for Editor in 13.97 ms, found 5 plugins.

Asset Pipeline Refresh (id=c09aaac195dc0394194e02abe1ae1268): Total: 24.483 seconds - Initiated by StopAssetImportingV2(ForceSynchronousImport | ForceDomainReload)
	(Values over 0.05ms)
	Summary:
		Imports: total=0 (actual=0, local cache=0, cache server=0)
		Asset DB Process Time: managed=0 ms, native=12159 ms
		Asset DB Callback time: managed=219 ms, native=221 ms
		Scripting: domain reloads=1, domain reload time=11874 ms, compile time=9 ms, other=0 ms
		Project Asset Count: scripts=1208, non-scripts=1939
		Asset File Changes: new=0, changed=0, moved=0, deleted=0
		Scan Filter Count: 0
	InvokeCustomDependenciesCallbacks: 0.065ms
	InvokePackagesCallback: 12.667ms
	ApplyChangesToAssetFolders: 3.778ms
	Collect global state as custom dependencies: 9.443ms
	ProcessAssetsWithTransientArtifactChanges: 14.565ms
	CategorizeAssets: 675.287ms
	CompileScripts: 8.671ms
	ImportOutOfDateAssets: 11103.141ms (11094.073ms without children)
		CollectScriptTypesHashes: 0.451ms
		ReloadNativeAssets: 0.196ms
		UnloadImportedAssets: 0.895ms
		EnsureUptoDateAssetsAreRegisteredWithGuidPM: 1.689ms
		ImportSchedulerStart: 6.054ms
	PostProcessAllAssets: 230.123ms
		XRBuildSystem.XRAssetImported 3.672ms
		PostProcessCallbackCreateDeferredMaterials 0.704ms
		VCAutoAddAssetPostprocess 0.557ms
		SpriteAtlasDatabase.OnAssetPostprocessCallback 0.316ms
		Canvas.OnAllAssetImport 0.222ms
		ShaderAssetModifiedCallback 0.163ms
		AssemblyValidation.PostprocessAllAssets 0.160ms
		PostprocessAssetsUpdateCachedIcon 0.131ms
		WindowTitlePostprocess 0.122ms
		MonoPostProcessAllAssets: 219.211ms
			WindowAssetPostprocessingWatcher.OnPostprocessAllAssets 36.132ms
			SyncVS.PostprocessSyncProject 28.919ms
			BuilderAssetPostprocessor.OnPostprocessAllAssets 25.981ms
			AssetChangedListener.OnPostprocessAllAssets 20.632ms
			AssetPostprocessor.OnPostprocessAllAssets 14.459ms
			SpriteSlicePostprocessor.OnPostprocessAllAssets 9.409ms
			RetainedModeAssetPostprocessor.OnPostprocessAllAssets 4.188ms
			SpeedTree9Postprocessor.OnPostprocessAllAssets 3.282ms
			EditModeScopePostprocessor.OnPostprocessAllAssets 3.038ms
			ProjectSettingsPostprocessor.OnPostprocessAllAssets 2.709ms
			SpriteShapeAssetPostProcessor.OnPostprocessAllAssets 2.102ms
			SpriteEditorTexturePostprocessor.OnPostprocessAllAssets 1.853ms
			TMPro_TexturePostProcessor.OnPostprocessAllAssets 1.657ms
			ArtifactBrowserPostProcessor.OnPostprocessAllAssets 1.645ms
			TextAssetPostProcessor.OnPostprocessAllAssets 1.548ms
			StyleCatalogPostProcessor.OnPostprocessAllAssets 1.493ms
			UVCSAssetPostprocessor.OnPostprocessAllAssets 1.317ms
			InputActionAssetPostprocessor.OnPostprocessAllAssets 1.295ms
			AudioMixerPostprocessor.OnPostprocessAllAssets 1.278ms
			ReferencedClipsPostProcessor.OnPostprocessAllAssets 1.244ms
			CinemachineSettings.OnPostprocessAllAssets 1.203ms
			AssetEvents.OnPostprocessAllAssets 1.097ms
			InputActionJsonNameModifierAssetProcessor.OnPostprocessAllAssets 0.976ms
			SpriteLibraryAssetPostprocessor.OnPostprocessAllAssets 0.809ms
			DomainReloadProcessor.OnPostprocessAllAssets 0.766ms
			TerrainToolbarOverlayPostProcessor.OnPostprocessAllAssets 0.719ms
			AssetDatabaseCallbacks.OnPostprocessAllAssets 0.706ms
			ConfigAssetsTracker.OnPostprocessAllAssets 0.700ms
			SpeedTreePostProcessor.OnPostprocessAllAssets 0.627ms
			SamplePostprocessor.OnPostprocessAllAssets 0.593ms
			ScenarioDriftAssetsTracker.OnPostprocessAllAssets 0.568ms
			AssetReloadNotifier.OnPostprocessAllAssets 0.563ms
			PSDImportPostProcessor.OnPostprocessAllAssets 0.522ms
			ThemePostprocessor.OnPostprocessAllAssets 0.510ms
			PSDImporterAssetPostProcessor.OnPostprocessAllAssets 0.349ms
			AudioContainerPostProcessor.OnPostprocessAllAssets 0.296ms
			RenderPipelineGlobalSettingsPostprocessor.OnPostprocessAllAssets 0.260ms
			AssetProcessor.OnPostprocessAllAssets 0.227ms
	PostAssetChangesProfiler: 205.454ms
	GatherAllCurrentPrimaryImportResultRevisions: 0.377ms
	PersistCurrentRevisions: 0.265ms
	GenerateScriptTypeHashes: 4.276ms
	GenerateScriptTypeSerializationHashes: 6.820ms
	Untracked: 12167.396ms

[Licensing::Client] Successfully resolved entitlement details
[Licensing::Client] Successfully resolved entitlement details
[Licensing::Client] Successfully resolved entitlement details
[Worker0] Imported GUID: 4894376b7702cb947983b5d89189d6bf - Path: Assets/Scripts/Environment/GrietaReparacion.cs - Importer: PreviewImporter -> (ImportResultId: '00000000000000000000000000000000') in 0.0220158 seconds
Queued import returned SourceDataChangedDuringImport, source files will be rescanned
Queued import returned SourceDataChangedDuringImport, source files will be rescanned
Queued import returned SourceDataChangedDuringImport, source files will be rescanned
Queued import returned SourceDataChangedDuringImport, source files will be rescanned
Queued import returned SourceDataChangedDuringImport, source files will be rescanned
Queued import returned SourceDataChangedDuringImport, source files will be rescanned
Queued import returned SourceDataChangedDuringImport, source files will be rescanned
Queued import returned SourceDataChangedDuringImport, source files will be rescanned
Queued import returned SourceDataChangedDuringImport, source files will be rescanned
Queued import returned SourceDataChangedDuringImport, source files will be rescanned
Queued import returned SourceDataChangedDuringImport, source files will be rescanned
Queued import returned SourceDataChangedDuringImport, source files will be rescanned
Queued import returned SourceDataChangedDuringImport, source files will be rescanned
Queued import returned SourceDataChangedDuringImport, source files will be rescanned
Queued import returned SourceDataChangedDuringImport, source files will be rescanned
Queued import returned SourceDataChangedDuringImport, source files will be rescanned
Queued import returned SourceDataChangedDuringImport, source files will be rescanned
Queued import returned SourceDataChangedDuringImport, source files will be rescanned
Queued import returned SourceDataChangedDuringImport, source files will be rescanned
Queued import returned SourceDataChangedDuringImport, source files will be rescanned
Queued import returned SourceDataChangedDuringImport, source files will be rescanned
Queued import returned SourceDataChangedDuringImport, source files will be rescanned
Queued import returned SourceDataChangedDuringImport, source files will be rescanned
Queued import returned SourceDataChangedDuringImport, source files will be rescanned
Queued import returned SourceDataChangedDuringImport, source files will be rescanned
Queued import returned SourceDataChangedDuringImport, source files will be rescanned
Queued import returned SourceDataChangedDuringImport, source files will be rescanned
Queued import returned SourceDataChangedDuringImport, source files will be rescanned
Queued import returned SourceDataChangedDuringImport, source files will be rescanned
Queued import returned SourceDataChangedDuringImport, source files will be rescanned
Queued import returned SourceDataChangedDuringImport, source files will be rescanned
Queued import returned SourceDataChangedDuringImport, source files will be rescanned
Queued import returned SourceDataChangedDuringImport, source files will be rescanned
Queued import returned SourceDataChangedDuringImport, source files will be rescanned
Queued import returned SourceDataChangedDuringImport, source files will be rescanned
Queued import returned SourceDataChangedDuringImport, source files will be rescanned
Queued import returned SourceDataChangedDuringImport, source files will be rescanned
Queued import returned SourceDataChangedDuringImport, source files will be rescanned
Queued import returned SourceDataChangedDuringImport, source files will be rescanned
Queued import returned SourceDataChangedDuringImport, source files will be rescanned
Queued import returned SourceDataChangedDuringImport, source files will be rescanned
Queued import returned SourceDataChangedDuringImport, source files will be rescanned
Queued import returned SourceDataChangedDuringImport, source files will be rescanned
Queued import returned SourceDataChangedDuringImport, source files will be rescanned
Queued import returned SourceDataChangedDuringImport, source files will be rescanned
Queued import returned SourceDataChangedDuringImport, source files will be rescanned
Queued import returned SourceDataChangedDuringImport, source files will be rescanned
Queued import returned SourceDataChangedDuringImport, source files will be rescanned
Queued import returned SourceDataChangedDuringImport, source files will be rescanned
Queued import returned SourceDataChangedDuringImport, source files will be rescanned
Queued import returned SourceDataChangedDuringImport, source files will be rescanned
Queued import returned SourceDataChangedDuringImport, source files will be rescanned
Queued import returned SourceDataChangedDuringImport, source files will be rescanned
Queued import returned SourceDataChangedDuringImport, source files will be rescanned
Queued import returned SourceDataChangedDuringImport, source files will be rescanned
Queued import returned SourceDataChangedDuringImport, source files will be rescanned
Queued import returned SourceDataChangedDuringImport, source files will be rescanned
Queued import returned SourceDataChangedDuringImport, source files will be rescanned
Queued import returned SourceDataChangedDuringImport, source files will be rescanned
Queued import returned SourceDataChangedDuringImport, source files will be rescanned
Queued import returned SourceDataChangedDuringImport, source files will be rescanned
Queued import returned SourceDataChangedDuringImport, source files will be rescanned
Queued import returned SourceDataChangedDuringImport, source files will be rescanned
Queued import returned SourceDataChangedDuringImport, source files will be rescanned
Queued import returned SourceDataChangedDuringImport, source files will be rescanned
Queued import returned SourceDataChangedDuringImport, source files will be rescanned
Queued import returned SourceDataChangedDuringImport, source files will be rescanned
Queued import returned SourceDataChangedDuringImport, source files will be rescanned
Queued import returned SourceDataChangedDuringImport, source files will be rescanned
Queued import returned SourceDataChangedDuringImport, source files will be rescanned
Queued import returned SourceDataChangedDuringImport, source files will be rescanned
Queued import returned SourceDataChangedDuringImport, source files will be rescanned
Queued import returned SourceDataChangedDuringImport, source files will be rescanned
Queued import returned SourceDataChangedDuringImport, source files will be rescanned
Queued import returned SourceDataChangedDuringImport, source files will be rescanned
Queued import returned SourceDataChangedDuringImport, source files will be rescanned
Queued import returned SourceDataChangedDuringImport, source files will be rescanned
Queued import returned SourceDataChangedDuringImport, source files will be rescanned
Queued import returned SourceDataChangedDuringImport, source files will be rescanned
Queued import returned SourceDataChangedDuringImport, source files will be rescanned
Queued import returned SourceDataChangedDuringImport, source files will be rescanned
Queued import returned SourceDataChangedDuringImport, source files will be rescanned
Queued import returned SourceDataChangedDuringImport, source files will be rescanned
Queued import returned SourceDataChangedDuringImport, source files will be rescanned
Queued import returned SourceDataChangedDuringImport, source files will be rescanned
Queued import returned SourceDataChangedDuringImport, source files will be rescanned
Queued import returned SourceDataChangedDuringImport, source files will be rescanned
Queued import returned SourceDataChangedDuringImport, source files will be rescanned
Queued import returned SourceDataChangedDuringImport, source files will be rescanned
Queued import returned SourceDataChangedDuringImport, source files will be rescanned
Queued import returned SourceDataChangedDuringImport, source files will be rescanned
Queued import returned SourceDataChangedDuringImport, source files will be rescanned
Queued import returned SourceDataChangedDuringImport, source files will be rescanned
Queued import returned SourceDataChangedDuringImport, source files will be rescanned
Queued import returned SourceDataChangedDuringImport, source files will be rescanned
Queued import returned SourceDataChangedDuringImport, source files will be rescanned
Queued import returned SourceDataChangedDuringImport, source files will be rescanned
Queued import returned SourceDataChangedDuringImport, source files will be rescanned
Queued import returned SourceDataChangedDuringImport, source files will be rescanned
Queued import returned SourceDataChangedDuringImport, source files will be rescanned
Queued import returned SourceDataChangedDuringImport, source files will be rescanned
Queued import returned SourceDataChangedDuringImport, source files will be rescanned
Queued import returned SourceDataChangedDuringImport, source files will be rescanned
Queued import returned SourceDataChangedDuringImport, source files will be rescanned
Queued import returned SourceDataChangedDuringImport, source files will be rescanned
Queued import returned SourceDataChangedDuringImport, source files will be rescanned
Queued import returned SourceDataChangedDuringImport, source files will be rescanned
Queued import returned SourceDataChangedDuringImport, source files will be rescanned
Queued import returned SourceDataChangedDuringImport, source files will be rescanned
Queued import returned SourceDataChangedDuringImport, source files will be rescanned
Queued import returned SourceDataChangedDuringImport, source files will be rescanned
Queued import returned SourceDataChangedDuringImport, source files will be rescanned
Queued import returned SourceDataChangedDuringImport, source files will be rescanned
Queued import returned SourceDataChangedDuringImport, source files will be rescanned
Queued import returned SourceDataChangedDuringImport, source files will be rescanned
Queued import returned SourceDataChangedDuringImport, source files will be rescanned
Queued import returned SourceDataChangedDuringImport, source files will be rescanned
Queued import returned SourceDataChangedDuringImport, source files will be rescanned
Queued import returned SourceDataChangedDuringImport, source files will be rescanned
Queued import returned SourceDataChangedDuringImport, source files will be rescanned
Queued import returned SourceDataChangedDuringImport, source files will be rescanned
Queued import returned SourceDataChangedDuringImport, source files will be rescanned
Queued import returned SourceDataChangedDuringImport, source files will be rescanned
Queued import returned SourceDataChangedDuringImport, source files will be rescanned
Queued import returned SourceDataChangedDuringImport, source files will be rescanned
Queued import returned SourceDataChangedDuringImport, source files will be rescanned
Queued import returned SourceDataChangedDuringImport, source files will be rescanned
Queued import returned SourceDataChangedDuringImport, source files will be rescanned
Queued import returned SourceDataChangedDuringImport, source files will be rescanned
Queued import returned SourceDataChangedDuringImport, source files will be rescanned
Queued import returned SourceDataChangedDuringImport, source files will be rescanned
Queued import returned SourceDataChangedDuringImport, source files will be rescanned
Queued import returned SourceDataChangedDuringImport, source files will be rescanned
Queued import returned SourceDataChangedDuringImport, source files will be rescanned
Queued import returned SourceDataChangedDuringImport, source files will be rescanned
Queued import returned SourceDataChangedDuringImport, source files will be rescanned
Queued import returned SourceDataChangedDuringImport, source files will be rescanned
Queued import returned SourceDataChangedDuringImport, source files will be rescanned
Queued import returned SourceDataChangedDuringImport, source files will be rescanned
Queued import returned SourceDataChangedDuringImport, source files will be rescanned
Queued import returned SourceDataChangedDuringImport, source files will be rescanned
Queued import returned SourceDataChangedDuringImport, source files will be rescanned
Queued import returned SourceDataChangedDuringImport, source files will be rescanned
Queued import returned SourceDataChangedDuringImport, source files will be rescanned
Queued import returned SourceDataChangedDuringImport, source files will be rescanned
Queued import returned SourceDataChangedDuringImport, source files will be rescanned
Queued import returned SourceDataChangedDuringImport, source files will be rescanned
Queued import returned SourceDataChangedDuringImport, source files will be rescanned
Queued import returned SourceDataChangedDuringImport, source files will be rescanned
Queued import returned SourceDataChangedDuringImport, source files will be rescanned
Queued import returned SourceDataChangedDuringImport, source files will be rescanned
Queued import returned SourceDataChangedDuringImport, source files will be rescanned
Queued import returned SourceDataChangedDuringImport, source files will be rescanned
Queued import returned SourceDataChangedDuringImport, source files will be rescanned
Queued import returned SourceDataChangedDuringImport, source files will be rescanned
Queued import returned SourceDataChangedDuringImport, source files will be rescanned
Queued import returned SourceDataChangedDuringImport, source files will be rescanned
Queued import returned SourceDataChangedDuringImport, source files will be rescanned
Queued import returned SourceDataChangedDuringImport, source files will be rescanned
Queued import returned SourceDataChangedDuringImport, source files will be rescanned
Queued import returned SourceDataChangedDuringImport, source files will be rescanned
Queued import returned SourceDataChangedDuringImport, source files will be rescanned
Queued import returned SourceDataChangedDuringImport, source files will be rescanned
Queued import returned SourceDataChangedDuringImport, source files will be rescanned
Queued import returned SourceDataChangedDuringImport, source files will be rescanned
Queued import returned SourceDataChangedDuringImport, source files will be rescanned
Queued import returned SourceDataChangedDuringImport, source files will be rescanned
Queued import returned SourceDataChangedDuringImport, source files will be rescanned
Queued import returned SourceDataChangedDuringImport, source files will be rescanned
Queued import returned SourceDataChangedDuringImport, source files will be rescanned
Queued import returned SourceDataChangedDuringImport, source files will be rescanned
Queued import returned SourceDataChangedDuringImport, source files will be rescanned
Queued import returned SourceDataChangedDuringImport, source files will be rescanned
Queued import returned SourceDataChangedDuringImport, source files will be rescanned
Queued import returned SourceDataChangedDuringImport, source files will be rescanned
Queued import returned SourceDataChangedDuringImport, source files will be rescanned
Queued import returned SourceDataChangedDuringImport, source files will be rescanned
Queued import returned SourceDataChangedDuringImport, source files will be rescanned
Queued import returned SourceDataChangedDuringImport, source files will be rescanned
Queued import returned SourceDataChangedDuringImport, source files will be rescanned
Queued import returned SourceDataChangedDuringImport, source files will be rescanned
Queued import returned SourceDataChangedDuringImport, source files will be rescanned
Queued import returned SourceDataChangedDuringImport, source files will be rescanned
Queued import returned SourceDataChangedDuringImport, source files will be rescanned
Queued import returned SourceDataChangedDuringImport, source files will be rescanned
Queued import returned SourceDataChangedDuringImport, source files will be rescanned
Queued import returned SourceDataChangedDuringImport, source files will be rescanned
Queued import returned SourceDataChangedDuringImport, source files will be rescanned
Queued import returned SourceDataChangedDuringImport, source files will be rescanned
Queued import returned SourceDataChangedDuringImport, source files will be rescanned
Queued import returned SourceDataChangedDuringImport, source files will be rescanned
Queued import returned SourceDataChangedDuringImport, source files will be rescanned
Queued import returned SourceDataChangedDuringImport, source files will be rescanned
Queued import returned SourceDataChangedDuringImport, source files will be rescanned
Queued import returned SourceDataChangedDuringImport, source files will be rescanned
Queued import returned SourceDataChangedDuringImport, source files will be rescanned
Queued import returned SourceDataChangedDuringImport, source files will be rescanned
Queued import returned SourceDataChangedDuringImport, source files will be rescanned
Queued import returned SourceDataChangedDuringImport, source files will be rescanned
Queued import returned SourceDataChangedDuringImport, source files will be rescanned
Queued import returned SourceDataChangedDuringImport, source files will be rescanned
Queued import returned SourceDataChangedDuringImport, source files will be rescanned
Queued import returned SourceDataChangedDuringImport, source files will be rescanned
Queued import returned SourceDataChangedDuringImport, source files will be rescanned
Queued import returned SourceDataChangedDuringImport, source files will be rescanned
Queued import returned SourceDataChangedDuringImport, source files will be rescanned
Queued import returned SourceDataChangedDuringImport, source files will be rescanned
Queued import returned SourceDataChangedDuringImport, source files will be rescanned
Queued import returned SourceDataChangedDuringImport, source files will be rescanned
Queued import returned SourceDataChangedDuringImport, source files will be rescanned
Queued import returned SourceDataChangedDuringImport, source files will be rescanned
Queued import returned SourceDataChangedDuringImport, source files will be rescanned
Queued import returned SourceDataChangedDuringImport, source files will be rescanned
Queued import returned SourceDataChangedDuringImport, source files will be rescanned
Queued import returned SourceDataChangedDuringImport, source files will be rescanned
Queued import returned SourceDataChangedDuringImport, source files will be rescanned
Queued import returned SourceDataChangedDuringImport, source files will be rescanned
Queued import returned SourceDataChangedDuringImport, source files will be rescanned
Queued import returned SourceDataChangedDuringImport, source files will be rescanned
Queued import returned SourceDataChangedDuringImport, source files will be rescanned
Queued import returned SourceDataChangedDuringImport, source files will be rescanned
Queued import returned SourceDataChangedDuringImport, source files will be rescanned
Queued import returned SourceDataChangedDuringImport, source files will be rescanned
Queued import returned SourceDataChangedDuringImport, source files will be rescanned
Queued import returned SourceDataChangedDuringImport, source files will be rescanned
Queued import returned SourceDataChangedDuringImport, source files will be rescanned
Queued import returned SourceDataChangedDuringImport, source files will be rescanned
Queued import returned SourceDataChangedDuringImport, source files will be rescanned
Queued import returned SourceDataChangedDuringImport, source files will be rescanned
Queued import returned SourceDataChangedDuringImport, source files will be rescanned
Queued import returned SourceDataChangedDuringImport, source files will be rescanned
Queued import returned SourceDataChangedDuringImport, source files will be rescanned
Queued import returned SourceDataChangedDuringImport, source files will be rescanned
Queued import returned SourceDataChangedDuringImport, source files will be rescanned
Queued import returned SourceDataChangedDuringImport, source files will be rescanned
Queued import returned SourceDataChangedDuringImport, source files will be rescanned
Queued import returned SourceDataChangedDuringImport, source files will be rescanned
Queued import returned SourceDataChangedDuringImport, source files will be rescanned
Queued import returned SourceDataChangedDuringImport, source files will be rescanned
Queued import returned SourceDataChangedDuringImport, source files will be rescanned
Queued import returned SourceDataChangedDuringImport, source files will be rescanned
Queued import returned SourceDataChangedDuringImport, source files will be rescanned
Queued import returned SourceDataChangedDuringImport, source files will be rescanned
Queued import returned SourceDataChangedDuringImport, source files will be rescanned
Queued import returned SourceDataChangedDuringImport, source files will be rescanned
Queued import returned SourceDataChangedDuringImport, source files will be rescanned
Queued import returned SourceDataChangedDuringImport, source files will be rescanned
Queued import returned SourceDataChangedDuringImport, source files will be rescanned
Queued import returned SourceDataChangedDuringImport, source files will be rescanned
Queued import returned SourceDataChangedDuringImport, source files will be rescanned
Queued import returned SourceDataChangedDuringImport, source files will be rescanned
Queued import returned SourceDataChangedDuringImport, source files will be rescanned
Queued import returned SourceDataChangedDuringImport, source files will be rescanned
Queued import returned SourceDataChangedDuringImport, source files will be rescanned
Queued import returned SourceDataChangedDuringImport, source files will be rescanned
Queued import returned SourceDataChangedDuringImport, source files will be rescanned
Queued import returned SourceDataChangedDuringImport, source files will be rescanned
Queued import returned SourceDataChangedDuringImport, source files will be rescanned
Queued import returned SourceDataChangedDuringImport, source files will be rescanned
Queued import returned SourceDataChangedDuringImport, source files will be rescanned
Queued import returned SourceDataChangedDuringImport, source files will be rescanned
Queued import returned SourceDataChangedDuringImport, source files will be rescanned
Queued import returned SourceDataChangedDuringImport, source files will be rescanned
Queued import returned SourceDataChangedDuringImport, source files will be rescanned
Queued import returned SourceDataChangedDuringImport, source files will be rescanned
Queued import returned SourceDataChangedDuringImport, source files will be rescanned
Queued import returned SourceDataChangedDuringImport, source files will be rescanned
Queued import returned SourceDataChangedDuringImport, source files will be rescanned
Queued import returned SourceDataChangedDuringImport, source files will be rescanned
Queued import returned SourceDataChangedDuringImport, source files will be rescanned
Queued import returned SourceDataChangedDuringImport, source files will be rescanned
Queued import returned SourceDataChangedDuringImport, source files will be rescanned
Queued import returned SourceDataChangedDuringImport, source files will be rescanned
Queued import returned SourceDataChangedDuringImport, source files will be rescanned
Queued import returned SourceDataChangedDuringImport, source files will be rescanned
Queued import returned SourceDataChangedDuringImport, source files will be rescanned
Queued import returned SourceDataChangedDuringImport, source files will be rescanned
Queued import returned SourceDataChangedDuringImport, source files will be rescanned
Queued import returned SourceDataChangedDuringImport, source files will be rescanned
Queued import returned SourceDataChangedDuringImport, source files will be rescanned
Queued import returned SourceDataChangedDuringImport, source files will be rescanned
Queued import returned SourceDataChangedDuringImport, source files will be rescanned
Queued import returned SourceDataChangedDuringImport, source files will be rescanned
Queued import returned SourceDataChangedDuringImport, source files will be rescanned
Queued import returned SourceDataChangedDuringImport, source files will be rescanned
Queued import returned SourceDataChangedDuringImport, source files will be rescanned
Queued import returned SourceDataChangedDuringImport, source files will be rescanned
Queued import returned SourceDataChangedDuringImport, source files will be rescanned
Queued import returned SourceDataChangedDuringImport, source files will be rescanned
Queued import returned SourceDataChangedDuringImport, source files will be rescanned
Queued import returned SourceDataChangedDuringImport, source files will be rescanned
Queued import returned SourceDataChangedDuringImport, source files will be rescanned
Queued import returned SourceDataChangedDuringImport, source files will be rescanned
Queued import returned SourceDataChangedDuringImport, source files will be rescanned
Queued import returned SourceDataChangedDuringImport, source files will be rescanned
Queued import returned SourceDataChangedDuringImport, source files will be rescanned
Queued import returned SourceDataChangedDuringImport, source files will be rescanned
Queued import returned SourceDataChangedDuringImport, source files will be rescanned
Queued import returned SourceDataChangedDuringImport, source files will be rescanned
Queued import returned SourceDataChangedDuringImport, source files will be rescanned
Queued import returned SourceDataChangedDuringImport, source files will be rescanned
Queued import returned SourceDataChangedDuringImport, source files will be rescanned
Queued import returned SourceDataChangedDuringImport, source files will be rescanned
Queued import returned SourceDataChangedDuringImport, source files will be rescanned
Queued import returned SourceDataChangedDuringImport, source files will be rescanned
Queued import returned SourceDataChangedDuringImport, source files will be rescanned
Queued import returned SourceDataChangedDuringImport, source files will be rescanned
Queued import returned SourceDataChangedDuringImport, source files will be rescanned
Queued import returned SourceDataChangedDuringImport, source files will be rescanned
Queued import returned SourceDataChangedDuringImport, source files will be rescanned
Queued import returned SourceDataChangedDuringImport, source files will be rescanned
Queued import returned SourceDataChangedDuringImport, source files will be rescanned
Queued import returned SourceDataChangedDuringImport, source files will be rescanned
Queued import returned SourceDataChangedDuringImport, source files will be rescanned
Queued import returned SourceDataChangedDuringImport, source files will be rescanned
Queued import returned SourceDataChangedDuringImport, source files will be rescanned
Queued import returned SourceDataChangedDuringImport, source files will be rescanned
Queued import returned SourceDataChangedDuringImport, source files will be rescanned
Queued import returned SourceDataChangedDuringImport, source files will be rescanned
Queued import returned SourceDataChangedDuringImport, source files will be rescanned
Queued import returned SourceDataChangedDuringImport, source files will be rescanned
Queued import returned SourceDataChangedDuringImport, source files will be rescanned
Queued import returned SourceDataChangedDuringImport, source files will be rescanned
Queued import returned SourceDataChangedDuringImport, source files will be rescanned
Queued import returned SourceDataChangedDuringImport, source files will be rescanned
Queued import returned SourceDataChangedDuringImport, source files will be rescanned
Queued import returned SourceDataChangedDuringImport, source files will be rescanned
Queued import returned SourceDataChangedDuringImport, source files will be rescanned
Queued import returned SourceDataChangedDuringImport, source files will be rescanned
Queued import returned SourceDataChangedDuringImport, source files will be rescanned
Queued import returned SourceDataChangedDuringImport, source files will be rescanned
Queued import returned SourceDataChangedDuringImport, source files will be rescanned
Queued import returned SourceDataChangedDuringImport, source files will be rescanned
Queued import returned SourceDataChangedDuringImport, source files will be rescanned
Queued import returned SourceDataChangedDuringImport, source files will be rescanned
Queued import returned SourceDataChangedDuringImport, source files will be rescanned
Queued import returned SourceDataChangedDuringImport, source files will be rescanned
Queued import returned SourceDataChangedDuringImport, source files will be rescanned
Queued import returned SourceDataChangedDuringImport, source files will be rescanned
Queued import returned SourceDataChangedDuringImport, source files will be rescanned
Queued import returned SourceDataChangedDuringImport, source files will be rescanned
Queued import returned SourceDataChangedDuringImport, source files will be rescanned
Queued import returned SourceDataChangedDuringImport, source files will be rescanned
Queued import returned SourceDataChangedDuringImport, source files will be rescanned
Queued import returned SourceDataChangedDuringImport, source files will be rescanned
Queued import returned SourceDataChangedDuringImport, source files will be rescanned
Queued import returned SourceDataChangedDuringImport, source files will be rescanned
Queued import returned SourceDataChangedDuringImport, source files will be rescanned
Queued import returned SourceDataChangedDuringImport, source files will be rescanned
Queued import returned SourceDataChangedDuringImport, source files will be rescanned
Queued import returned SourceDataChangedDuringImport, source files will be rescanned
Queued import returned SourceDataChangedDuringImport, source files will be rescanned
Queued import returned SourceDataChangedDuringImport, source files will be rescanned
Queued import returned SourceDataChangedDuringImport, source files will be rescanned
Queued import returned SourceDataChangedDuringImport, source files will be rescanned
Queued import returned SourceDataChangedDuringImport, source files will be rescanned
Queued import returned SourceDataChangedDuringImport, source files will be rescanned
Queued import returned SourceDataChangedDuringImport, source files will be rescanned
Queued import returned SourceDataChangedDuringImport, source files will be rescanned
Queued import returned SourceDataChangedDuringImport, source files will be rescanned
Queued import returned SourceDataChangedDuringImport, source files will be rescanned
Queued import returned SourceDataChangedDuringImport, source files will be rescanned
Queued import returned SourceDataChangedDuringImport, source files will be rescanned
Queued import returned SourceDataChangedDuringImport, source files will be rescanned
Queued import returned SourceDataChangedDuringImport, source files will be rescanned
Queued import returned SourceDataChangedDuringImport, source files will be rescanned
Queued import returned SourceDataChangedDuringImport, source files will be rescanned
Queued import returned SourceDataChangedDuringImport, source files will be rescanned
Queued import returned SourceDataChangedDuringImport, source files will be rescanned
Queued import returned SourceDataChangedDuringImport, source files will be rescanned
Queued import returned SourceDataChangedDuringImport, source files will be rescanned
Queued import returned SourceDataChangedDuringImport, source files will be rescanned
Queued import returned SourceDataChangedDuringImport, source files will be rescanned
Queued import returned SourceDataChangedDuringImport, source files will be rescanned
Queued import returned SourceDataChangedDuringImport, source files will be rescanned
Queued import returned SourceDataChangedDuringImport, source files will be rescanned
Queued import returned SourceDataChangedDuringImport, source files will be rescanned
Queued import returned SourceDataChangedDuringImport, source files will be rescanned
Queued import returned SourceDataChangedDuringImport, source files will be rescanned
Queued import returned SourceDataChangedDuringImport, source files will be rescanned
Queued import returned SourceDataChangedDuringImport, source files will be rescanned
Queued import returned SourceDataChangedDuringImport, source files will be rescanned
Queued import returned SourceDataChangedDuringImport, source files will be rescanned
Queued import returned SourceDataChangedDuringImport, source files will be rescanned
Queued import returned SourceDataChangedDuringImport, source files will be rescanned
Queued import returned SourceDataChangedDuringImport, source files will be rescanned
Queued import returned SourceDataChangedDuringImport, source files will be rescanned
Queued import returned SourceDataChangedDuringImport, source files will be rescanned
Queued import returned SourceDataChangedDuringImport, source files will be rescanned
Queued import returned SourceDataChangedDuringImport, source files will be rescanned
Queued import returned SourceDataChangedDuringImport, source files will be rescanned
Queued import returned SourceDataChangedDuringImport, source files will be rescanned
Queued import returned SourceDataChangedDuringImport, source files will be rescanned
Queued import returned SourceDataChangedDuringImport, source files will be rescanned
Queued import returned SourceDataChangedDuringImport, source files will be rescanned
Queued import returned SourceDataChangedDuringImport, source files will be rescanned
Queued import returned SourceDataChangedDuringImport, source files will be rescanned
Queued import returned SourceDataChangedDuringImport, source files will be rescanned
Queued import returned SourceDataChangedDuringImport, source files will be rescanned
Queued import returned SourceDataChangedDuringImport, source files will be rescanned
Queued import returned SourceDataChangedDuringImport, source files will be rescanned
Queued import returned SourceDataChangedDuringImport, source files will be rescanned
Queued import returned SourceDataChangedDuringImport, source files will be rescanned
Queued import returned SourceDataChangedDuringImport, source files will be rescanned
Queued import returned SourceDataChangedDuringImport, source files will be rescanned
Queued import returned SourceDataChangedDuringImport, source files will be rescanned
Queued import returned SourceDataChangedDuringImport, source files will be rescanned
Queued import returned SourceDataChangedDuringImport, source files will be rescanned
Queued import returned SourceDataChangedDuringImport, source files will be rescanned
Queued import returned SourceDataChangedDuringImport, source files will be rescanned
Queued import returned SourceDataChangedDuringImport, source files will be rescanned
Queued import returned SourceDataChangedDuringImport, source files will be rescanned
Queued import returned SourceDataChangedDuringImport, source files will be rescanned
Queued import returned SourceDataChangedDuringImport, source files will be rescanned
Queued import returned SourceDataChangedDuringImport, source files will be rescanned
Queued import returned SourceDataChangedDuringImport, source files will be rescanned
Queued import returned SourceDataChangedDuringImport, source files will be rescanned
Queued import returned SourceDataChangedDuringImport, source files will be rescanned
Queued import returned SourceDataChangedDuringImport, source files will be rescanned
Queued import returned SourceDataChangedDuringImport, source files will be rescanned
Queued import returned SourceDataChangedDuringImport, source files will be rescanned
Queued import returned SourceDataChangedDuringImport, source files will be rescanned
Queued import returned SourceDataChangedDuringImport, source files will be rescanned
Queued import returned SourceDataChangedDuringImport, source files will be rescanned
Queued import returned SourceDataChangedDuringImport, source files will be rescanned
Queued import returned SourceDataChangedDuringImport, source files will be rescanned
Queued import returned SourceDataChangedDuringImport, source files will be rescanned
Queued import returned SourceDataChangedDuringImport, source files will be rescanned
Queued import returned SourceDataChangedDuringImport, source files will be rescanned
Queued import returned SourceDataChangedDuringImport, source files will be rescanned
Queued import returned SourceDataChangedDuringImport, source files will be rescanned
Queued import returned SourceDataChangedDuringImport, source files will be rescanned
Queued import returned SourceDataChangedDuringImport, source files will be rescanned
Queued import returned SourceDataChangedDuringImport, source files will be rescanned
Queued import returned SourceDataChangedDuringImport, source files will be rescanned
Queued import returned SourceDataChangedDuringImport, source files will be rescanned
Queued import returned SourceDataChangedDuringImport, source files will be rescanned
Queued import returned SourceDataChangedDuringImport, source files will be rescanned
Queued import returned SourceDataChangedDuringImport, source files will be rescanned
Queued import returned SourceDataChangedDuringImport, source files will be rescanned
Queued import returned SourceDataChangedDuringImport, source files will be rescanned
Queued import returned SourceDataChangedDuringImport, source files will be rescanned
Queued import returned SourceDataChangedDuringImport, source files will be rescanned
Queued import returned SourceDataChangedDuringImport, source files will be rescanned
Queued import returned SourceDataChangedDuringImport, source files will be rescanned
Queued import returned SourceDataChangedDuringImport, source files will be rescanned
Queued import returned SourceDataChangedDuringImport, source files will be rescanned
Queued import returned SourceDataChangedDuringImport, source files will be rescanned
Queued import returned SourceDataChangedDuringImport, source files will be rescanned
Queued import returned SourceDataChangedDuringImport, source files will be rescanned
Queued import returned SourceDataChangedDuringImport, source files will be rescanned
Queued import returned SourceDataChangedDuringImport, source files will be rescanned
Queued import returned SourceDataChangedDuringImport, source files will be rescanned
Queued import returned SourceDataChangedDuringImport, source files will be rescanned
Queued import returned SourceDataChangedDuringImport, source files will be rescanned
Queued import returned SourceDataChangedDuringImport, source files will be rescanned
Queued import returned SourceDataChangedDuringImport, source files will be rescanned
Queued import returned SourceDataChangedDuringImport, source files will be rescanned
Queued import returned SourceDataChangedDuringImport, source files will be rescanned
Queued import returned SourceDataChangedDuringImport, source files will be rescanned
Queued import returned SourceDataChangedDuringImport, source files will be rescanned
Queued import returned SourceDataChangedDuringImport, source files will be rescanned
Queued import returned SourceDataChangedDuringImport, source files will be rescanned
Queued import returned SourceDataChangedDuringImport, source files will be rescanned
Queued import returned SourceDataChangedDuringImport, source files will be rescanned
Queued import returned SourceDataChangedDuringImport, source files will be rescanned
Queued import returned SourceDataChangedDuringImport, source files will be rescanned
Queued import returned SourceDataChangedDuringImport, source files will be rescanned
Queued import returned SourceDataChangedDuringImport, source files will be rescanned
Queued import returned SourceDataChangedDuringImport, source files will be rescanned
Queued import returned SourceDataChangedDuringImport, source files will be rescanned
Queued import returned SourceDataChangedDuringImport, source files will be rescanned
Queued import returned SourceDataChangedDuringImport, source files will be rescanned
Queued import returned SourceDataChangedDuringImport, source files will be rescanned
Queued import returned SourceDataChangedDuringImport, source files will be rescanned
Queued import returned SourceDataChangedDuringImport, source files will be rescanned
Queued import returned SourceDataChangedDuringImport, source files will be rescanned
Queued import returned SourceDataChangedDuringImport, source files will be rescanned
Queued import returned SourceDataChangedDuringImport, source files will be rescanned
Queued import returned SourceDataChangedDuringImport, source files will be rescanned
Queued import returned SourceDataChangedDuringImport, source files will be rescanned
Queued import returned SourceDataChangedDuringImport, source files will be rescanned
Queued import returned SourceDataChangedDuringImport, source files will be rescanned
Queued import returned SourceDataChangedDuringImport, source files will be rescanned
Queued import returned SourceDataChangedDuringImport, source files will be rescanned
Queued import returned SourceDataChangedDuringImport, source files will be rescanned
Queued import returned SourceDataChangedDuringImport, source files will be rescanned
Queued import returned SourceDataChangedDuringImport, source files will be rescanned
Queued import returned SourceDataChangedDuringImport, source files will be rescanned
Queued import returned SourceDataChangedDuringImport, source files will be rescanned
Queued import returned SourceDataChangedDuringImport, source files will be rescanned
Queued import returned SourceDataChangedDuringImport, source files will be rescanned
Queued import returned SourceDataChangedDuringImport, source files will be rescanned
Queued import returned SourceDataChangedDuringImport, source files will be rescanned
Queued import returned SourceDataChangedDuringImport, source files will be rescanned
Queued import returned SourceDataChangedDuringImport, source files will be rescanned
Queued import returned SourceDataChangedDuringImport, source files will be rescanned
Queued import returned SourceDataChangedDuringImport, source files will be rescanned
Queued import returned SourceDataChangedDuringImport, source files will be rescanned
Queued import returned SourceDataChangedDuringImport, source files will be rescanned
Queued import returned SourceDataChangedDuringImport, source files will be rescanned
Queued import returned SourceDataChangedDuringImport, source files will be rescanned
Queued import returned SourceDataChangedDuringImport, source files will be rescanned
Queued import returned SourceDataChangedDuringImport, source files will be rescanned
Queued import returned SourceDataChangedDuringImport, source files will be rescanned
Queued import returned SourceDataChangedDuringImport, source files will be rescanned
Queued import returned SourceDataChangedDuringImport, source files will be rescanned
Queued import returned SourceDataChangedDuringImport, source files will be rescanned
Queued import returned SourceDataChangedDuringImport, source files will be rescanned
Queued import returned SourceDataChangedDuringImport, source files will be rescanned
Queued import returned SourceDataChangedDuringImport, source files will be rescanned
Queued import returned SourceDataChangedDuringImport, source files will be rescanned
Queued import returned SourceDataChangedDuringImport, source files will be rescanned
Queued import returned SourceDataChangedDuringImport, source files will be rescanned
Queued import returned SourceDataChangedDuringImport, source files will be rescanned
Queued import returned SourceDataChangedDuringImport, source files will be rescanned
Queued import returned SourceDataChangedDuringImport, source files will be rescanned
Queued import returned SourceDataChangedDuringImport, source files will be rescanned
Queued import returned SourceDataChangedDuringImport, source files will be rescanned
Queued import returned SourceDataChangedDuringImport, source files will be rescanned
Queued import returned SourceDataChangedDuringImport, source files will be rescanned
Queued import returned SourceDataChangedDuringImport, source files will be rescanned
Queued import returned SourceDataChangedDuringImport, source files will be rescanned
Queued import returned SourceDataChangedDuringImport, source files will be rescanned
Queued import returned SourceDataChangedDuringImport, source files will be rescanned
Queued import returned SourceDataChangedDuringImport, source files will be rescanned
Queued import returned SourceDataChangedDuringImport, source files will be rescanned
Queued import returned SourceDataChangedDuringImport, source files will be rescanned
Queued import returned SourceDataChangedDuringImport, source files will be rescanned
Queued import returned SourceDataChangedDuringImport, source files will be rescanned
Queued import returned SourceDataChangedDuringImport, source files will be rescanned
Queued import returned SourceDataChangedDuringImport, source files will be rescanned
Queued import returned SourceDataChangedDuringImport, source files will be rescanned
Queued import returned SourceDataChangedDuringImport, source files will be rescanned
Queued import returned SourceDataChangedDuringImport, source files will be rescanned
Queued import returned SourceDataChangedDuringImport, source files will be rescanned
Queued import returned SourceDataChangedDuringImport, source files will be rescanned
Queued import returned SourceDataChangedDuringImport, source files will be rescanned
Queued import returned SourceDataChangedDuringImport, source files will be rescanned
Queued import returned SourceDataChangedDuringImport, source files will be rescanned
Queued import returned SourceDataChangedDuringImport, source files will be rescanned
Queued import returned SourceDataChangedDuringImport, source files will be rescanned
Queued import returned SourceDataChangedDuringImport, source files will be rescanned
Queued import returned SourceDataChangedDuringImport, source files will be rescanned
Queued import returned SourceDataChangedDuringImport, source files will be rescanned
Queued import returned SourceDataChangedDuringImport, source files will be rescanned
Queued import returned SourceDataChangedDuringImport, source files will be rescanned
Queued import returned SourceDataChangedDuringImport, source files will be rescanned
Queued import returned SourceDataChangedDuringImport, source files will be rescanned
Queued import returned SourceDataChangedDuringImport, source files will be rescanned
Queued import returned SourceDataChangedDuringImport, source files will be rescanned
Queued import returned SourceDataChangedDuringImport, source files will be rescanned
Queued import returned SourceDataChangedDuringImport, source files will be rescanned
Queued import returned SourceDataChangedDuringImport, source files will be rescanned
Queued import returned SourceDataChangedDuringImport, source files will be rescanned
Queued import returned SourceDataChangedDuringImport, source files will be rescanned
Queued import returned SourceDataChangedDuringImport, source files will be rescanned
Queued import returned SourceDataChangedDuringImport, source files will be rescanned
Queued import returned SourceDataChangedDuringImport, source files will be rescanned
Queued import returned SourceDataChangedDuringImport, source files will be rescanned
Queued import returned SourceDataChangedDuringImport, source files will be rescanned
Queued import returned SourceDataChangedDuringImport, source files will be rescanned
Queued import returned SourceDataChangedDuringImport, source files will be rescanned
Queued import returned SourceDataChangedDuringImport, source files will be rescanned
Queued import returned SourceDataChangedDuringImport, source files will be rescanned
Queued import returned SourceDataChangedDuringImport, source files will be rescanned
Queued import returned SourceDataChangedDuringImport, source files will be rescanned
Queued import returned SourceDataChangedDuringImport, source files will be rescanned
Queued import returned SourceDataChangedDuringImport, source files will be rescanned
Queued import returned SourceDataChangedDuringImport, source files will be rescanned
Queued import returned SourceDataChangedDuringImport, source files will be rescanned
Queued import returned SourceDataChangedDuringImport, source files will be rescanned
Queued import returned SourceDataChangedDuringImport, source files will be rescanned
Queued import returned SourceDataChangedDuringImport, source files will be rescanned
Queued import returned SourceDataChangedDuringImport, source files will be rescanned
Queued import returned SourceDataChangedDuringImport, source files will be rescanned
Queued import returned SourceDataChangedDuringImport, source files will be rescanned
Queued import returned SourceDataChangedDuringImport, source files will be rescanned
Queued import returned SourceDataChangedDuringImport, source files will be rescanned
Queued import returned SourceDataChangedDuringImport, source files will be rescanned
Queued import returned SourceDataChangedDuringImport, source files will be rescanned
Queued import returned SourceDataChangedDuringImport, source files will be rescanned
Queued import returned SourceDataChangedDuringImport, source files will be rescanned
Queued import returned SourceDataChangedDuringImport, source files will be rescanned
Queued import returned SourceDataChangedDuringImport, source files will be rescanned
Queued import returned SourceDataChangedDuringImport, source files will be rescanned
Queued import returned SourceDataChangedDuringImport, source files will be rescanned
Queued import returned SourceDataChangedDuringImport, source files will be rescanned
Queued import returned SourceDataChangedDuringImport, source files will be rescanned
Queued import returned SourceDataChangedDuringImport, source files will be rescanned
Queued import returned SourceDataChangedDuringImport, source files will be rescanned
Queued import returned SourceDataChangedDuringImport, source files will be rescanned
Queued import returned SourceDataChangedDuringImport, source files will be rescanned
Queued import returned SourceDataChangedDuringImport, source files will be rescanned
Queued import returned SourceDataChangedDuringImport, source files will be rescanned
Queued import returned SourceDataChangedDuringImport, source files will be rescanned
Queued import returned SourceDataChangedDuringImport, source files will be rescanned
Queued import returned SourceDataChangedDuringImport, source files will be rescanned
Queued import returned SourceDataChangedDuringImport, source files will be rescanned
Queued import returned SourceDataChangedDuringImport, source files will be rescanned
Queued import returned SourceDataChangedDuringImport, source files will be rescanned
Queued import returned SourceDataChangedDuringImport, source files will be rescanned
Queued import returned SourceDataChangedDuringImport, source files will be rescanned
Queued import returned SourceDataChangedDuringImport, source files will be rescanned
Queued import returned SourceDataChangedDuringImport, source files will be rescanned
Queued import returned SourceDataChangedDuringImport, source files will be rescanned
Queued import returned SourceDataChangedDuringImport, source files will be rescanned
Queued import returned SourceDataChangedDuringImport, source files will be rescanned
Queued import returned SourceDataChangedDuringImport, source files will be rescanned
Queued import returned SourceDataChangedDuringImport, source files will be rescanned
Queued import returned SourceDataChangedDuringImport, source files will be rescanned
Queued import returned SourceDataChangedDuringImport, source files will be rescanned
Queued import returned SourceDataChangedDuringImport, source files will be rescanned
Queued import returned SourceDataChangedDuringImport, source files will be rescanned
Queued import returned SourceDataChangedDuringImport, source files will be rescanned
Queued import returned SourceDataChangedDuringImport, source files will be rescanned
Queued import returned SourceDataChangedDuringImport, source files will be rescanned
Queued import returned SourceDataChangedDuringImport, source files will be rescanned
Queued import returned SourceDataChangedDuringImport, source files will be rescanned
Queued import returned SourceDataChangedDuringImport, source files will be rescanned
Queued import returned SourceDataChangedDuringImport, source files will be rescanned
Queued import returned SourceDataChangedDuringImport, source files will be rescanned
Queued import returned SourceDataChangedDuringImport, source files will be rescanned
Queued import returned SourceDataChangedDuringImport, source files will be rescanned
Queued import returned SourceDataChangedDuringImport, source files will be rescanned
Queued import returned SourceDataChangedDuringImport, source files will be rescanned
Queued import returned SourceDataChangedDuringImport, source files will be rescanned
Queued import returned SourceDataChangedDuringImport, source files will be rescanned
Queued import returned SourceDataChangedDuringImport, source files will be rescanned
Queued import returned SourceDataChangedDuringImport, source files will be rescanned
Queued import returned SourceDataChangedDuringImport, source files will be rescanned
Queued import returned SourceDataChangedDuringImport, source files will be rescanned
Queued import returned SourceDataChangedDuringImport, source files will be rescanned
Queued import returned SourceDataChangedDuringImport, source files will be rescanned
Queued import returned SourceDataChangedDuringImport, source files will be rescanned
Queued import returned SourceDataChangedDuringImport, source files will be rescanned
Queued import returned SourceDataChangedDuringImport, source files will be rescanned
Queued import returned SourceDataChangedDuringImport, source files will be rescanned
Queued import returned SourceDataChangedDuringImport, source files will be rescanned
Queued import returned SourceDataChangedDuringImport, source files will be rescanned
Queued import returned SourceDataChangedDuringImport, source files will be rescanned
Queued import returned SourceDataChangedDuringImport, source files will be rescanned
Queued import returned SourceDataChangedDuringImport, source files will be rescanned
Queued import returned SourceDataChangedDuringImport, source files will be rescanned
Queued import returned SourceDataChangedDuringImport, source files will be rescanned
Queued import returned SourceDataChangedDuringImport, source files will be rescanned
Queued import returned SourceDataChangedDuringImport, source files will be rescanned
Queued import returned SourceDataChangedDuringImport, source files will be rescanned
Queued import returned SourceDataChangedDuringImport, source files will be rescanned
Queued import returned SourceDataChangedDuringImport, source files will be rescanned
Queued import returned SourceDataChangedDuringImport, source files will be rescanned
Queued import returned SourceDataChangedDuringImport, source files will be rescanned
Queued import returned SourceDataChangedDuringImport, source files will be rescanned
Queued import returned SourceDataChangedDuringImport, source files will be rescanned
Queued import returned SourceDataChangedDuringImport, source files will be rescanned
Queued import returned SourceDataChangedDuringImport, source files will be rescanned
Queued import returned SourceDataChangedDuringImport, source files will be rescanned
Queued import returned SourceDataChangedDuringImport, source files will be rescanned
Queued import returned SourceDataChangedDuringImport, source files will be rescanned
Queued import returned SourceDataChangedDuringImport, source files will be rescanned
Queued import returned SourceDataChangedDuringImport, source files will be rescanned
Queued import returned SourceDataChangedDuringImport, source files will be rescanned
Queued import returned SourceDataChangedDuringImport, source files will be rescanned
Queued import returned SourceDataChangedDuringImport, source files will be rescanned
Queued import returned SourceDataChangedDuringImport, source files will be rescanned
Queued import returned SourceDataChangedDuringImport, source files will be rescanned
Queued import returned SourceDataChangedDuringImport, source files will be rescanned
Queued import returned SourceDataChangedDuringImport, source files will be rescanned
Queued import returned SourceDataChangedDuringImport, source files will be rescanned
Queued import returned SourceDataChangedDuringImport, source files will be rescanned
Queued import returned SourceDataChangedDuringImport, source files will be rescanned
Queued import returned SourceDataChangedDuringImport, source files will be rescanned
Queued import returned SourceDataChangedDuringImport, source files will be rescanned
Queued import returned SourceDataChangedDuringImport, source files will be rescanned
Queued import returned SourceDataChangedDuringImport, source files will be rescanned
Queued import returned SourceDataChangedDuringImport, source files will be rescanned
Queued import returned SourceDataChangedDuringImport, source files will be rescanned
Queued import returned SourceDataChangedDuringImport, source files will be rescanned
Queued import returned SourceDataChangedDuringImport, source files will be rescanned
Queued import returned SourceDataChangedDuringImport, source files will be rescanned
Queued import returned SourceDataChangedDuringImport, source files will be rescanned
Queued import returned SourceDataChangedDuringImport, source files will be rescanned
Queued import returned SourceDataChangedDuringImport, source files will be rescanned
Queued import returned SourceDataChangedDuringImport, source files will be rescanned
Queued import returned SourceDataChangedDuringImport, source files will be rescanned
Queued import returned SourceDataChangedDuringImport, source files will be rescanned
Queued import returned SourceDataChangedDuringImport, source files will be rescanned
Queued import returned SourceDataChangedDuringImport, source files will be rescanned
Queued import returned SourceDataChangedDuringImport, source files will be rescanned
Queued import returned SourceDataChangedDuringImport, source files will be rescanned
Queued import returned SourceDataChangedDuringImport, source files will be rescanned
Queued import returned SourceDataChangedDuringImport, source files will be rescanned
Queued import returned SourceDataChangedDuringImport, source files will be rescanned
Queued import returned SourceDataChangedDuringImport, source files will be rescanned
Queued import returned SourceDataChangedDuringImport, source files will be rescanned
Queued import returned SourceDataChangedDuringImport, source files will be rescanned
Queued import returned SourceDataChangedDuringImport, source files will be rescanned
Queued import returned SourceDataChangedDuringImport, source files will be rescanned
Queued import returned SourceDataChangedDuringImport, source files will be rescanned
Queued import returned SourceDataChangedDuringImport, source files will be rescanned
Queued import returned SourceDataChangedDuringImport, source files will be rescanned
Queued import returned SourceDataChangedDuringImport, source files will be rescanned
Queued import returned SourceDataChangedDuringImport, source files will be rescanned
Queued import returned SourceDataChangedDuringImport, source files will be rescanned
Queued import returned SourceDataChangedDuringImport, source files will be rescanned
Queued import returned SourceDataChangedDuringImport, source files will be rescanned
Queued import returned SourceDataChangedDuringImport, source files will be rescanned
Queued import returned SourceDataChangedDuringImport, source files will be rescanned
Queued import returned SourceDataChangedDuringImport, source files will be rescanned
Queued import returned SourceDataChangedDuringImport, source files will be rescanned
Queued import returned SourceDataChangedDuringImport, source files will be rescanned
Queued import returned SourceDataChangedDuringImport, source files will be rescanned
Queued import returned SourceDataChangedDuringImport, source files will be rescanned
Queued import returned SourceDataChangedDuringImport, source files will be rescanned
Queued import returned SourceDataChangedDuringImport, source files will be rescanned
Queued import returned SourceDataChangedDuringImport, source files will be rescanned
Queued import returned SourceDataChangedDuringImport, source files will be rescanned
Queued import returned SourceDataChangedDuringImport, source files will be rescanned
Queued import returned SourceDataChangedDuringImport, source files will be rescanned
Queued import returned SourceDataChangedDuringImport, source files will be rescanned
Queued import returned SourceDataChangedDuringImport, source files will be rescanned
Queued import returned SourceDataChangedDuringImport, source files will be rescanned
Queued import returned SourceDataChangedDuringImport, source files will be rescanned
Queued import returned SourceDataChangedDuringImport, source files will be rescanned
Queued import returned SourceDataChangedDuringImport, source files will be rescanned
Queued import returned SourceDataChangedDuringImport, source files will be rescanned
Queued import returned SourceDataChangedDuringImport, source files will be rescanned
Queued import returned SourceDataChangedDuringImport, source files will be rescanned
Queued import returned SourceDataChangedDuringImport, source files will be rescanned
Queued import returned SourceDataChangedDuringImport, source files will be rescanned
Queued import returned SourceDataChangedDuringImport, source files will be rescanned
Queued import returned SourceDataChangedDuringImport, source files will be rescanned
Queued import returned SourceDataChangedDuringImport, source files will be rescanned
Queued import returned SourceDataChangedDuringImport, source files will be rescanned
Queued import returned SourceDataChangedDuringImport, source files will be rescanned
Queued import returned SourceDataChangedDuringImport, source files will be rescanned
Queued import returned SourceDataChangedDuringImport, source files will be rescanned
Queued import returned SourceDataChangedDuringImport, source files will be rescanned
Queued import returned SourceDataChangedDuringImport, source files will be rescanned
Queued import returned SourceDataChangedDuringImport, source files will be rescanned
Queued import returned SourceDataChangedDuringImport, source files will be rescanned
Queued import returned SourceDataChangedDuringImport, source files will be rescanned
Queued import returned SourceDataChangedDuringImport, source files will be rescanned
Queued import returned SourceDataChangedDuringImport, source files will be rescanned
Queued import returned SourceDataChangedDuringImport, source files will be rescanned
Queued import returned SourceDataChangedDuringImport, source files will be rescanned
Queued import returned SourceDataChangedDuringImport, source files will be rescanned
Queued import returned SourceDataChangedDuringImport, source files will be rescanned
Queued import returned SourceDataChangedDuringImport, source files will be rescanned
Queued import returned SourceDataChangedDuringImport, source files will be rescanned
Queued import returned SourceDataChangedDuringImport, source files will be rescanned
Queued import returned SourceDataChangedDuringImport, source files will be rescanned
Queued import returned SourceDataChangedDuringImport, source files will be rescanned
Queued import returned SourceDataChangedDuringImport, source files will be rescanned
Queued import returned SourceDataChangedDuringImport, source files will be rescanned
Queued import returned SourceDataChangedDuringImport, source files will be rescanned
Queued import returned SourceDataChangedDuringImport, source files will be rescanned
Queued import returned SourceDataChangedDuringImport, source files will be rescanned
Queued import returned SourceDataChangedDuringImport, source files will be rescanned
Queued import returned SourceDataChangedDuringImport, source files will be rescanned
Queued import returned SourceDataChangedDuringImport, source files will be rescanned
Queued import returned SourceDataChangedDuringImport, source files will be rescanned
Queued import returned SourceDataChangedDuringImport, source files will be rescanned
Queued import returned SourceDataChangedDuringImport, source files will be rescanned
Queued import returned SourceDataChangedDuringImport, source files will be rescanned
Queued import returned SourceDataChangedDuringImport, source files will be rescanned
Queued import returned SourceDataChangedDuringImport, source files will be rescanned
Queued import returned SourceDataChangedDuringImport, source files will be rescanned
Queued import returned SourceDataChangedDuringImport, source files will be rescanned
Queued import returned SourceDataChangedDuringImport, source files will be rescanned
Queued import returned SourceDataChangedDuringImport, source files will be rescanned
Queued import returned SourceDataChangedDuringImport, source files will be rescanned
Queued import returned SourceDataChangedDuringImport, source files will be rescanned
Queued import returned SourceDataChangedDuringImport, source files will be rescanned
Queued import returned SourceDataChangedDuringImport, source files will be rescanned
Queued import returned SourceDataChangedDuringImport, source files will be rescanned
Queued import returned SourceDataChangedDuringImport, source files will be rescanned
Queued import returned SourceDataChangedDuringImport, source files will be rescanned
Queued import returned SourceDataChangedDuringImport, source files will be rescanned
Queued import returned SourceDataChangedDuringImport, source files will be rescanned
Queued import returned SourceDataChangedDuringImport, source files will be rescanned
Queued import returned SourceDataChangedDuringImport, source files will be rescanned
Queued import returned SourceDataChangedDuringImport, source files will be rescanned
Queued import returned SourceDataChangedDuringImport, source files will be rescanned
Queued import returned SourceDataChangedDuringImport, source files will be rescanned
Queued import returned SourceDataChangedDuringImport, source files will be rescanned
Queued import returned SourceDataChangedDuringImport, source files will be rescanned
Queued import returned SourceDataChangedDuringImport, source files will be rescanned
Queued import returned SourceDataChangedDuringImport, source files will be rescanned
Queued import returned SourceDataChangedDuringImport, source files will be rescanned
Queued import returned SourceDataChangedDuringImport, source files will be rescanned
Queued import returned SourceDataChangedDuringImport, source files will be rescanned
Queued import returned SourceDataChangedDuringImport, source files will be rescanned
Queued import returned SourceDataChangedDuringImport, source files will be rescanned
Queued import returned SourceDataChangedDuringImport, source files will be rescanned
Queued import returned SourceDataChangedDuringImport, source files will be rescanned
Queued import returned SourceDataChangedDuringImport, source files will be rescanned
Queued import returned SourceDataChangedDuringImport, source files will be rescanned
Queued import returned SourceDataChangedDuringImport, source files will be rescanned
Queued import returned SourceDataChangedDuringImport, source files will be rescanned
Queued import returned SourceDataChangedDuringImport, source files will be rescanned
Queued import returned SourceDataChangedDuringImport, source files will be rescanned
Queued import returned SourceDataChangedDuringImport, source files will be rescanned
Queued import returned SourceDataChangedDuringImport, source files will be rescanned
Queued import returned SourceDataChangedDuringImport, source files will be rescanned
Queued import returned SourceDataChangedDuringImport, source files will be rescanned
Queued import returned SourceDataChangedDuringImport, source files will be rescanned
Queued import returned SourceDataChangedDuringImport, source files will be rescanned
Queued import returned SourceDataChangedDuringImport, source files will be rescanned
Queued import returned SourceDataChangedDuringImport, source files will be rescanned
Queued import returned SourceDataChangedDuringImport, source files will be rescanned
Queued import returned SourceDataChangedDuringImport, source files will be rescanned
Queued import returned SourceDataChangedDuringImport, source files will be rescanned
Queued import returned SourceDataChangedDuringImport, source files will be rescanned
Queued import returned SourceDataChangedDuringImport, source files will be rescanned
Queued import returned SourceDataChangedDuringImport, source files will be rescanned
Queued import returned SourceDataChangedDuringImport, source files will be rescanned
Queued import returned SourceDataChangedDuringImport, source files will be rescanned
Queued import returned SourceDataChangedDuringImport, source files will be rescanned
Queued import returned SourceDataChangedDuringImport, source files will be rescanned
Queued import returned SourceDataChangedDuringImport, source files will be rescanned
Queued import returned SourceDataChangedDuringImport, source files will be rescanned
Queued import returned SourceDataChangedDuringImport, source files will be rescanned
Queued import returned SourceDataChangedDuringImport, source files will be rescanned
Queued import returned SourceDataChangedDuringImport, source files will be rescanned
Queued import returned SourceDataChangedDuringImport, source files will be rescanned
Queued import returned SourceDataChangedDuringImport, source files will be rescanned
Queued import returned SourceDataChangedDuringImport, source files will be rescanned
Queued import returned SourceDataChangedDuringImport, source files will be rescanned
Queued import returned SourceDataChangedDuringImport, source files will be rescanned
Queued import returned SourceDataChangedDuringImport, source files will be rescanned
Queued import returned SourceDataChangedDuringImport, source files will be rescanned
Queued import returned SourceDataChangedDuringImport, source files will be rescanned
Queued import returned SourceDataChangedDuringImport, source files will be rescanned
Queued import returned SourceDataChangedDuringImport, source files will be rescanned
Queued import returned SourceDataChangedDuringImport, source files will be rescanned
Queued import returned SourceDataChangedDuringImport, source files will be rescanned
Queued import returned SourceDataChangedDuringImport, source files will be rescanned
Queued import returned SourceDataChangedDuringImport, source files will be rescanned
Queued import returned SourceDataChangedDuringImport, source files will be rescanned
Queued import returned SourceDataChangedDuringImport, source files will be rescanned
Queued import returned SourceDataChangedDuringImport, source files will be rescanned
Queued import returned SourceDataChangedDuringImport, source files will be rescanned
Queued import returned SourceDataChangedDuringImport, source files will be rescanned
Queued import returned SourceDataChangedDuringImport, source files will be rescanned
Queued import returned SourceDataChangedDuringImport, source files will be rescanned
Queued import returned SourceDataChangedDuringImport, source files will be rescanned
Queued import returned SourceDataChangedDuringImport, source files will be rescanned
Queued import returned SourceDataChangedDuringImport, source files will be rescanned
Queued import returned SourceDataChangedDuringImport, source files will be rescanned
Queued import returned SourceDataChangedDuringImport, source files will be rescanned
Queued import returned SourceDataChangedDuringImport, source files will be rescanned
Queued import returned SourceDataChangedDuringImport, source files will be rescanned
Queued import returned SourceDataChangedDuringImport, source files will be rescanned
Queued import returned SourceDataChangedDuringImport, source files will be rescanned
Queued import returned SourceDataChangedDuringImport, source files will be rescanned
Queued import returned SourceDataChangedDuringImport, source files will be rescanned
Queued import returned SourceDataChangedDuringImport, source files will be rescanned
Queued import returned SourceDataChangedDuringImport, source files will be rescanned
Queued import returned SourceDataChangedDuringImport, source files will be rescanned
Queued import returned SourceDataChangedDuringImport, source files will be rescanned
Queued import returned SourceDataChangedDuringImport, source files will be rescanned
Queued import returned SourceDataChangedDuringImport, source files will be rescanned
Queued import returned SourceDataChangedDuringImport, source files will be rescanned
Queued import returned SourceDataChangedDuringImport, source files will be rescanned
Queued import returned SourceDataChangedDuringImport, source files will be rescanned
Queued import returned SourceDataChangedDuringImport, source files will be rescanned
Queued import returned SourceDataChangedDuringImport, source files will be rescanned
Queued import returned SourceDataChangedDuringImport, source files will be rescanned
Queued import returned SourceDataChangedDuringImport, source files will be rescanned
Queued import returned SourceDataChangedDuringImport, source files will be rescanned
Queued import returned SourceDataChangedDuringImport, source files will be rescanned
Queued import returned SourceDataChangedDuringImport, source files will be rescanned
Queued import returned SourceDataChangedDuringImport, source files will be rescanned
Queued import returned SourceDataChangedDuringImport, source files will be rescanned
Queued import returned SourceDataChangedDuringImport, source files will be rescanned
Queued import returned SourceDataChangedDuringImport, source files will be rescanned
Queued import returned SourceDataChangedDuringImport, source files will be rescanned
Queued import returned SourceDataChangedDuringImport, source files will be rescanned
Queued import returned SourceDataChangedDuringImport, source files will be rescanned
Queued import returned SourceDataChangedDuringImport, source files will be rescanned
Queued import returned SourceDataChangedDuringImport, source files will be rescanned
Queued import returned SourceDataChangedDuringImport, source files will be rescanned
Queued import returned SourceDataChangedDuringImport, source files will be rescanned
Queued import returned SourceDataChangedDuringImport, source files will be rescanned
Queued import returned SourceDataChangedDuringImport, source files will be rescanned
Queued import returned SourceDataChangedDuringImport, source files will be rescanned
Queued import returned SourceDataChangedDuringImport, source files will be rescanned
Queued import returned SourceDataChangedDuringImport, source files will be rescanned
Queued import returned SourceDataChangedDuringImport, source files will be rescanned
Queued import returned SourceDataChangedDuringImport, source files will be rescanned
Queued import returned SourceDataChangedDuringImport, source files will be rescanned
Queued import returned SourceDataChangedDuringImport, source files will be rescanned
Queued import returned SourceDataChangedDuringImport, source files will be rescanned
Queued import returned SourceDataChangedDuringImport, source files will be rescanned
Queued import returned SourceDataChangedDuringImport, source files will be rescanned
Queued import returned SourceDataChangedDuringImport, source files will be rescanned
Queued import returned SourceDataChangedDuringImport, source files will be rescanned
Queued import returned SourceDataChangedDuringImport, source files will be rescanned
Queued import returned SourceDataChangedDuringImport, source files will be rescanned
Queued import returned SourceDataChangedDuringImport, source files will be rescanned
Queued import returned SourceDataChangedDuringImport, source files will be rescanned
Queued import returned SourceDataChangedDuringImport, source files will be rescanned
Queued import returned SourceDataChangedDuringImport, source files will be rescanned
Queued import returned SourceDataChangedDuringImport, source files will be rescanned
Queued import returned SourceDataChangedDuringImport, source files will be rescanned
Queued import returned SourceDataChangedDuringImport, source files will be rescanned
Queued import returned SourceDataChangedDuringImport, source files will be rescanned
Queued import returned SourceDataChangedDuringImport, source files will be rescanned
Queued import returned SourceDataChangedDuringImport, source files will be rescanned
Queued import returned SourceDataChangedDuringImport, source files will be rescanned
Queued import returned SourceDataChangedDuringImport, source files will be rescanned
Queued import returned SourceDataChangedDuringImport, source files will be rescanned
Queued import returned SourceDataChangedDuringImport, source files will be rescanned
Queued import returned SourceDataChangedDuringImport, source files will be rescanned
Queued import returned SourceDataChangedDuringImport, source files will be rescanned
Queued import returned SourceDataChangedDuringImport, source files will be rescanned
Queued import returned SourceDataChangedDuringImport, source files will be rescanned
Queued import returned SourceDataChangedDuringImport, source files will be rescanned
Queued import returned SourceDataChangedDuringImport, source files will be rescanned
Queued import returned SourceDataChangedDuringImport, source files will be rescanned
Queued import returned SourceDataChangedDuringImport, source files will be rescanned
Queued import returned SourceDataChangedDuringImport, source files will be rescanned
Queued import returned SourceDataChangedDuringImport, source files will be rescanned
Queued import returned SourceDataChangedDuringImport, source files will be rescanned
Queued import returned SourceDataChangedDuringImport, source files will be rescanned
Queued import returned SourceDataChangedDuringImport, source files will be rescanned
Queued import returned SourceDataChangedDuringImport, source files will be rescanned
Queued import returned SourceDataChangedDuringImport, source files will be rescanned
Queued import returned SourceDataChangedDuringImport, source files will be rescanned
Queued import returned SourceDataChangedDuringImport, source files will be rescanned
Queued import returned SourceDataChangedDuringImport, source files will be rescanned
Queued import returned SourceDataChangedDuringImport, source files will be rescanned
Queued import returned SourceDataChangedDuringImport, source files will be rescanned
Queued import returned SourceDataChangedDuringImport, source files will be rescanned
Queued import returned SourceDataChangedDuringImport, source files will be rescanned
Queued import returned SourceDataChangedDuringImport, source files will be rescanned
Queued import returned SourceDataChangedDuringImport, source files will be rescanned
Queued import returned SourceDataChangedDuringImport, source files will be rescanned
Queued import returned SourceDataChangedDuringImport, source files will be rescanned
Queued import returned SourceDataChangedDuringImport, source files will be rescanned
Queued import returned SourceDataChangedDuringImport, source files will be rescanned
Queued import returned SourceDataChangedDuringImport, source files will be rescanned
Queued import returned SourceDataChangedDuringImport, source files will be rescanned
Queued import returned SourceDataChangedDuringImport, source files will be rescanned
Queued import returned SourceDataChangedDuringImport, source files will be rescanned
Queued import returned SourceDataChangedDuringImport, source files will be rescanned
Queued import returned SourceDataChangedDuringImport, source files will be rescanned
Queued import returned SourceDataChangedDuringImport, source files will be rescanned
Queued import returned SourceDataChangedDuringImport, source files will be rescanned
Queued import returned SourceDataChangedDuringImport, source files will be rescanned
Queued import returned SourceDataChangedDuringImport, source files will be rescanned
Queued import returned SourceDataChangedDuringImport, source files will be rescanned
Queued import returned SourceDataChangedDuringImport, source files will be rescanned
Queued import returned SourceDataChangedDuringImport, source files will be rescanned
Queued import returned SourceDataChangedDuringImport, source files will be rescanned
Queued import returned SourceDataChangedDuringImport, source files will be rescanned
Queued import returned SourceDataChangedDuringImport, source files will be rescanned
Queued import returned SourceDataChangedDuringImport, source files will be rescanned
Queued import returned SourceDataChangedDuringImport, source files will be rescanned
Queued import returned SourceDataChangedDuringImport, source files will be rescanned
Queued import returned SourceDataChangedDuringImport, source files will be rescanned
Queued import returned SourceDataChangedDuringImport, source files will be rescanned
Queued import returned SourceDataChangedDuringImport, source files will be rescanned
Queued import returned SourceDataChangedDuringImport, source files will be rescanned
Queued import returned SourceDataChangedDuringImport, source files will be rescanned
Queued import returned SourceDataChangedDuringImport, source files will be rescanned
Queued import returned SourceDataChangedDuringImport, source files will be rescanned
Queued import returned SourceDataChangedDuringImport, source files will be rescanned
Queued import returned SourceDataChangedDuringImport, source files will be rescanned
Queued import returned SourceDataChangedDuringImport, source files will be rescanned
Queued import returned SourceDataChangedDuringImport, source files will be rescanned
Queued import returned SourceDataChangedDuringImport, source files will be rescanned
Queued import returned SourceDataChangedDuringImport, source files will be rescanned
Queued import returned SourceDataChangedDuringImport, source files will be rescanned
Queued import returned SourceDataChangedDuringImport, source files will be rescanned
Queued import returned SourceDataChangedDuringImport, source files will be rescanned
Queued import returned SourceDataChangedDuringImport, source files will be rescanned
Queued import returned SourceDataChangedDuringImport, source files will be rescanned
Queued import returned SourceDataChangedDuringImport, source files will be rescanned
Queued import returned SourceDataChangedDuringImport, source files will be rescanned
Queued import returned SourceDataChangedDuringImport, source files will be rescanned
Queued import returned SourceDataChangedDuringImport, source files will be rescanned
Queued import returned SourceDataChangedDuringImport, source files will be rescanned
Queued import returned SourceDataChangedDuringImport, source files will be rescanned
Queued import returned SourceDataChangedDuringImport, source files will be rescanned
Queued import returned SourceDataChangedDuringImport, source files will be rescanned
Queued import returned SourceDataChangedDuringImport, source files will be rescanned
Queued import returned SourceDataChangedDuringImport, source files will be rescanned
Queued import returned SourceDataChangedDuringImport, source files will be rescanned
Queued import returned SourceDataChangedDuringImport, source files will be rescanned
Queued import returned SourceDataChangedDuringImport, source files will be rescanned
Queued import returned SourceDataChangedDuringImport, source files will be rescanned
Queued import returned SourceDataChangedDuringImport, source files will be rescanned
Queued import returned SourceDataChangedDuringImport, source files will be rescanned
Queued import returned SourceDataChangedDuringImport, source files will be rescanned
Queued import returned SourceDataChangedDuringImport, source files will be rescanned
Queued import returned SourceDataChangedDuringImport, source files will be rescanned
Queued import returned SourceDataChangedDuringImport, source files will be rescanned
Queued import returned SourceDataChangedDuringImport, source files will be rescanned
Queued import returned SourceDataChangedDuringImport, source files will be rescanned
Queued import returned SourceDataChangedDuringImport, source files will be rescanned
Queued import returned SourceDataChangedDuringImport, source files will be rescanned
Queued import returned SourceDataChangedDuringImport, source files will be rescanned
Queued import returned SourceDataChangedDuringImport, source files will be rescanned
Queued import returned SourceDataChangedDuringImport, source files will be rescanned
Queued import returned SourceDataChangedDuringImport, source files will be rescanned
Queued import returned SourceDataChangedDuringImport, source files will be rescanned
Queued import returned SourceDataChangedDuringImport, source files will be rescanned
Queued import returned SourceDataChangedDuringImport, source files will be rescanned
Queued import returned SourceDataChangedDuringImport, source files will be rescanned
Queued import returned SourceDataChangedDuringImport, source files will be rescanned
Queued import returned SourceDataChangedDuringImport, source files will be rescanned
Queued import returned SourceDataChangedDuringImport, source files will be rescanned
Queued import returned SourceDataChangedDuringImport, source files will be rescanned
Queued import returned SourceDataChangedDuringImport, source files will be rescanned
Queued import returned SourceDataChangedDuringImport, source files will be rescanned
Queued import returned SourceDataChangedDuringImport, source files will be rescanned
Queued import returned SourceDataChangedDuringImport, source files will be rescanned
Queued import returned SourceDataChangedDuringImport, source files will be rescanned
Queued import returned SourceDataChangedDuringImport, source files will be rescanned
Queued import returned SourceDataChangedDuringImport, source files will be rescanned
Queued import returned SourceDataChangedDuringImport, source files will be rescanned
Queued import returned SourceDataChangedDuringImport, source files will be rescanned
Queued import returned SourceDataChangedDuringImport, source files will be rescanned
Queued import returned SourceDataChangedDuringImport, source files will be rescanned
Queued import returned SourceDataChangedDuringImport, source files will be rescanned
Queued import returned SourceDataChangedDuringImport, source files will be rescanned
Queued import returned SourceDataChangedDuringImport, source files will be rescanned
Queued import returned SourceDataChangedDuringImport, source files will be rescanned
Queued import returned SourceDataChangedDuringImport, source files will be rescanned
Queued import returned SourceDataChangedDuringImport, source files will be rescanned
Queued import returned SourceDataChangedDuringImport, source files will be rescanned
Queued import returned SourceDataChangedDuringImport, source files will be rescanned
Queued import returned SourceDataChangedDuringImport, source files will be rescanned
Queued import returned SourceDataChangedDuringImport, source files will be rescanned
Queued import returned SourceDataChangedDuringImport, source files will be rescanned
Queued import returned SourceDataChangedDuringImport, source files will be rescanned
Queued import returned SourceDataChangedDuringImport, source files will be rescanned
Queued import returned SourceDataChangedDuringImport, source files will be rescanned
Queued import returned SourceDataChangedDuringImport, source files will be rescanned
Queued import returned SourceDataChangedDuringImport, source files will be rescanned
Queued import returned SourceDataChangedDuringImport, source files will be rescanned
Queued import returned SourceDataChangedDuringImport, source files will be rescanned
Queued import returned SourceDataChangedDuringImport, source files will be rescanned
Queued import returned SourceDataChangedDuringImport, source files will be rescanned
Queued import returned SourceDataChangedDuringImport, source files will be rescanned
Queued import returned SourceDataChangedDuringImport, source files will be rescanned
Queued import returned SourceDataChangedDuringImport, source files will be rescanned
Queued import returned SourceDataChangedDuringImport, source files will be rescanned
Queued import returned SourceDataChangedDuringImport, source files will be rescanned
Queued import returned SourceDataChangedDuringImport, source files will be rescanned
Queued import returned SourceDataChangedDuringImport, source files will be rescanned
Queued import returned SourceDataChangedDuringImport, source files will be rescanned
Queued import returned SourceDataChangedDuringImport, source files will be rescanned
Queued import returned SourceDataChangedDuringImport, source files will be rescanned
Queued import returned SourceDataChangedDuringImport, source files will be rescanned
Queued import returned SourceDataChangedDuringImport, source files will be rescanned
Queued import returned SourceDataChangedDuringImport, source files will be rescanned
Queued import returned SourceDataChangedDuringImport, source files will be rescanned
Queued import returned SourceDataChangedDuringImport, source files will be rescanned
Queued import returned SourceDataChangedDuringImport, source files will be rescanned
Queued import returned SourceDataChangedDuringImport, source files will be rescanned
Queued import returned SourceDataChangedDuringImport, source files will be rescanned
Queued import returned SourceDataChangedDuringImport, source files will be rescanned
Queued import returned SourceDataChangedDuringImport, source files will be rescanned
Queued import returned SourceDataChangedDuringImport, source files will be rescanned
Queued import returned SourceDataChangedDuringImport, source files will be rescanned
Queued import returned SourceDataChangedDuringImport, source files will be rescanned
Queued import returned SourceDataChangedDuringImport, source files will be rescanned
Queued import returned SourceDataChangedDuringImport, source files will be rescanned
Queued import returned SourceDataChangedDuringImport, source files will be rescanned
Queued import returned SourceDataChangedDuringImport, source files will be rescanned
Queued import returned SourceDataChangedDuringImport, source files will be rescanned
Queued import returned SourceDataChangedDuringImport, source files will be rescanned
Queued import returned SourceDataChangedDuringImport, source files will be rescanned
Queued import returned SourceDataChangedDuringImport, source files will be rescanned
Queued import returned SourceDataChangedDuringImport, source files will be rescanned
Queued import returned SourceDataChangedDuringImport, source files will be rescanned
Queued import returned SourceDataChangedDuringImport, source files will be rescanned
Queued import returned SourceDataChangedDuringImport, source files will be rescanned
Queued import returned SourceDataChangedDuringImport, source files will be rescanned
Queued import returned SourceDataChangedDuringImport, source files will be rescanned
Queued import returned SourceDataChangedDuringImport, source files will be rescanned
Queued import returned SourceDataChangedDuringImport, source files will be rescanned
Queued import returned SourceDataChangedDuringImport, source files will be rescanned
Queued import returned SourceDataChangedDuringImport, source files will be rescanned
Queued import returned SourceDataChangedDuringImport, source files will be rescanned
Queued import returned SourceDataChangedDuringImport, source files will be rescanned
Queued import returned SourceDataChangedDuringImport, source files will be rescanned
Queued import returned SourceDataChangedDuringImport, source files will be rescanned
Queued import returned SourceDataChangedDuringImport, source files will be rescanned
Queued import returned SourceDataChangedDuringImport, source files will be rescanned
Queued import returned SourceDataChangedDuringImport, source files will be rescanned
Queued import returned SourceDataChangedDuringImport, source files will be rescanned
Queued import returned SourceDataChangedDuringImport, source files will be rescanned
Queued import returned SourceDataChangedDuringImport, source files will be rescanned
Queued import returned SourceDataChangedDuringImport, source files will be rescanned
Queued import returned SourceDataChangedDuringImport, source files will be rescanned
Queued import returned SourceDataChangedDuringImport, source files will be rescanned
Queued import returned SourceDataChangedDuringImport, source files will be rescanned
Queued import returned SourceDataChangedDuringImport, source files will be rescanned
Queued import returned SourceDataChangedDuringImport, source files will be rescanned
Queued import returned SourceDataChangedDuringImport, source files will be rescanned
Queued import returned SourceDataChangedDuringImport, source files will be rescanned
Queued import returned SourceDataChangedDuringImport, source files will be rescanned
Queued import returned SourceDataChangedDuringImport, source files will be rescanned
Queued import returned SourceDataChangedDuringImport, source files will be rescanned
Queued import returned SourceDataChangedDuringImport, source files will be rescanned
Queued import returned SourceDataChangedDuringImport, source files will be rescanned
Queued import returned SourceDataChangedDuringImport, source files will be rescanned
Queued import returned SourceDataChangedDuringImport, source files will be rescanned
Queued import returned SourceDataChangedDuringImport, source files will be rescanned
Queued import returned SourceDataChangedDuringImport, source files will be rescanned
Queued import returned SourceDataChangedDuringImport, source files will be rescanned
Queued import returned SourceDataChangedDuringImport, source files will be rescanned
Queued import returned SourceDataChangedDuringImport, source files will be rescanned
Queued import returned SourceDataChangedDuringImport, source files will be rescanned
Queued import returned SourceDataChangedDuringImport, source files will be rescanned
Queued import returned SourceDataChangedDuringImport, source files will be rescanned
Queued import returned SourceDataChangedDuringImport, source files will be rescanned
Queued import returned SourceDataChangedDuringImport, source files will be rescanned
Queued import returned SourceDataChangedDuringImport, source files will be rescanned
Queued import returned SourceDataChangedDuringImport, source files will be rescanned
Queued import returned SourceDataChangedDuringImport, source files will be rescanned
Queued import returned SourceDataChangedDuringImport, source files will be rescanned
Queued import returned SourceDataChangedDuringImport, source files will be rescanned
Queued import returned SourceDataChangedDuringImport, source files will be rescanned
Queued import returned SourceDataChangedDuringImport, source files will be rescanned
Queued import returned SourceDataChangedDuringImport, source files will be rescanned
Queued import returned SourceDataChangedDuringImport, source files will be rescanned
Queued import returned SourceDataChangedDuringImport, source files will be rescanned
Queued import returned SourceDataChangedDuringImport, source files will be rescanned
Queued import returned SourceDataChangedDuringImport, source files will be rescanned
Queued import returned SourceDataChangedDuringImport, source files will be rescanned
Queued import returned SourceDataChangedDuringImport, source files will be rescanned
Queued import returned SourceDataChangedDuringImport, source files will be rescanned
Queued import returned SourceDataChangedDuringImport, source files will be rescanned
Queued import returned SourceDataChangedDuringImport, source files will be rescanned
Queued import returned SourceDataChangedDuringImport, source files will be rescanned
Queued import returned SourceDataChangedDuringImport, source files will be rescanned
Queued import returned SourceDataChangedDuringImport, source files will be rescanned
Queued import returned SourceDataChangedDuringImport, source files will be rescanned
Queued import returned SourceDataChangedDuringImport, source files will be rescanned
Queued import returned SourceDataChangedDuringImport, source files will be rescanned
Queued import returned SourceDataChangedDuringImport, source files will be rescanned
Queued import returned SourceDataChangedDuringImport, source files will be rescanned
Queued import returned SourceDataChangedDuringImport, source files will be rescanned
Queued import returned SourceDataChangedDuringImport, source files will be rescanned
Queued import returned SourceDataChangedDuringImport, source files will be rescanned
[Worker0] Import Error Code:(4)
Message: Build asset version error: assets/scripts/environment/grietareparacion.cs in SourceAssetDB has modification time of '2026-10-03T01:06:19.9680304Z' while content on disk has modification time of '2026-10-03T01:06:47.2125Z'
Queued import returned SourceDataChangedDuringImport, source files will be rescanned
Queued import returned SourceDataChangedDuringImport, source files will be rescanned
Queued import returned SourceDataChangedDuringImport, source files will be rescanned
Queued import returned SourceDataChangedDuringImport, source files will be rescanned
Queued import returned SourceDataChangedDuringImport, source files will be rescanned
Queued import returned SourceDataChangedDuringImport, source files will be rescanned
Queued import returned SourceDataChangedDuringImport, source files will be rescanned
Queued import returned SourceDataChangedDuringImport, source files will be rescanned
Queued import returned SourceDataChangedDuringImport, source files will be rescanned
Queued import returned SourceDataChangedDuringImport, source files will be rescanned
Queued import returned SourceDataChangedDuringImport, source files will be rescanned
Queued import returned SourceDataChangedDuringImport, source files will be rescanned
Queued import returned SourceDataChangedDuringImport, source files will be rescanned
Queued import returned SourceDataChangedDuringImport, source files will be rescanned
Queued import returned SourceDataChangedDuringImport, source files will be rescanned
Queued import returned SourceDataChangedDuringImport, source files will be rescanned
Queued import returned SourceDataChangedDuringImport, source files will be rescanned
Queued import returned SourceDataChangedDuringImport, source files will be rescanned
Queued import returned SourceDataChangedDuringImport, source files will be rescanned
Queued import returned SourceDataChangedDuringImport, source files will be rescanned
Queued import returned SourceDataChangedDuringImport, source files will be rescanned
Queued import returned SourceDataChangedDuringImport, source files will be rescanned
Queued import returned SourceDataChangedDuringImport, source files will be rescanned
Queued import returned SourceDataChangedDuringImport, source files will be rescanned
Queued import returned SourceDataChangedDuringImport, source files will be rescanned
Queued import returned SourceDataChangedDuringImport, source files will be rescanned
Queued import returned SourceDataChangedDuringImport, source files will be rescanned
Queued import returned SourceDataChangedDuringImport, source files will be rescanned
Queued import returned SourceDataChangedDuringImport, source files will be rescanned
Queued import returned SourceDataChangedDuringImport, source files will be rescanned
Queued import returned SourceDataChangedDuringImport, source files will be rescanned
Queued import returned SourceDataChangedDuringImport, source files will be rescanned
Queued import returned SourceDataChangedDuringImport, source files will be rescanned
Queued import returned SourceDataChangedDuringImport, source files will be rescanned
Queued import returned SourceDataChangedDuringImport, source files will be rescanned
Queued import returned SourceDataChangedDuringImport, source files will be rescanned
Queued import returned SourceDataChangedDuringImport, source files will be rescanned
Queued import returned SourceDataChangedDuringImport, source files will be rescanned
Queued import returned SourceDataChangedDuringImport, source files will be rescanned
Queued import returned SourceDataChangedDuringImport, source files will be rescanned
Queued import returned SourceDataChangedDuringImport, source files will be rescanned
Queued import returned SourceDataChangedDuringImport, source files will be rescanned
Queued import returned SourceDataChangedDuringImport, source files will be rescanned
Queued import returned SourceDataChangedDuringImport, source files will be rescanned
Queued import returned SourceDataChangedDuringImport, source files will be rescanned
Queued import returned SourceDataChangedDuringImport, source files will be rescanned
Queued import returned SourceDataChangedDuringImport, source files will be rescanned
Queued import returned SourceDataChangedDuringImport, source files will be rescanned
Queued import returned SourceDataChangedDuringImport, source files will be rescanned
Queued import returned SourceDataChangedDuringImport, source files will be rescanned
Queued import returned SourceDataChangedDuringImport, source files will be rescanned
Queued import returned SourceDataChangedDuringImport, source files will be rescanned
Queued import returned SourceDataChangedDuringImport, source files will be rescanned
Queued import returned SourceDataChangedDuringImport, source files will be rescanned
Queued import returned SourceDataChangedDuringImport, source files will be rescanned
Queued import returned SourceDataChangedDuringImport, source files will be rescanned
Queued import returned SourceDataChangedDuringImport, source files will be rescanned
Queued import returned SourceDataChangedDuringImport, source files will be rescanned
Queued import returned SourceDataChangedDuringImport, source files will be rescanned
Queued import returned SourceDataChangedDuringImport, source files will be rescanned
Queued import returned SourceDataChangedDuringImport, source files will be rescanned
Queued import returned SourceDataChangedDuringImport, source files will be rescanned
Queued import returned SourceDataChangedDuringImport, source files will be rescanned
Queued import returned SourceDataChangedDuringImport, source files will be rescanned
Queued import returned SourceDataChangedDuringImport, source files will be rescanned
Queued import returned SourceDataChangedDuringImport, source files will be rescanned
Queued import returned SourceDataChangedDuringImport, source files will be rescanned
Queued import returned SourceDataChangedDuringImport, source files will be rescanned
Queued import returned SourceDataChangedDuringImport, source files will be rescanned
Queued import returned SourceDataChangedDuringImport, source files will be rescanned
Queued import returned SourceDataChangedDuringImport, source files will be rescanned
Queued import returned SourceDataChangedDuringImport, source files will be rescanned
Queued import returned SourceDataChangedDuringImport, source files will be rescanned
Queued import returned SourceDataChangedDuringImport, source files will be rescanned
Queued import returned SourceDataChangedDuringImport, source files will be rescanned
Queued import returned SourceDataChangedDuringImport, source files will be rescanned
Queued import returned SourceDataChangedDuringImport, source files will be rescanned
Queued import returned SourceDataChangedDuringImport, source files will be rescanned
Queued import returned SourceDataChangedDuringImport, source files will be rescanned
Queued import returned SourceDataChangedDuringImport, source files will be rescanned
Queued import returned SourceDataChangedDuringImport, source files will be rescanned
Queued import returned SourceDataChangedDuringImport, source files will be rescanned
Queued import returned SourceDataChangedDuringImport, source files will be rescanned
Queued import returned SourceDataChangedDuringImport, source files will be rescanned
Queued import returned SourceDataChangedDuringImport, source files will be rescanned
Queued import returned SourceDataChangedDuringImport, source files will be rescanned
Queued import returned SourceDataChangedDuringImport, source files will be rescanned
Queued import returned SourceDataChangedDuringImport, source files will be rescanned
Queued import returned SourceDataChangedDuringImport, source files will be rescanned
Queued import returned SourceDataChangedDuringImport, source files will be rescanned
Queued import returned SourceDataChangedDuringImport, source files will be rescanned
Queued import returned SourceDataChangedDuringImport, source files will be rescanned
Queued import returned SourceDataChangedDuringImport, source files will be rescanned
Queued import returned SourceDataChangedDuringImport, source files will be rescanned
Queued import returned SourceDataChangedDuringImport, source files will be rescanned
Queued import returned SourceDataChangedDuringImport, source files will be rescanned
Queued import returned SourceDataChangedDuringImport, source files will be rescanned
Queued import returned SourceDataChangedDuringImport, source files will be rescanned
Queued import returned SourceDataChangedDuringImport, source files will be rescanned
Queued import returned SourceDataChangedDuringImport, source files will be rescanned
Queued import returned SourceDataChangedDuringImport, source files will be rescanned
Queued import returned SourceDataChangedDuringImport, source files will be rescanned
Queued import returned SourceDataChangedDuringImport, source files will be rescanned
Queued import returned SourceDataChangedDuringImport, source files will be rescanned
Queued import returned SourceDataChangedDuringImport, source files will be rescanned
Queued import returned SourceDataChangedDuringImport, source files will be rescanned
Queued import returned SourceDataChangedDuringImport, source files will be rescanned
Queued import returned SourceDataChangedDuringImport, source files will be rescanned
Queued import returned SourceDataChangedDuringImport, source files will be rescanned
Queued import returned SourceDataChangedDuringImport, source files will be rescanned
Queued import returned SourceDataChangedDuringImport, source files will be rescanned
Queued import returned SourceDataChangedDuringImport, source files will be rescanned
Queued import returned SourceDataChangedDuringImport, source files will be rescanned
Queued import returned SourceDataChangedDuringImport, source files will be rescanned
Queued import returned SourceDataChangedDuringImport, source files will be rescanned
Queued import returned SourceDataChangedDuringImport, source files will be rescanned
Queued import returned SourceDataChangedDuringImport, source files will be rescanned
Queued import returned SourceDataChangedDuringImport, source files will be rescanned
Queued import returned SourceDataChangedDuringImport, source files will be rescanned
Queued import returned SourceDataChangedDuringImport, source files will be rescanned
Queued import returned SourceDataChangedDuringImport, source files will be rescanned
Queued import returned SourceDataChangedDuringImport, source files will be rescanned
Queued import returned SourceDataChangedDuringImport, source files will be rescanned
Queued import returned SourceDataChangedDuringImport, source files will be rescanned
Queued import returned SourceDataChangedDuringImport, source files will be rescanned
Queued import returned SourceDataChangedDuringImport, source files will be rescanned
Queued import returned SourceDataChangedDuringImport, source files will be rescanned
Queued import returned SourceDataChangedDuringImport, source files will be rescanned
Queued import returned SourceDataChangedDuringImport, source files will be rescanned
Queued import returned SourceDataChangedDuringImport, source files will be rescanned
Queued import returned SourceDataChangedDuringImport, source files will be rescanned
Queued import returned SourceDataChangedDuringImport, source files will be rescanned
Queued import returned SourceDataChangedDuringImport, source files will be rescanned
Queued import returned SourceDataChangedDuringImport, source files will be rescanned
Queued import returned SourceDataChangedDuringImport, source files will be rescanned
Queued import returned SourceDataChangedDuringImport, source files will be rescanned
Queued import returned SourceDataChangedDuringImport, source files will be rescanned
Queued import returned SourceDataChangedDuringImport, source files will be rescanned
Queued import returned SourceDataChangedDuringImport, source files will be rescanned
Queued import returned SourceDataChangedDuringImport, source files will be rescanned
Queued import returned SourceDataChangedDuringImport, source files will be rescanned
Queued import returned SourceDataChangedDuringImport, source files will be rescanned
Queued import returned SourceDataChangedDuringImport, source files will be rescanned
Queued import returned SourceDataChangedDuringImport, source files will be rescanned
Queued import returned SourceDataChangedDuringImport, source files will be rescanned
Queued import returned SourceDataChangedDuringImport, source files will be rescanned
Queued import returned SourceDataChangedDuringImport, source files will be rescanned
Queued import returned SourceDataChangedDuringImport, source files will be rescanned
Queued import returned SourceDataChangedDuringImport, source files will be rescanned
Queued import returned SourceDataChangedDuringImport, source files will be rescanned
Queued import returned SourceDataChangedDuringImport, source files will be rescanned
Queued import returned SourceDataChangedDuringImport, source files will be rescanned
Queued import returned SourceDataChangedDuringImport, source files will be rescanned
Queued import returned SourceDataChangedDuringImport, source files will be rescanned
Queued import returned SourceDataChangedDuringImport, source files will be rescanned
Queued import returned SourceDataChangedDuringImport, source files will be rescanned
Queued import returned SourceDataChangedDuringImport, source files will be rescanned
Queued import returned SourceDataChangedDuringImport, source files will be rescanned
Queued import returned SourceDataChangedDuringImport, source files will be rescanned
Queued import returned SourceDataChangedDuringImport, source files will be rescanned
Queued import returned SourceDataChangedDuringImport, source files will be rescanned
Queued import returned SourceDataChangedDuringImport, source files will be rescanned
Queued import returned SourceDataChangedDuringImport, source files will be rescanned
Queued import returned SourceDataChangedDuringImport, source files will be rescanned
Queued import returned SourceDataChangedDuringImport, source files will be rescanned
Queued import returned SourceDataChangedDuringImport, source files will be rescanned
Queued import returned SourceDataChangedDuringImport, source files will be rescanned
Queued import returned SourceDataChangedDuringImport, source files will be rescanned
Queued import returned SourceDataChangedDuringImport, source files will be rescanned
Queued import returned SourceDataChangedDuringImport, source files will be rescanned
Queued import returned SourceDataChangedDuringImport, source files will be rescanned
Queued import returned SourceDataChangedDuringImport, source files will be rescanned
Queued import returned SourceDataChangedDuringImport, source files will be rescanned
Queued import returned SourceDataChangedDuringImport, source files will be rescanned
Queued import returned SourceDataChangedDuringImport, source files will be rescanned
Queued import returned SourceDataChangedDuringImport, source files will be rescanned
Queued import returned SourceDataChangedDuringImport, source files will be rescanned
Queued import returned SourceDataChangedDuringImport, source files will be rescanned
Queued import returned SourceDataChangedDuringImport, source files will be rescanned
Queued import returned SourceDataChangedDuringImport, source files will be rescanned
Queued import returned SourceDataChangedDuringImport, source files will be rescanned
Queued import returned SourceDataChangedDuringImport, source files will be rescanned
Queued import returned SourceDataChangedDuringImport, source files will be rescanned
Queued import returned SourceDataChangedDuringImport, source files will be rescanned
Queued import returned SourceDataChangedDuringImport, source files will be rescanned
Queued import returned SourceDataChangedDuringImport, source files will be rescanned
Queued import returned SourceDataChangedDuringImport, source files will be rescanned
Queued import returned SourceDataChangedDuringImport, source files will be rescanned
Queued import returned SourceDataChangedDuringImport, source files will be rescanned
Queued import returned SourceDataChangedDuringImport, source files will be rescanned
Queued import returned SourceDataChangedDuringImport, source files will be rescanned
Queued import returned SourceDataChangedDuringImport, source files will be rescanned
Queued import returned SourceDataChangedDuringImport, source files will be rescanned
Queued import returned SourceDataChangedDuringImport, source files will be rescanned
Queued import returned SourceDataChangedDuringImport, source files will be rescanned
Queued import returned SourceDataChangedDuringImport, source files will be rescanned
Queued import returned SourceDataChangedDuringImport, source files will be rescanned
Queued import returned SourceDataChangedDuringImport, source files will be rescanned
Queued import returned SourceDataChangedDuringImport, source files will be rescanned
Queued import returned SourceDataChangedDuringImport, source files will be rescanned
Queued import returned SourceDataChangedDuringImport, source files will be rescanned
Queued import returned SourceDataChangedDuringImport, source files will be rescanned
Queued import returned SourceDataChangedDuringImport, source files will be rescanned
Queued import returned SourceDataChangedDuringImport, source files will be rescanned
Queued import returned SourceDataChangedDuringImport, source files will be rescanned
Queued import returned SourceDataChangedDuringImport, source files will be rescanned
Queued import returned SourceDataChangedDuringImport, source files will be rescanned
Queued import returned SourceDataChangedDuringImport, source files will be rescanned
Queued import returned SourceDataChangedDuringImport, source files will be rescanned
Queued import returned SourceDataChangedDuringImport, source files will be rescanned
Queued import returned SourceDataChangedDuringImport, source files will be rescanned
Queued import returned SourceDataChangedDuringImport, source files will be rescanned
Queued import returned SourceDataChangedDuringImport, source files will be rescanned
Queued import returned SourceDataChangedDuringImport, source files will be rescanned
Queued import returned SourceDataChangedDuringImport, source files will be rescanned
Queued import returned SourceDataChangedDuringImport, source files will be rescanned
Queued import returned SourceDataChangedDuringImport, source files will be rescanned
Queued import returned SourceDataChangedDuringImport, source files will be rescanned
Queued import returned SourceDataChangedDuringImport, source files will be rescanned
Queued import returned SourceDataChangedDuringImport, source files will be rescanned
Queued import returned SourceDataChangedDuringImport, source files will be rescanned
Queued import returned SourceDataChangedDuringImport, source files will be rescanned
Queued import returned SourceDataChangedDuringImport, source files will be rescanned
Queued import returned SourceDataChangedDuringImport, source files will be rescanned
Queued import returned SourceDataChangedDuringImport, source files will be rescanned
Queued import returned SourceDataChangedDuringImport, source files will be rescanned
Queued import returned SourceDataChangedDuringImport, source files will be rescanned
Queued import returned SourceDataChangedDuringImport, source files will be rescanned
Queued import returned SourceDataChangedDuringImport, source files will be rescanned
Queued import returned SourceDataChangedDuringImport, source files will be rescanned
Queued import returned SourceDataChangedDuringImport, source files will be rescanned
Queued import returned SourceDataChangedDuringImport, source files will be rescanned
Queued import returned SourceDataChangedDuringImport, source files will be rescanned
Queued import returned SourceDataChangedDuringImport, source files will be rescanned
Queued import returned SourceDataChangedDuringImport, source files will be rescanned
Queued import returned SourceDataChangedDuringImport, source files will be rescanned
Queued import returned SourceDataChangedDuringImport, source files will be rescanned
Queued import returned SourceDataChangedDuringImport, source files will be rescanned
Queued import returned SourceDataChangedDuringImport, source files will be rescanned
Queued import returned SourceDataChangedDuringImport, source files will be rescanned
Queued import returned SourceDataChangedDuringImport, source files will be rescanned
Queued import returned SourceDataChangedDuringImport, source files will be rescanned
Queued import returned SourceDataChangedDuringImport, source files will be rescanned
Queued import returned SourceDataChangedDuringImport, source files will be rescanned
Queued import returned SourceDataChangedDuringImport, source files will be rescanned
Queued import returned SourceDataChangedDuringImport, source files will be rescanned
Queued import returned SourceDataChangedDuringImport, source files will be rescanned
Queued import returned SourceDataChangedDuringImport, source files will be rescanned
Queued import returned SourceDataChangedDuringImport, source files will be rescanned
Queued import returned SourceDataChangedDuringImport, source files will be rescanned
Queued import returned SourceDataChangedDuringImport, source files will be rescanned
Queued import returned SourceDataChangedDuringImport, source files will be rescanned
Queued import returned SourceDataChangedDuringImport, source files will be rescanned
Queued import returned SourceDataChangedDuringImport, source files will be rescanned
Queued import returned SourceDataChangedDuringImport, source files will be rescanned
Queued import returned SourceDataChangedDuringImport, source files will be rescanned
Queued import returned SourceDataChangedDuringImport, source files will be rescanned
Queued import returned SourceDataChangedDuringImport, source files will be rescanned
Queued import returned SourceDataChangedDuringImport, source files will be rescanned
Queued import returned SourceDataChangedDuringImport, source files will be rescanned
Queued import returned SourceDataChangedDuringImport, source files will be rescanned
Queued import returned SourceDataChangedDuringImport, source files will be rescanned
Queued import returned SourceDataChangedDuringImport, source files will be rescanned
Queued import returned SourceDataChangedDuringImport, source files will be rescanned
Queued import returned SourceDataChangedDuringImport, source files will be rescanned
Queued import returned SourceDataChangedDuringImport, source files will be rescanned
Queued import returned SourceDataChangedDuringImport, source files will be rescanned
Queued import returned SourceDataChangedDuringImport, source files will be rescanned
Queued import returned SourceDataChangedDuringImport, source files will be rescanned
Queued import returned SourceDataChangedDuringImport, source files will be rescanned
Queued import returned SourceDataChangedDuringImport, source files will be rescanned
Queued import returned SourceDataChangedDuringImport, source files will be rescanned
Queued import returned SourceDataChangedDuringImport, source files will be rescanned
Queued import returned SourceDataChangedDuringImport, source files will be rescanned
Queued import returned SourceDataChangedDuringImport, source files will be rescanned
Queued import returned SourceDataChangedDuringImport, source files will be rescanned
Queued import returned SourceDataChangedDuringImport, source files will be rescanned
Queued import returned SourceDataChangedDuringImport, source files will be rescanned
Queued import returned SourceDataChangedDuringImport, source files will be rescanned
Queued import returned SourceDataChangedDuringImport, source files will be rescanned
Queued import returned SourceDataChangedDuringImport, source files will be rescanned
Queued import returned SourceDataChangedDuringImport, source files will be rescanned
Queued import returned SourceDataChangedDuringImport, source files will be rescanned
Queued import returned SourceDataChangedDuringImport, source files will be rescanned
Queued import returned SourceDataChangedDuringImport, source files will be rescanned
Queued import returned SourceDataChangedDuringImport, source files will be rescanned
Queued import returned SourceDataChangedDuringImport, source files will be rescanned
Queued import returned SourceDataChangedDuringImport, source files will be rescanned
Queued import returned SourceDataChangedDuringImport, source files will be rescanned
Queued import returned SourceDataChangedDuringImport, source files will be rescanned
Queued import returned SourceDataChangedDuringImport, source files will be rescanned
Queued import returned SourceDataChangedDuringImport, source files will be rescanned
Queued import returned SourceDataChangedDuringImport, source files will be rescanned
Queued import returned SourceDataChangedDuringImport, source files will be rescanned
Queued import returned SourceDataChangedDuringImport, source files will be rescanned
Queued import returned SourceDataChangedDuringImport, source files will be rescanned
Queued import returned SourceDataChangedDuringImport, source files will be rescanned
Queued import returned SourceDataChangedDuringImport, source files will be rescanned
Queued import returned SourceDataChangedDuringImport, source files will be rescanned
Queued import returned SourceDataChangedDuringImport, source files will be rescanned
Queued import returned SourceDataChangedDuringImport, source files will be rescanned
Queued import returned SourceDataChangedDuringImport, source files will be rescanned
Queued import returned SourceDataChangedDuringImport, source files will be rescanned
Queued import returned SourceDataChangedDuringImport, source files will be rescanned
Queued import returned SourceDataChangedDuringImport, source files will be rescanned
Queued import returned SourceDataChangedDuringImport, source files will be rescanned
Queued import returned SourceDataChangedDuringImport, source files will be rescanned
Queued import returned SourceDataChangedDuringImport, source files will be rescanned
Queued import returned SourceDataChangedDuringImport, source files will be rescanned
Queued import returned SourceDataChangedDuringImport, source files will be rescanned
Queued import returned SourceDataChangedDuringImport, source files will be rescanned
Queued import returned SourceDataChangedDuringImport, source files will be rescanned
Queued import returned SourceDataChangedDuringImport, source files will be rescanned
Queued import returned SourceDataChangedDuringImport, source files will be rescanned
Queued import returned SourceDataChangedDuringImport, source files will be rescanned
Queued import returned SourceDataChangedDuringImport, source files will be rescanned
Queued import returned SourceDataChangedDuringImport, source files will be rescanned
Queued import returned SourceDataChangedDuringImport, source files will be rescanned
Queued import returned SourceDataChangedDuringImport, source files will be rescanned
Queued import returned SourceDataChangedDuringImport, source files will be rescanned
Queued import returned SourceDataChangedDuringImport, source files will be rescanned
Queued import returned SourceDataChangedDuringImport, source files will be rescanned
Queued import returned SourceDataChangedDuringImport, source files will be rescanned
Queued import returned SourceDataChangedDuringImport, source files will be rescanned
Queued import returned SourceDataChangedDuringImport, source files will be rescanned
Queued import returned SourceDataChangedDuringImport, source files will be rescanned
Queued import returned SourceDataChangedDuringImport, source files will be rescanned
Queued import returned SourceDataChangedDuringImport, source files will be rescanned
Queued import returned SourceDataChangedDuringImport, source files will be rescanned
Queued import returned SourceDataChangedDuringImport, source files will be rescanned
Queued import returned SourceDataChangedDuringImport, source files will be rescanned
Queued import returned SourceDataChangedDuringImport, source files will be rescanned
Queued import returned SourceDataChangedDuringImport, source files will be rescanned
Queued import returned SourceDataChangedDuringImport, source files will be rescanned
Queued import returned SourceDataChangedDuringImport, source files will be rescanned
Queued import returned SourceDataChangedDuringImport, source files will be rescanned
Queued import returned SourceDataChangedDuringImport, source files will be rescanned
Queued import returned SourceDataChangedDuringImport, source files will be rescanned
Queued import returned SourceDataChangedDuringImport, source files will be rescanned
Queued import returned SourceDataChangedDuringImport, source files will be rescanned
Queued import returned SourceDataChangedDuringImport, source files will be rescanned
Queued import returned SourceDataChangedDuringImport, source files will be rescanned
Queued import returned SourceDataChangedDuringImport, source files will be rescanned
Queued import returned SourceDataChangedDuringImport, source files will be rescanned
Queued import returned SourceDataChangedDuringImport, source files will be rescanned
Queued import returned SourceDataChangedDuringImport, source files will be rescanned
Queued import returned SourceDataChangedDuringImport, source files will be rescanned
Queued import returned SourceDataChangedDuringImport, source files will be rescanned
Queued import returned SourceDataChangedDuringImport, source files will be rescanned
Queued import returned SourceDataChangedDuringImport, source files will be rescanned
Queued import returned SourceDataChangedDuringImport, source files will be rescanned
Queued import returned SourceDataChangedDuringImport, source files will be rescanned
Queued import returned SourceDataChangedDuringImport, source files will be rescanned
Queued import returned SourceDataChangedDuringImport, source files will be rescanned
Queued import returned SourceDataChangedDuringImport, source files will be rescanned
Queued import returned SourceDataChangedDuringImport, source files will be rescanned
Queued import returned SourceDataChangedDuringImport, source files will be rescanned
Queued import returned SourceDataChangedDuringImport, source files will be rescanned
Queued import returned SourceDataChangedDuringImport, source files will be rescanned
Queued import returned SourceDataChangedDuringImport, source files will be rescanned
Queued import returned SourceDataChangedDuringImport, source files will be rescanned
Queued import returned SourceDataChangedDuringImport, source files will be rescanned
Queued import returned SourceDataChangedDuringImport, source files will be rescanned
Queued import returned SourceDataChangedDuringImport, source files will be rescanned
Queued import returned SourceDataChangedDuringImport, source files will be rescanned
Queued import returned SourceDataChangedDuringImport, source files will be rescanned
Queued import returned SourceDataChangedDuringImport, source files will be rescanned
Queued import returned SourceDataChangedDuringImport, source files will be rescanned
Queued import returned SourceDataChangedDuringImport, source files will be rescanned
Queued import returned SourceDataChangedDuringImport, source files will be rescanned
Queued import returned SourceDataChangedDuringImport, source files will be rescanned
Queued import returned SourceDataChangedDuringImport, source files will be rescanned
Queued import returned SourceDataChangedDuringImport, source files will be rescanned
Queued import returned SourceDataChangedDuringImport, source files will be rescanned
Queued import returned SourceDataChangedDuringImport, source files will be rescanned
Queued import returned SourceDataChangedDuringImport, source files will be rescanned
Queued import returned SourceDataChangedDuringImport, source files will be rescanned
Queued import returned SourceDataChangedDuringImport, source files will be rescanned
Queued import returned SourceDataChangedDuringImport, source files will be rescanned
Queued import returned SourceDataChangedDuringImport, source files will be rescanned
Queued import returned SourceDataChangedDuringImport, source files will be rescanned
Queued import returned SourceDataChangedDuringImport, source files will be rescanned
Queued import returned SourceDataChangedDuringImport, source files will be rescanned
Queued import returned SourceDataChangedDuringImport, source files will be rescanned
Queued import returned SourceDataChangedDuringImport, source files will be rescanned
Queued import returned SourceDataChangedDuringImport, source files will be rescanned
Queued import returned SourceDataChangedDuringImport, source files will be rescanned
Queued import returned SourceDataChangedDuringImport, source files will be rescanned
Queued import returned SourceDataChangedDuringImport, source files will be rescanned
Queued import returned SourceDataChangedDuringImport, source files will be rescanned
Queued import returned SourceDataChangedDuringImport, source files will be rescanned
Queued import returned SourceDataChangedDuringImport, source files will be rescanned
Queued import returned SourceDataChangedDuringImport, source files will be rescanned
Queued import returned SourceDataChangedDuringImport, source files will be rescanned
Queued import returned SourceDataChangedDuringImport, source files will be rescanned
Queued import returned SourceDataChangedDuringImport, source files will be rescanned
Queued import returned SourceDataChangedDuringImport, source files will be rescanned
Queued import returned SourceDataChangedDuringImport, source files will be rescanned
Queued import returned SourceDataChangedDuringImport, source files will be rescanned
Queued import returned SourceDataChangedDuringImport, source files will be rescanned
Queued import returned SourceDataChangedDuringImport, source files will be rescanned
Queued import returned SourceDataChangedDuringImport, source files will be rescanned
Queued import returned SourceDataChangedDuringImport, source files will be rescanned
Queued import returned SourceDataChangedDuringImport, source files will be rescanned
Queued import returned SourceDataChangedDuringImport, source files will be rescanned
Queued import returned SourceDataChangedDuringImport, source files will be rescanned
Queued import returned SourceDataChangedDuringImport, source files will be rescanned
Queued import returned SourceDataChangedDuringImport, source files will be rescanned
Queued import returned SourceDataChangedDuringImport, source files will be rescanned
Queued import returned SourceDataChangedDuringImport, source files will be rescanned
Queued import returned SourceDataChangedDuringImport, source files will be rescanned
Queued import returned SourceDataChangedDuringImport, source files will be rescanned
Queued import returned SourceDataChangedDuringImport, source files will be rescanned
Queued import returned SourceDataChangedDuringImport, source files will be rescanned
Queued import returned SourceDataChangedDuringImport, source files will be rescanned
Queued import returned SourceDataChangedDuringImport, source files will be rescanned
Queued import returned SourceDataChangedDuringImport, source files will be rescanned
Queued import returned SourceDataChangedDuringImport, source files will be rescanned
Queued import returned SourceDataChangedDuringImport, source files will be rescanned
Queued import returned SourceDataChangedDuringImport, source files will be rescanned
Queued import returned SourceDataChangedDuringImport, source files will be rescanned
Queued import returned SourceDataChangedDuringImport, source files will be rescanned
Queued import returned SourceDataChangedDuringImport, source files will be rescanned
Queued import returned SourceDataChangedDuringImport, source files will be rescanned
Queued import returned SourceDataChangedDuringImport, source files will be rescanned
Queued import returned SourceDataChangedDuringImport, source files will be rescanned
Queued import returned SourceDataChangedDuringImport, source files will be rescanned
Queued import returned SourceDataChangedDuringImport, source files will be rescanned
Queued import returned SourceDataChangedDuringImport, source files will be rescanned
Queued import returned SourceDataChangedDuringImport, source files will be rescanned
Queued import returned SourceDataChangedDuringImport, source files will be rescanned
Queued import returned SourceDataChangedDuringImport, source files will be rescanned
Queued import returned SourceDataChangedDuringImport, source files will be rescanned
Queued import returned SourceDataChangedDuringImport, source files will be rescanned
Queued import returned SourceDataChangedDuringImport, source files will be rescanned
Queued import returned SourceDataChangedDuringImport, source files will be rescanned
Queued import returned SourceDataChangedDuringImport, source files will be rescanned
Queued import returned SourceDataChangedDuringImport, source files will be rescanned
Queued import returned SourceDataChangedDuringImport, source files will be rescanned
Queued import returned SourceDataChangedDuringImport, source files will be rescanned
Queued import returned SourceDataChangedDuringImport, source files will be rescanned
Queued import returned SourceDataChangedDuringImport, source files will be rescanned
Queued import returned SourceDataChangedDuringImport, source files will be rescanned
Queued import returned SourceDataChangedDuringImport, source files will be rescanned
Queued import returned SourceDataChangedDuringImport, source files will be rescanned
Queued import returned SourceDataChangedDuringImport, source files will be rescanned
Queued import returned SourceDataChangedDuringImport, source files will be rescanned
Queued import returned SourceDataChangedDuringImport, source files will be rescanned
Queued import returned SourceDataChangedDuringImport, source files will be rescanned
Queued import returned SourceDataChangedDuringImport, source files will be rescanned
Queued import returned SourceDataChangedDuringImport, source files will be rescanned
Queued import returned SourceDataChangedDuringImport, source files will be rescanned
Queued import returned SourceDataChangedDuringImport, source files will be rescanned
Queued import returned SourceDataChangedDuringImport, source files will be rescanned
Queued import returned SourceDataChangedDuringImport, source files will be rescanned
Queued import returned SourceDataChangedDuringImport, source files will be rescanned
Queued import returned SourceDataChangedDuringImport, source files will be rescanned
Queued import returned SourceDataChangedDuringImport, source files will be rescanned
Queued import returned SourceDataChangedDuringImport, source files will be rescanned
Queued import returned SourceDataChangedDuringImport, source files will be rescanned
Queued import returned SourceDataChangedDuringImport, source files will be rescanned
Queued import returned SourceDataChangedDuringImport, source files will be rescanned
Queued import returned SourceDataChangedDuringImport, source files will be rescanned
Queued import returned SourceDataChangedDuringImport, source files will be rescanned
Queued import returned SourceDataChangedDuringImport, source files will be rescanned
Queued import returned SourceDataChangedDuringImport, source files will be rescanned
Queued import returned SourceDataChangedDuringImport, source files will be rescanned
Queued import returned SourceDataChangedDuringImport, source files will be rescanned
Queued import returned SourceDataChangedDuringImport, source files will be rescanned
Queued import returned SourceDataChangedDuringImport, source files will be rescanned
Queued import returned SourceDataChangedDuringImport, source files will be rescanned
Queued import returned SourceDataChangedDuringImport, source files will be rescanned
Queued import returned SourceDataChangedDuringImport, source files will be rescanned
Queued import returned SourceDataChangedDuringImport, source files will be rescanned
Queued import returned SourceDataChangedDuringImport, source files will be rescanned
Queued import returned SourceDataChangedDuringImport, source files will be rescanned
Queued import returned SourceDataChangedDuringImport, source files will be rescanned
Queued import returned SourceDataChangedDuringImport, source files will be rescanned
Queued import returned SourceDataChangedDuringImport, source files will be rescanned
Queued import returned SourceDataChangedDuringImport, source files will be rescanned
Queued import returned SourceDataChangedDuringImport, source files will be rescanned
Queued import returned SourceDataChangedDuringImport, source files will be rescanned
Queued import returned SourceDataChangedDuringImport, source files will be rescanned
Queued import returned SourceDataChangedDuringImport, source files will be rescanned
Queued import returned SourceDataChangedDuringImport, source files will be rescanned
Queued import returned SourceDataChangedDuringImport, source files will be rescanned
Queued import returned SourceDataChangedDuringImport, source files will be rescanned
Queued import returned SourceDataChangedDuringImport, source files will be rescanned
Queued import returned SourceDataChangedDuringImport, source files will be rescanned
Queued import returned SourceDataChangedDuringImport, source files will be rescanned
Queued import returned SourceDataChangedDuringImport, source files will be rescanned
Queued import returned SourceDataChangedDuringImport, source files will be rescanned
Queued import returned SourceDataChangedDuringImport, source files will be rescanned
Queued import returned SourceDataChangedDuringImport, source files will be rescanned
Queued import returned SourceDataChangedDuringImport, source files will be rescanned
Queued import returned SourceDataChangedDuringImport, source files will be rescanned
Queued import returned SourceDataChangedDuringImport, source files will be rescanned
Queued import returned SourceDataChangedDuringImport, source files will be rescanned
Queued import returned SourceDataChangedDuringImport, source files will be rescanned
Queued import returned SourceDataChangedDuringImport, source files will be rescanned
Queued import returned SourceDataChangedDuringImport, source files will be rescanned
Queued import returned SourceDataChangedDuringImport, source files will be rescanned
Queued import returned SourceDataChangedDuringImport, source files will be rescanned
Queued import returned SourceDataChangedDuringImport, source files will be rescanned
Queued import returned SourceDataChangedDuringImport, source files will be rescanned
Queued import returned SourceDataChangedDuringImport, source files will be rescanned
Queued import returned SourceDataChangedDuringImport, source files will be rescanned
Queued import returned SourceDataChangedDuringImport, source files will be rescanned
Queued import returned SourceDataChangedDuringImport, source files will be rescanned
Queued import returned SourceDataChangedDuringImport, source files will be rescanned
Queued import returned SourceDataChangedDuringImport, source files will be rescanned
Queued import returned SourceDataChangedDuringImport, source files will be rescanned
Queued import returned SourceDataChangedDuringImport, source files will be rescanned
Queued import returned SourceDataChangedDuringImport, source files will be rescanned
Queued import returned SourceDataChangedDuringImport, source files will be rescanned
Queued import returned SourceDataChangedDuringImport, source files will be rescanned
Queued import returned SourceDataChangedDuringImport, source files will be rescanned
Queued import returned SourceDataChangedDuringImport, source files will be rescanned
Queued import returned SourceDataChangedDuringImport, source files will be rescanned
Queued import returned SourceDataChangedDuringImport, source files will be rescanned
Queued import returned SourceDataChangedDuringImport, source files will be rescanned
Queued import returned SourceDataChangedDuringImport, source files will be rescanned
Queued import returned SourceDataChangedDuringImport, source files will be rescanned
Queued import returned SourceDataChangedDuringImport, source files will be rescanned
Queued import returned SourceDataChangedDuringImport, source files will be rescanned
Queued import returned SourceDataChangedDuringImport, source files will be rescanned
Queued import returned SourceDataChangedDuringImport, source files will be rescanned
Queued import returned SourceDataChangedDuringImport, source files will be rescanned
Queued import returned SourceDataChangedDuringImport, source files will be rescanned
Queued import returned SourceDataChangedDuringImport, source files will be rescanned
Queued import returned SourceDataChangedDuringImport, source files will be rescanned
Queued import returned SourceDataChangedDuringImport, source files will be rescanned
Queued import returned SourceDataChangedDuringImport, source files will be rescanned
Queued import returned SourceDataChangedDuringImport, source files will be rescanned
Queued import returned SourceDataChangedDuringImport, source files will be rescanned
Queued import returned SourceDataChangedDuringImport, source files will be rescanned
Queued import returned SourceDataChangedDuringImport, source files will be rescanned
Queued import returned SourceDataChangedDuringImport, source files will be rescanned
Queued import returned SourceDataChangedDuringImport, source files will be rescanned
Queued import returned SourceDataChangedDuringImport, source files will be rescanned
Queued import returned SourceDataChangedDuringImport, source files will be rescanned
Queued import returned SourceDataChangedDuringImport, source files will be rescanned
Queued import returned SourceDataChangedDuringImport, source files will be rescanned
Queued import returned SourceDataChangedDuringImport, source files will be rescanned
Queued import returned SourceDataChangedDuringImport, source files will be rescanned
Queued import returned SourceDataChangedDuringImport, source files will be rescanned
Queued import returned SourceDataChangedDuringImport, source files will be rescanned
Queued import returned SourceDataChangedDuringImport, source files will be rescanned
Queued import returned SourceDataChangedDuringImport, source files will be rescanned
Queued import returned SourceDataChangedDuringImport, source files will be rescanned
Queued import returned SourceDataChangedDuringImport, source files will be rescanned
Queued import returned SourceDataChangedDuringImport, source files will be rescanned
Queued import returned SourceDataChangedDuringImport, source files will be rescanned
Queued import returned SourceDataChangedDuringImport, source files will be rescanned
Queued import returned SourceDataChangedDuringImport, source files will be rescanned
Queued import returned SourceDataChangedDuringImport, source files will be rescanned
Queued import returned SourceDataChangedDuringImport, source files will be rescanned
Queued import returned SourceDataChangedDuringImport, source files will be rescanned
Queued import returned SourceDataChangedDuringImport, source files will be rescanned
Queued import returned SourceDataChangedDuringImport, source files will be rescanned
Queued import returned SourceDataChangedDuringImport, source files will be rescanned
Queued import returned SourceDataChangedDuringImport, source files will be rescanned
Queued import returned SourceDataChangedDuringImport, source files will be rescanned
Queued import returned SourceDataChangedDuringImport, source files will be rescanned
Queued import returned SourceDataChangedDuringImport, source files will be rescanned
Queued import returned SourceDataChangedDuringImport, source files will be rescanned
Queued import returned SourceDataChangedDuringImport, source files will be rescanned
Queued import returned SourceDataChangedDuringImport, source files will be rescanned
Queued import returned SourceDataChangedDuringImport, source files will be rescanned
Queued import returned SourceDataChangedDuringImport, source files will be rescanned
Queued import returned SourceDataChangedDuringImport, source files will be rescanned
Queued import returned SourceDataChangedDuringImport, source files will be rescanned
Queued import returned SourceDataChangedDuringImport, source files will be rescanned
Queued import returned SourceDataChangedDuringImport, source files will be rescanned
Queued import returned SourceDataChangedDuringImport, source files will be rescanned
Queued import returned SourceDataChangedDuringImport, source files will be rescanned
Queued import returned SourceDataChangedDuringImport, source files will be rescanned
Queued import returned SourceDataChangedDuringImport, source files will be rescanned
Queued import returned SourceDataChangedDuringImport, source files will be rescanned
Queued import returned SourceDataChangedDuringImport, source files will be rescanned
Queued import returned SourceDataChangedDuringImport, source files will be rescanned
Queued import returned SourceDataChangedDuringImport, source files will be rescanned
Queued import returned SourceDataChangedDuringImport, source files will be rescanned
Queued import returned SourceDataChangedDuringImport, source files will be rescanned
Queued import returned SourceDataChangedDuringImport, source files will be rescanned
Queued import returned SourceDataChangedDuringImport, source files will be rescanned
Queued import returned SourceDataChangedDuringImport, source files will be rescanned
Queued import returned SourceDataChangedDuringImport, source files will be rescanned
Queued import returned SourceDataChangedDuringImport, source files will be rescanned
Queued import returned SourceDataChangedDuringImport, source files will be rescanned
Queued import returned SourceDataChangedDuringImport, source files will be rescanned
Queued import returned SourceDataChangedDuringImport, source files will be rescanned
Queued import returned SourceDataChangedDuringImport, source files will be rescanned
Queued import returned SourceDataChangedDuringImport, source files will be rescanned
Queued import returned SourceDataChangedDuringImport, source files will be rescanned
Queued import returned SourceDataChangedDuringImport, source files will be rescanned
Queued import returned SourceDataChangedDuringImport, source files will be rescanned
Queued import returned SourceDataChangedDuringImport, source files will be rescanned
Queued import returned SourceDataChangedDuringImport, source files will be rescanned
Queued import returned SourceDataChangedDuringImport, source files will be rescanned
Queued import returned SourceDataChangedDuringImport, source files will be rescanned
Queued import returned SourceDataChangedDuringImport, source files will be rescanned
Queued import returned SourceDataChangedDuringImport, source files will be rescanned
Queued import returned SourceDataChangedDuringImport, source files will be rescanned
Queued import returned SourceDataChangedDuringImport, source files will be rescanned
Queued import returned SourceDataChangedDuringImport, source files will be rescanned
Queued import returned SourceDataChangedDuringImport, source files will be rescanned
Queued import returned SourceDataChangedDuringImport, source files will be rescanned
Queued import returned SourceDataChangedDuringImport, source files will be rescanned
Queued import returned SourceDataChangedDuringImport, source files will be rescanned
Queued import returned SourceDataChangedDuringImport, source files will be rescanned
Queued import returned SourceDataChangedDuringImport, source files will be rescanned
Queued import returned SourceDataChangedDuringImport, source files will be rescanned
Queued import returned SourceDataChangedDuringImport, source files will be rescanned
Queued import returned SourceDataChangedDuringImport, source files will be rescanned
Queued import returned SourceDataChangedDuringImport, source files will be rescanned
Queued import returned SourceDataChangedDuringImport, source files will be rescanned
Queued import returned SourceDataChangedDuringImport, source files will be rescanned
Queued import returned SourceDataChangedDuringImport, source files will be rescanned
Queued import returned SourceDataChangedDuringImport, source files will be rescanned
Queued import returned SourceDataChangedDuringImport, source files will be rescanned
Queued import returned SourceDataChangedDuringImport, source files will be rescanned
Queued import returned SourceDataChangedDuringImport, source files will be rescanned
Queued import returned SourceDataChangedDuringImport, source files will be rescanned
Queued import returned SourceDataChangedDuringImport, source files will be rescanned
Queued import returned SourceDataChangedDuringImport, source files will be rescanned
Queued import returned SourceDataChangedDuringImport, source files will be rescanned
Queued import returned SourceDataChangedDuringImport, source files will be rescanned
Queued import returned SourceDataChangedDuringImport, source files will be rescanned
Queued import returned SourceDataChangedDuringImport, source files will be rescanned
Queued import returned SourceDataChangedDuringImport, source files will be rescanned
Queued import returned SourceDataChangedDuringImport, source files will be rescanned
Queued import returned SourceDataChangedDuringImport, source files will be rescanned
Queued import returned SourceDataChangedDuringImport, source files will be rescanned
Queued import returned SourceDataChangedDuringImport, source files will be rescanned
Queued import returned SourceDataChangedDuringImport, source files will be rescanned
Queued import returned SourceDataChangedDuringImport, source files will be rescanned
Queued import returned SourceDataChangedDuringImport, source files will be rescanned
Queued import returned SourceDataChangedDuringImport, source files will be rescanned
Queued import returned SourceDataChangedDuringImport, source files will be rescanned
Queued import returned SourceDataChangedDuringImport, source files will be rescanned
Queued import returned SourceDataChangedDuringImport, source files will be rescanned
Queued import returned SourceDataChangedDuringImport, source files will be rescanned
Queued import returned SourceDataChangedDuringImport, source files will be rescanned
Queued import returned SourceDataChangedDuringImport, source files will be rescanned
Queued import returned SourceDataChangedDuringImport, source files will be rescanned
Queued import returned SourceDataChangedDuringImport, source files will be rescanned
Queued import returned SourceDataChangedDuringImport, source files will be rescanned
Queued import returned SourceDataChangedDuringImport, source files will be rescanned
Queued import returned SourceDataChangedDuringImport, source files will be rescanned
Queued import returned SourceDataChangedDuringImport, source files will be rescanned
Queued import returned SourceDataChangedDuringImport, source files will be rescanned
Queued import returned SourceDataChangedDuringImport, source files will be rescanned
Queued import returned SourceDataChangedDuringImport, source files will be rescanned
Queued import returned SourceDataChangedDuringImport, source files will be rescanned
Queued import returned SourceDataChangedDuringImport, source files will be rescanned
Queued import returned SourceDataChangedDuringImport, source files will be rescanned
Queued import returned SourceDataChangedDuringImport, source files will be rescanned
Queued import returned SourceDataChangedDuringImport, source files will be rescanned
Queued import returned SourceDataChangedDuringImport, source files will be rescanned
Queued import returned SourceDataChangedDuringImport, source files will be rescanned
Queued import returned SourceDataChangedDuringImport, source files will be rescanned
Queued import returned SourceDataChangedDuringImport, source files will be rescanned
Queued import returned SourceDataChangedDuringImport, source files will be rescanned
Queued import returned SourceDataChangedDuringImport, source files will be rescanned
Queued import returned SourceDataChangedDuringImport, source files will be rescanned
Queued import returned SourceDataChangedDuringImport, source files will be rescanned
Queued import returned SourceDataChangedDuringImport, source files will be rescanned
Queued import returned SourceDataChangedDuringImport, source files will be rescanned
Queued import returned SourceDataChangedDuringImport, source files will be rescanned
Queued import returned SourceDataChangedDuringImport, source files will be rescanned
Queued import returned SourceDataChangedDuringImport, source files will be rescanned
Queued import returned SourceDataChangedDuringImport, source files will be rescanned
Queued import returned SourceDataChangedDuringImport, source files will be rescanned
Queued import returned SourceDataChangedDuringImport, source files will be rescanned
Queued import returned SourceDataChangedDuringImport, source files will be rescanned
Queued import returned SourceDataChangedDuringImport, source files will be rescanned
Queued import returned SourceDataChangedDuringImport, source files will be rescanned
Queued import returned SourceDataChangedDuringImport, source files will be rescanned
Queued import returned SourceDataChangedDuringImport, source files will be rescanned
Queued import returned SourceDataChangedDuringImport, source files will be rescanned
Queued import returned SourceDataChangedDuringImport, source files will be rescanned
Queued import returned SourceDataChangedDuringImport, source files will be rescanned
Queued import returned SourceDataChangedDuringImport, source files will be rescanned
Queued import returned SourceDataChangedDuringImport, source files will be rescanned
Queued import returned SourceDataChangedDuringImport, source files will be rescanned
Queued import returned SourceDataChangedDuringImport, source files will be rescanned
Queued import returned SourceDataChangedDuringImport, source files will be rescanned
Queued import returned SourceDataChangedDuringImport, source files will be rescanned
Queued import returned SourceDataChangedDuringImport, source files will be rescanned
Queued import returned SourceDataChangedDuringImport, source files will be rescanned
Queued import returned SourceDataChangedDuringImport, source files will be rescanned
Queued import returned SourceDataChangedDuringImport, source files will be rescanned
Queued import returned SourceDataChangedDuringImport, source files will be rescanned
Queued import returned SourceDataChangedDuringImport, source files will be rescanned
Queued import returned SourceDataChangedDuringImport, source files will be rescanned
Queued import returned SourceDataChangedDuringImport, source files will be rescanned
Queued import returned SourceDataChangedDuringImport, source files will be rescanned
Queued import returned SourceDataChangedDuringImport, source files will be rescanned
Queued import returned SourceDataChangedDuringImport, source files will be rescanned
Queued import returned SourceDataChangedDuringImport, source files will be rescanned
Queued import returned SourceDataChangedDuringImport, source files will be rescanned
Queued import returned SourceDataChangedDuringImport, source files will be rescanned
Queued import returned SourceDataChangedDuringImport, source files will be rescanned
Queued import returned SourceDataChangedDuringImport, source files will be rescanned
Queued import returned SourceDataChangedDuringImport, source files will be rescanned
Queued import returned SourceDataChangedDuringImport, source files will be rescanned
Queued import returned SourceDataChangedDuringImport, source files will be rescanned
Queued import returned SourceDataChangedDuringImport, source files will be rescanned
Queued import returned SourceDataChangedDuringImport, source files will be rescanned
Queued import returned SourceDataChangedDuringImport, source files will be rescanned
Queued import returned SourceDataChangedDuringImport, source files will be rescanned
Queued import returned SourceDataChangedDuringImport, source files will be rescanned
Queued import returned SourceDataChangedDuringImport, source files will be rescanned
Queued import returned SourceDataChangedDuringImport, source files will be rescanned
Queued import returned SourceDataChangedDuringImport, source files will be rescanned
Queued import returned SourceDataChangedDuringImport, source files will be rescanned
Queued import returned SourceDataChangedDuringImport, source files will be rescanned
Queued import returned SourceDataChangedDuringImport, source files will be rescanned
Queued import returned SourceDataChangedDuringImport, source files will be rescanned
Queued import returned SourceDataChangedDuringImport, source files will be rescanned
Queued import returned SourceDataChangedDuringImport, source files will be rescanned
Queued import returned SourceDataChangedDuringImport, source files will be rescanned
Queued import returned SourceDataChangedDuringImport, source files will be rescanned
Queued import returned SourceDataChangedDuringImport, source files will be rescanned
Queued import returned SourceDataChangedDuringImport, source files will be rescanned
Queued import returned SourceDataChangedDuringImport, source files will be rescanned
Queued import returned SourceDataChangedDuringImport, source files will be rescanned
Queued import returned SourceDataChangedDuringImport, source files will be rescanned
Queued import returned SourceDataChangedDuringImport, source files will be rescanned
Queued import returned SourceDataChangedDuringImport, source files will be rescanned
Queued import returned SourceDataChangedDuringImport, source files will be rescanned
Queued import returned SourceDataChangedDuringImport, source files will be rescanned
Queued import returned SourceDataChangedDuringImport, source files will be rescanned
Queued import returned SourceDataChangedDuringImport, source files will be rescanned
Queued import returned SourceDataChangedDuringImport, source files will be rescanned
Queued import returned SourceDataChangedDuringImport, source files will be rescanned
Queued import returned SourceDataChangedDuringImport, source files will be rescanned
Queued import returned SourceDataChangedDuringImport, source files will be rescanned
Queued import returned SourceDataChangedDuringImport, source files will be rescanned
Queued import returned SourceDataChangedDuringImport, source files will be rescanned
Queued import returned SourceDataChangedDuringImport, source files will be rescanned
Queued import returned SourceDataChangedDuringImport, source files will be rescanned
Queued import returned SourceDataChangedDuringImport, source files will be rescanned
Queued import returned SourceDataChangedDuringImport, source files will be rescanned
Queued import returned SourceDataChangedDuringImport, source files will be rescanned
Queued import returned SourceDataChangedDuringImport, source files will be rescanned
Queued import returned SourceDataChangedDuringImport, source files will be rescanned
Queued import returned SourceDataChangedDuringImport, source files will be rescanned
Queued import returned SourceDataChangedDuringImport, source files will be rescanned
Queued import returned SourceDataChangedDuringImport, source files will be rescanned
Queued import returned SourceDataChangedDuringImport, source files will be rescanned
Queued import returned SourceDataChangedDuringImport, source files will be rescanned
Queued import returned SourceDataChangedDuringImport, source files will be rescanned
Queued import returned SourceDataChangedDuringImport, source files will be rescanned
Queued import returned SourceDataChangedDuringImport, source files will be rescanned
Queued import returned SourceDataChangedDuringImport, source files will be rescanned
Queued import returned SourceDataChangedDuringImport, source files will be rescanned
Queued import returned SourceDataChangedDuringImport, source files will be rescanned
Queued import returned SourceDataChangedDuringImport, source files will be rescanned
Queued import returned SourceDataChangedDuringImport, source files will be rescanned
Queued import returned SourceDataChangedDuringImport, source files will be rescanned
Queued import returned SourceDataChangedDuringImport, source files will be rescanned
Queued import returned SourceDataChangedDuringImport, source files will be rescanned
Queued import returned SourceDataChangedDuringImport, source files will be rescanned
Queued import returned SourceDataChangedDuringImport, source files will be rescanned
Queued import returned SourceDataChangedDuringImport, source files will be rescanned
Queued import returned SourceDataChangedDuringImport, source files will be rescanned
Queued import returned SourceDataChangedDuringImport, source files will be rescanned
Queued import returned SourceDataChangedDuringImport, source files will be rescanned
Queued import returned SourceDataChangedDuringImport, source files will be rescanned
Queued import returned SourceDataChangedDuringImport, source files will be rescanned
Queued import returned SourceDataChangedDuringImport, source files will be rescanned
Queued import returned SourceDataChangedDuringImport, source files will be rescanned
Queued import returned SourceDataChangedDuringImport, source files will be rescanned
Queued import returned SourceDataChangedDuringImport, source files will be rescanned
Queued import returned SourceDataChangedDuringImport, source files will be rescanned
Queued import returned SourceDataChangedDuringImport, source files will be rescanned
Queued import returned SourceDataChangedDuringImport, source files will be rescanned
Queued import returned SourceDataChangedDuringImport, source files will be rescanned
Queued import returned SourceDataChangedDuringImport, source files will be rescanned
Queued import returned SourceDataChangedDuringImport, source files will be rescanned
Queued import returned SourceDataChangedDuringImport, source files will be rescanned
Queued import returned SourceDataChangedDuringImport, source files will be rescanned
Queued import returned SourceDataChangedDuringImport, source files will be rescanned
Queued import returned SourceDataChangedDuringImport, source files will be rescanned
Queued import returned SourceDataChangedDuringImport, source files will be rescanned
Queued import returned SourceDataChangedDuringImport, source files will be rescanned
Queued import returned SourceDataChangedDuringImport, source files will be rescanned
Queued import returned SourceDataChangedDuringImport, source files will be rescanned
Queued import returned SourceDataChangedDuringImport, source files will be rescanned
Queued import returned SourceDataChangedDuringImport, source files will be rescanned
Queued import returned SourceDataChangedDuringImport, source files will be rescanned
Queued import returned SourceDataChangedDuringImport, source files will be rescanned
Queued import returned SourceDataChangedDuringImport, source files will be rescanned
Queued import returned SourceDataChangedDuringImport, source files will be rescanned
Queued import returned SourceDataChangedDuringImport, source files will be rescanned
Queued import returned SourceDataChangedDuringImport, source files will be rescanned
Queued import returned SourceDataChangedDuringImport, source files will be rescanned
Queued import returned SourceDataChangedDuringImport, source files will be rescanned
Queued import returned SourceDataChangedDuringImport, source files will be rescanned
Queued import returned SourceDataChangedDuringImport, source files will be rescanned
Queued import returned SourceDataChangedDuringImport, source files will be rescanned
Queued import returned SourceDataChangedDuringImport, source files will be rescanned
Queued import returned SourceDataChangedDuringImport, source files will be rescanned
Queued import returned SourceDataChangedDuringImport, source files will be rescanned
Queued import returned SourceDataChangedDuringImport, source files will be rescanned
Queued import returned SourceDataChangedDuringImport, source files will be rescanned
Queued import returned SourceDataChangedDuringImport, source files will be rescanned
Queued import returned SourceDataChangedDuringImport, source files will be rescanned
Queued import returned SourceDataChangedDuringImport, source files will be rescanned
Queued import returned SourceDataChangedDuringImport, source files will be rescanned
Queued import returned SourceDataChangedDuringImport, source files will be rescanned
Queued import returned SourceDataChangedDuringImport, source files will be rescanned
Queued import returned SourceDataChangedDuringImport, source files will be rescanned
Queued import returned SourceDataChangedDuringImport, source files will be rescanned
Queued import returned SourceDataChangedDuringImport, source files will be rescanned
Queued import returned SourceDataChangedDuringImport, source files will be rescanned
Queued import returned SourceDataChangedDuringImport, source files will be rescanned
Queued import returned SourceDataChangedDuringImport, source files will be rescanned
Queued import returned SourceDataChangedDuringImport, source files will be rescanned
Queued import returned SourceDataChangedDuringImport, source files will be rescanned
Queued import returned SourceDataChangedDuringImport, source files will be rescanned
Queued import returned SourceDataChangedDuringImport, source files will be rescanned
Queued import returned SourceDataChangedDuringImport, source files will be rescanned
Queued import returned SourceDataChangedDuringImport, source files will be rescanned
Queued import returned SourceDataChangedDuringImport, source files will be rescanned
Queued import returned SourceDataChangedDuringImport, source files will be rescanned
Queued import returned SourceDataChangedDuringImport, source files will be rescanned
Queued import returned SourceDataChangedDuringImport, source files will be rescanned
Queued import returned SourceDataChangedDuringImport, source files will be rescanned
Queued import returned SourceDataChangedDuringImport, source files will be rescanned
Queued import returned SourceDataChangedDuringImport, source files will be rescanned
Queued import returned SourceDataChangedDuringImport, source files will be rescanned
Queued import returned SourceDataChangedDuringImport, source files will be rescanned
Queued import returned SourceDataChangedDuringImport, source files will be rescanned
Queued import returned SourceDataChangedDuringImport, source files will be rescanned
Queued import returned SourceDataChangedDuringImport, source files will be rescanned
Queued import returned SourceDataChangedDuringImport, source files will be rescanned
Queued import returned SourceDataChangedDuringImport, source files will be rescanned
Queued import returned SourceDataChangedDuringImport, source files will be rescanned
Queued import returned SourceDataChangedDuringImport, source files will be rescanned
Queued import returned SourceDataChangedDuringImport, source files will be rescanned
Queued import returned SourceDataChangedDuringImport, source files will be rescanned
Queued import returned SourceDataChangedDuringImport, source files will be rescanned
Queued import returned SourceDataChangedDuringImport, source files will be rescanned
Queued import returned SourceDataChangedDuringImport, source files will be rescanned
Queued import returned SourceDataChangedDuringImport, source files will be rescanned
Queued import returned SourceDataChangedDuringImport, source files will be rescanned
Queued import returned SourceDataChangedDuringImport, source files will be rescanned
Queued import returned SourceDataChangedDuringImport, source files will be rescanned
Queued import returned SourceDataChangedDuringImport, source files will be rescanned
Queued import returned SourceDataChangedDuringImport, source files will be rescanned
Queued import returned SourceDataChangedDuringImport, source files will be rescanned
Queued import returned SourceDataChangedDuringImport, source files will be rescanned
Queued import returned SourceDataChangedDuringImport, source files will be rescanned
Queued import returned SourceDataChangedDuringImport, source files will be rescanned
Queued import returned SourceDataChangedDuringImport, source files will be rescanned
Queued import returned SourceDataChangedDuringImport, source files will be rescanned
Queued import returned SourceDataChangedDuringImport, source files will be rescanned
Queued import returned SourceDataChangedDuringImport, source files will be rescanned
Queued import returned SourceDataChangedDuringImport, source files will be rescanned
Queued import returned SourceDataChangedDuringImport, source files will be rescanned
Queued import returned SourceDataChangedDuringImport, source files will be rescanned
Queued import returned SourceDataChangedDuringImport, source files will be rescanned
Queued import returned SourceDataChangedDuringImport, source files will be rescanned
Queued import returned SourceDataChangedDuringImport, source files will be rescanned
Queued import returned SourceDataChangedDuringImport, source files will be rescanned
Queued import returned SourceDataChangedDuringImport, source files will be rescanned
Queued import returned SourceDataChangedDuringImport, source files will be rescanned
Queued import returned SourceDataChangedDuringImport, source files will be rescanned
Queued import returned SourceDataChangedDuringImport, source files will be rescanned
Queued import returned SourceDataChangedDuringImport, source files will be rescanned
Queued import returned SourceDataChangedDuringImport, source files will be rescanned
Queued import returned SourceDataChangedDuringImport, source files will be rescanned
Queued import returned SourceDataChangedDuringImport, source files will be rescanned
Queued import returned SourceDataChangedDuringImport, source files will be rescanned
Queued import returned SourceDataChangedDuringImport, source files will be rescanned
Queued import returned SourceDataChangedDuringImport, source files will be rescanned
Queued import returned SourceDataChangedDuringImport, source files will be rescanned
Queued import returned SourceDataChangedDuringImport, source files will be rescanned
Queued import returned SourceDataChangedDuringImport, source files will be rescanned
[Worker0] Imported GUID: 4894376b7702cb947983b5d89189d6bf - Path: Assets/Scripts/Environment/GrietaReparacion.cs - Importer: PreviewImporter -> (ImportResultId: '00000000000000000000000000000000') in 0.0034036 seconds
Queued import returned SourceDataChangedDuringImport, source files will be rescanned
[Worker0] Import Error Code:(4)
Message: Build asset version error: assets/scripts/environment/grietareparacion.cs in SourceAssetDB has modification time of '2026-10-03T01:06:19.9680304Z' while content on disk has modification time of '2026-10-03T01:06:47.2125Z'
[Worker0] Imported GUID: 4894376b7702cb947983b5d89189d6bf - Path: Assets/Scripts/Environment/GrietaReparacion.cs - Importer: PreviewImporter -> (ImportResultId: '00000000000000000000000000000000') in 0.003101 seconds
Queued import returned SourceDataChangedDuringImport, source files will be rescanned
Queued import returned SourceDataChangedDuringImport, source files will be rescanned
[Worker0] Import Error Code:(4)
Message: Build asset version error: assets/scripts/environment/grietareparacion.cs in SourceAssetDB has modification time of '2026-10-03T01:06:19.9680304Z' while content on disk has modification time of '2026-10-03T01:06:47.2125Z'
[Worker0] Imported GUID: 4894376b7702cb947983b5d89189d6bf - Path: Assets/Scripts/Environment/GrietaReparacion.cs - Importer: PreviewImporter -> (ImportResultId: '00000000000000000000000000000000') in 0.0023798 seconds
Queued import returned SourceDataChangedDuringImport, source files will be rescanned
Queued import returned SourceDataChangedDuringImport, source files will be rescanned
[Worker0] Import Error Code:(4)
Message: Build asset version error: assets/scripts/environment/grietareparacion.cs in SourceAssetDB has modification time of '2026-10-03T01:06:19.9680304Z' while content on disk has modification time of '2026-10-03T01:06:47.2125Z'
[Worker0] Imported GUID: 4894376b7702cb947983b5d89189d6bf - Path: Assets/Scripts/Environment/GrietaReparacion.cs - Importer: PreviewImporter -> (ImportResultId: '00000000000000000000000000000000') in 0.0030286 seconds
Queued import returned SourceDataChangedDuringImport, source files will be rescanned
Queued import returned SourceDataChangedDuringImport, source files will be rescanned
[Worker0] Import Error Code:(4)
Message: Build asset version error: assets/scripts/environment/grietareparacion.cs in SourceAssetDB has modification time of '2026-10-03T01:06:19.9680304Z' while content on disk has modification time of '2026-10-03T01:06:47.2125Z'
[Worker0] Imported GUID: 4894376b7702cb947983b5d89189d6bf - Path: Assets/Scripts/Environment/GrietaReparacion.cs - Importer: PreviewImporter -> (ImportResultId: '00000000000000000000000000000000') in 0.0036547 seconds
Queued import returned SourceDataChangedDuringImport, source files will be rescanned
Queued import returned SourceDataChangedDuringImport, source files will be rescanned
[Worker0] Import Error Code:(4)
Message: Build asset version error: assets/scripts/environment/grietareparacion.cs in SourceAssetDB has modification time of '2026-10-03T01:06:19.9680304Z' while content on disk has modification time of '2026-10-03T01:06:47.2125Z'
[Worker0] Imported GUID: 4894376b7702cb947983b5d89189d6bf - Path: Assets/Scripts/Environment/GrietaReparacion.cs - Importer: PreviewImporter -> (ImportResultId: '00000000000000000000000000000000') in 0.0026824 seconds
Queued import returned SourceDataChangedDuringImport, source files will be rescanned
Queued import returned SourceDataChangedDuringImport, source files will be rescanned
[Worker0] Import Error Code:(4)
Message: Build asset version error: assets/scripts/environment/grietareparacion.cs in SourceAssetDB has modification time of '2026-10-03T01:06:19.9680304Z' while content on disk has modification time of '2026-10-03T01:06:47.2125Z'
[Worker0] Imported GUID: 4894376b7702cb947983b5d89189d6bf - Path: Assets/Scripts/Environment/GrietaReparacion.cs - Importer: PreviewImporter -> (ImportResultId: '00000000000000000000000000000000') in 0.0029142 seconds
Queued import returned SourceDataChangedDuringImport, source files will be rescanned
Queued import returned SourceDataChangedDuringImport, source files will be rescanned
[Worker0] Import Error Code:(4)
Message: Build asset version error: assets/scripts/environment/grietareparacion.cs in SourceAssetDB has modification time of '2026-10-03T01:06:19.9680304Z' while content on disk has modification time of '2026-10-03T01:06:47.2125Z'
[Worker0] Imported GUID: 4894376b7702cb947983b5d89189d6bf - Path: Assets/Scripts/Environment/GrietaReparacion.cs - Importer: PreviewImporter -> (ImportResultId: '00000000000000000000000000000000') in 0.0026488 seconds
Queued import returned SourceDataChangedDuringImport, source files will be rescanned
Queued import returned SourceDataChangedDuringImport, source files will be rescanned
[Worker0] Import Error Code:(4)
Message: Build asset version error: assets/scripts/environment/grietareparacion.cs in SourceAssetDB has modification time of '2026-10-03T01:06:19.9680304Z' while content on disk has modification time of '2026-10-03T01:06:47.2125Z'
[Worker0] Imported GUID: 4894376b7702cb947983b5d89189d6bf - Path: Assets/Scripts/Environment/GrietaReparacion.cs - Importer: PreviewImporter -> (ImportResultId: '00000000000000000000000000000000') in 0.0018363 seconds
Queued import returned SourceDataChangedDuringImport, source files will be rescanned
Queued import returned SourceDataChangedDuringImport, source files will be rescanned
[Worker0] Import Error Code:(4)
Message: Build asset version error: assets/scripts/environment/grietareparacion.cs in SourceAssetDB has modification time of '2026-10-03T01:06:19.9680304Z' while content on disk has modification time of '2026-10-03T01:06:47.2125Z'
[Worker0] Imported GUID: 4894376b7702cb947983b5d89189d6bf - Path: Assets/Scripts/Environment/GrietaReparacion.cs - Importer: PreviewImporter -> (ImportResultId: '00000000000000000000000000000000') in 0.0028578 seconds
Queued import returned SourceDataChangedDuringImport, source files will be rescanned
Queued import returned SourceDataChangedDuringImport, source files will be rescanned
[Worker0] Import Error Code:(4)
Message: Build asset version error: assets/scripts/environment/grietareparacion.cs in SourceAssetDB has modification time of '2026-10-03T01:06:19.9680304Z' while content on disk has modification time of '2026-10-03T01:06:47.2125Z'
[Worker0] Imported GUID: 4894376b7702cb947983b5d89189d6bf - Path: Assets/Scripts/Environment/GrietaReparacion.cs - Importer: PreviewImporter -> (ImportResultId: '00000000000000000000000000000000') in 0.001965 seconds
Queued import returned SourceDataChangedDuringImport, source files will be rescanned
Queued import returned SourceDataChangedDuringImport, source files will be rescanned
[Worker0] Import Error Code:(4)
Message: Build asset version error: assets/scripts/environment/grietareparacion.cs in SourceAssetDB has modification time of '2026-10-03T01:06:19.9680304Z' while content on disk has modification time of '2026-10-03T01:06:47.2125Z'
[Worker0] Imported GUID: 4894376b7702cb947983b5d89189d6bf - Path: Assets/Scripts/Environment/GrietaReparacion.cs - Importer: PreviewImporter -> (ImportResultId: '00000000000000000000000000000000') in 0.0038762 seconds
Queued import returned SourceDataChangedDuringImport, source files will be rescanned
Queued import returned SourceDataChangedDuringImport, source files will be rescanned
[Worker0] Import Error Code:(4)
Message: Build asset version error: assets/scripts/environment/grietareparacion.cs in SourceAssetDB has modification time of '2026-10-03T01:06:19.9680304Z' while content on disk has modification time of '2026-10-03T01:06:47.2125Z'
[Worker0] Imported GUID: 4894376b7702cb947983b5d89189d6bf - Path: Assets/Scripts/Environment/GrietaReparacion.cs - Importer: PreviewImporter -> (ImportResultId: '00000000000000000000000000000000') in 0.0041376 seconds
Queued import returned SourceDataChangedDuringImport, source files will be rescanned
Queued import returned SourceDataChangedDuringImport, source files will be rescanned
[Worker0] Import Error Code:(4)
Message: Build asset version error: assets/scripts/environment/grietareparacion.cs in SourceAssetDB has modification time of '2026-10-03T01:06:19.9680304Z' while content on disk has modification time of '2026-10-03T01:06:47.2125Z'
[Worker0] Imported GUID: 4894376b7702cb947983b5d89189d6bf - Path: Assets/Scripts/Environment/GrietaReparacion.cs - Importer: PreviewImporter -> (ImportResultId: '00000000000000000000000000000000') in 0.002554 seconds
Queued import returned SourceDataChangedDuringImport, source files will be rescanned
Queued import returned SourceDataChangedDuringImport, source files will be rescanned
[Worker0] Import Error Code:(4)
Message: Build asset version error: assets/scripts/environment/grietareparacion.cs in SourceAssetDB has modification time of '2026-10-03T01:06:19.9680304Z' while content on disk has modification time of '2026-10-03T01:06:47.2125Z'
[Worker0] Imported GUID: 4894376b7702cb947983b5d89189d6bf - Path: Assets/Scripts/Environment/GrietaReparacion.cs - Importer: PreviewImporter -> (ImportResultId: '00000000000000000000000000000000') in 0.0018239 seconds
Queued import returned SourceDataChangedDuringImport, source files will be rescanned
Queued import returned SourceDataChangedDuringImport, source files will be rescanned
[Worker0] Import Error Code:(4)
Message: Build asset version error: assets/scripts/environment/grietareparacion.cs in SourceAssetDB has modification time of '2026-10-03T01:06:19.9680304Z' while content on disk has modification time of '2026-10-03T01:06:47.2125Z'
[Worker0] Imported GUID: 4894376b7702cb947983b5d89189d6bf - Path: Assets/Scripts/Environment/GrietaReparacion.cs - Importer: PreviewImporter -> (ImportResultId: '00000000000000000000000000000000') in 0.0024389 seconds
Queued import returned SourceDataChangedDuringImport, source files will be rescanned
Queued import returned SourceDataChangedDuringImport, source files will be rescanned
[Worker0] Import Error Code:(4)
Message: Build asset version error: assets/scripts/environment/grietareparacion.cs in SourceAssetDB has modification time of '2026-10-03T01:06:19.9680304Z' while content on disk has modification time of '2026-10-03T01:06:47.2125Z'
[Worker0] Imported GUID: 4894376b7702cb947983b5d89189d6bf - Path: Assets/Scripts/Environment/GrietaReparacion.cs - Importer: PreviewImporter -> (ImportResultId: '00000000000000000000000000000000') in 0.0021084 seconds
Queued import returned SourceDataChangedDuringImport, source files will be rescanned
Queued import returned SourceDataChangedDuringImport, source files will be rescanned
[Worker0] Import Error Code:(4)
Message: Build asset version error: assets/scripts/environment/grietareparacion.cs in SourceAssetDB has modification time of '2026-10-03T01:06:19.9680304Z' while content on disk has modification time of '2026-10-03T01:06:47.2125Z'
[Worker0] Imported GUID: 4894376b7702cb947983b5d89189d6bf - Path: Assets/Scripts/Environment/GrietaReparacion.cs - Importer: PreviewImporter -> (ImportResultId: '00000000000000000000000000000000') in 0.0023501 seconds
Queued import returned SourceDataChangedDuringImport, source files will be rescanned
Queued import returned SourceDataChangedDuringImport, source files will be rescanned
[Worker0] Import Error Code:(4)
Message: Build asset version error: assets/scripts/environment/grietareparacion.cs in SourceAssetDB has modification time of '2026-10-03T01:06:19.9680304Z' while content on disk has modification time of '2026-10-03T01:06:47.2125Z'
[Worker0] Imported GUID: 4894376b7702cb947983b5d89189d6bf - Path: Assets/Scripts/Environment/GrietaReparacion.cs - Importer: PreviewImporter -> (ImportResultId: '00000000000000000000000000000000') in 0.0029759 seconds
Queued import returned SourceDataChangedDuringImport, source files will be rescanned
Queued import returned SourceDataChangedDuringImport, source files will be rescanned
[Worker0] Import Error Code:(4)
Message: Build asset version error: assets/scripts/environment/grietareparacion.cs in SourceAssetDB has modification time of '2026-10-03T01:06:19.9680304Z' while content on disk has modification time of '2026-10-03T01:06:47.2125Z'
[Worker0] Imported GUID: 4894376b7702cb947983b5d89189d6bf - Path: Assets/Scripts/Environment/GrietaReparacion.cs - Importer: PreviewImporter -> (ImportResultId: '00000000000000000000000000000000') in 0.0049308 seconds
Queued import returned SourceDataChangedDuringImport, source files will be rescanned
Queued import returned SourceDataChangedDuringImport, source files will be rescanned
[Worker0] Import Error Code:(4)
Message: Build asset version error: assets/scripts/environment/grietareparacion.cs in SourceAssetDB has modification time of '2026-10-03T01:06:19.9680304Z' while content on disk has modification time of '2026-10-03T01:06:47.2125Z'
[Worker0] Imported GUID: 4894376b7702cb947983b5d89189d6bf - Path: Assets/Scripts/Environment/GrietaReparacion.cs - Importer: PreviewImporter -> (ImportResultId: '00000000000000000000000000000000') in 0.0048021 seconds
Queued import returned SourceDataChangedDuringImport, source files will be rescanned
Queued import returned SourceDataChangedDuringImport, source files will be rescanned
[Worker0] Import Error Code:(4)
Message: Build asset version error: assets/scripts/environment/grietareparacion.cs in SourceAssetDB has modification time of '2026-10-03T01:06:19.9680304Z' while content on disk has modification time of '2026-10-03T01:06:47.2125Z'
[Worker0] Imported GUID: 4894376b7702cb947983b5d89189d6bf - Path: Assets/Scripts/Environment/GrietaReparacion.cs - Importer: PreviewImporter -> (ImportResultId: '00000000000000000000000000000000') in 0.0317544 seconds
Queued import returned SourceDataChangedDuringImport, source files will be rescanned
Queued import returned SourceDataChangedDuringImport, source files will be rescanned
[Worker0] Import Error Code:(4)
Message: Build asset version error: assets/scripts/environment/grietareparacion.cs in SourceAssetDB has modification time of '2026-10-03T01:06:19.9680304Z' while content on disk has modification time of '2026-10-03T01:06:47.2125Z'
[Worker0] Imported GUID: 4894376b7702cb947983b5d89189d6bf - Path: Assets/Scripts/Environment/GrietaReparacion.cs - Importer: PreviewImporter -> (ImportResultId: '00000000000000000000000000000000') in 0.0042909 seconds
Queued import returned SourceDataChangedDuringImport, source files will be rescanned
Queued import returned SourceDataChangedDuringImport, source files will be rescanned
[Worker0] Import Error Code:(4)
Message: Build asset version error: assets/scripts/environment/grietareparacion.cs in SourceAssetDB has modification time of '2026-10-03T01:06:19.9680304Z' while content on disk has modification time of '2026-10-03T01:06:47.2125Z'
[Worker0] Imported GUID: 4894376b7702cb947983b5d89189d6bf - Path: Assets/Scripts/Environment/GrietaReparacion.cs - Importer: PreviewImporter -> (ImportResultId: '00000000000000000000000000000000') in 0.0022739 seconds
Queued import returned SourceDataChangedDuringImport, source files will be rescanned
Queued import returned SourceDataChangedDuringImport, source files will be rescanned
[Worker0] Import Error Code:(4)
Message: Build asset version error: assets/scripts/environment/grietareparacion.cs in SourceAssetDB has modification time of '2026-10-03T01:06:19.9680304Z' while content on disk has modification time of '2026-10-03T01:06:47.2125Z'
[Worker0] Imported GUID: 4894376b7702cb947983b5d89189d6bf - Path: Assets/Scripts/Environment/GrietaReparacion.cs - Importer: PreviewImporter -> (ImportResultId: '00000000000000000000000000000000') in 0.0023201 seconds
Queued import returned SourceDataChangedDuringImport, source files will be rescanned
Queued import returned SourceDataChangedDuringImport, source files will be rescanned
[Worker0] Import Error Code:(4)
Message: Build asset version error: assets/scripts/environment/grietareparacion.cs in SourceAssetDB has modification time of '2026-10-03T01:06:19.9680304Z' while content on disk has modification time of '2026-10-03T01:06:47.2125Z'
[Worker0] Imported GUID: 4894376b7702cb947983b5d89189d6bf - Path: Assets/Scripts/Environment/GrietaReparacion.cs - Importer: PreviewImporter -> (ImportResultId: '00000000000000000000000000000000') in 0.0016231 seconds
Queued import returned SourceDataChangedDuringImport, source files will be rescanned
Queued import returned SourceDataChangedDuringImport, source files will be rescanned
[Worker0] Import Error Code:(4)
Message: Build asset version error: assets/scripts/environment/grietareparacion.cs in SourceAssetDB has modification time of '2026-10-03T01:06:19.9680304Z' while content on disk has modification time of '2026-10-03T01:06:47.2125Z'
[Worker0] Imported GUID: 4894376b7702cb947983b5d89189d6bf - Path: Assets/Scripts/Environment/GrietaReparacion.cs - Importer: PreviewImporter -> (ImportResultId: '00000000000000000000000000000000') in 0.0028385 seconds
Queued import returned SourceDataChangedDuringImport, source files will be rescanned
Queued import returned SourceDataChangedDuringImport, source files will be rescanned
[Worker0] Import Error Code:(4)
Message: Build asset version error: assets/scripts/environment/grietareparacion.cs in SourceAssetDB has modification time of '2026-10-03T01:06:19.9680304Z' while content on disk has modification time of '2026-10-03T01:06:47.2125Z'
[Worker0] Imported GUID: 4894376b7702cb947983b5d89189d6bf - Path: Assets/Scripts/Environment/GrietaReparacion.cs - Importer: PreviewImporter -> (ImportResultId: '00000000000000000000000000000000') in 0.0107368 seconds
Queued import returned SourceDataChangedDuringImport, source files will be rescanned
Queued import returned SourceDataChangedDuringImport, source files will be rescanned
[Worker0] Import Error Code:(4)
Message: Build asset version error: assets/scripts/environment/grietareparacion.cs in SourceAssetDB has modification time of '2026-10-03T01:06:19.9680304Z' while content on disk has modification time of '2026-10-03T01:06:47.2125Z'
[Worker0] Imported GUID: 4894376b7702cb947983b5d89189d6bf - Path: Assets/Scripts/Environment/GrietaReparacion.cs - Importer: PreviewImporter -> (ImportResultId: '00000000000000000000000000000000') in 0.0028005 seconds
Queued import returned SourceDataChangedDuringImport, source files will be rescanned
Queued import returned SourceDataChangedDuringImport, source files will be rescanned
[Worker0] Import Error Code:(4)
Message: Build asset version error: assets/scripts/environment/grietareparacion.cs in SourceAssetDB has modification time of '2026-10-03T01:06:19.9680304Z' while content on disk has modification time of '2026-10-03T01:06:47.2125Z'
[Worker0] Imported GUID: 4894376b7702cb947983b5d89189d6bf - Path: Assets/Scripts/Environment/GrietaReparacion.cs - Importer: PreviewImporter -> (ImportResultId: '00000000000000000000000000000000') in 0.0016022 seconds
Queued import returned SourceDataChangedDuringImport, source files will be rescanned
Queued import returned SourceDataChangedDuringImport, source files will be rescanned
[Worker0] Import Error Code:(4)
Message: Build asset version error: assets/scripts/environment/grietareparacion.cs in SourceAssetDB has modification time of '2026-10-03T01:06:19.9680304Z' while content on disk has modification time of '2026-10-03T01:06:47.2125Z'
[Worker0] Imported GUID: 4894376b7702cb947983b5d89189d6bf - Path: Assets/Scripts/Environment/GrietaReparacion.cs - Importer: PreviewImporter -> (ImportResultId: '00000000000000000000000000000000') in 0.0017009 seconds
Queued import returned SourceDataChangedDuringImport, source files will be rescanned
Queued import returned SourceDataChangedDuringImport, source files will be rescanned
[Worker0] Import Error Code:(4)
Message: Build asset version error: assets/scripts/environment/grietareparacion.cs in SourceAssetDB has modification time of '2026-10-03T01:06:19.9680304Z' while content on disk has modification time of '2026-10-03T01:06:47.2125Z'
[Worker0] Imported GUID: 4894376b7702cb947983b5d89189d6bf - Path: Assets/Scripts/Environment/GrietaReparacion.cs - Importer: PreviewImporter -> (ImportResultId: '00000000000000000000000000000000') in 0.0023703 seconds
Queued import returned SourceDataChangedDuringImport, source files will be rescanned
Queued import returned SourceDataChangedDuringImport, source files will be rescanned
[Worker0] Import Error Code:(4)
Message: Build asset version error: assets/scripts/environment/grietareparacion.cs in SourceAssetDB has modification time of '2026-10-03T01:06:19.9680304Z' while content on disk has modification time of '2026-10-03T01:06:47.2125Z'
[Worker0] Imported GUID: 4894376b7702cb947983b5d89189d6bf - Path: Assets/Scripts/Environment/GrietaReparacion.cs - Importer: PreviewImporter -> (ImportResultId: '00000000000000000000000000000000') in 0.0018093 seconds
Queued import returned SourceDataChangedDuringImport, source files will be rescanned
Queued import returned SourceDataChangedDuringImport, source files will be rescanned
[Worker0] Import Error Code:(4)
Message: Build asset version error: assets/scripts/environment/grietareparacion.cs in SourceAssetDB has modification time of '2026-10-03T01:06:19.9680304Z' while content on disk has modification time of '2026-10-03T01:06:47.2125Z'
[Worker0] Imported GUID: 4894376b7702cb947983b5d89189d6bf - Path: Assets/Scripts/Environment/GrietaReparacion.cs - Importer: PreviewImporter -> (ImportResultId: '00000000000000000000000000000000') in 0.0049536 seconds
Queued import returned SourceDataChangedDuringImport, source files will be rescanned
Queued import returned SourceDataChangedDuringImport, source files will be rescanned
[Worker0] Import Error Code:(4)
Message: Build asset version error: assets/scripts/environment/grietareparacion.cs in SourceAssetDB has modification time of '2026-10-03T01:06:19.9680304Z' while content on disk has modification time of '2026-10-03T01:06:47.2125Z'
[Worker0] Imported GUID: 4894376b7702cb947983b5d89189d6bf - Path: Assets/Scripts/Environment/GrietaReparacion.cs - Importer: PreviewImporter -> (ImportResultId: '00000000000000000000000000000000') in 0.0038695 seconds
Queued import returned SourceDataChangedDuringImport, source files will be rescanned
Queued import returned SourceDataChangedDuringImport, source files will be rescanned
[Worker0] Import Error Code:(4)
Message: Build asset version error: assets/scripts/environment/grietareparacion.cs in SourceAssetDB has modification time of '2026-10-03T01:06:19.9680304Z' while content on disk has modification time of '2026-10-03T01:06:47.2125Z'
[Worker0] Imported GUID: 4894376b7702cb947983b5d89189d6bf - Path: Assets/Scripts/Environment/GrietaReparacion.cs - Importer: PreviewImporter -> (ImportResultId: '00000000000000000000000000000000') in 0.0118918 seconds
Queued import returned SourceDataChangedDuringImport, source files will be rescanned
Queued import returned SourceDataChangedDuringImport, source files will be rescanned
[Worker0] Import Error Code:(4)
Message: Build asset version error: assets/scripts/environment/grietareparacion.cs in SourceAssetDB has modification time of '2026-10-03T01:06:19.9680304Z' while content on disk has modification time of '2026-10-03T01:06:47.2125Z'
[Worker0] Imported GUID: 4894376b7702cb947983b5d89189d6bf - Path: Assets/Scripts/Environment/GrietaReparacion.cs - Importer: PreviewImporter -> (ImportResultId: '00000000000000000000000000000000') in 0.0023461 seconds
Queued import returned SourceDataChangedDuringImport, source files will be rescanned
Queued import returned SourceDataChangedDuringImport, source files will be rescanned
[Worker0] Import Error Code:(4)
Message: Build asset version error: assets/scripts/environment/grietareparacion.cs in SourceAssetDB has modification time of '2026-10-03T01:06:19.9680304Z' while content on disk has modification time of '2026-10-03T01:06:47.2125Z'
[Worker0] Imported GUID: 4894376b7702cb947983b5d89189d6bf - Path: Assets/Scripts/Environment/GrietaReparacion.cs - Importer: PreviewImporter -> (ImportResultId: '00000000000000000000000000000000') in 0.0021795 seconds
Queued import returned SourceDataChangedDuringImport, source files will be rescanned
Queued import returned SourceDataChangedDuringImport, source files will be rescanned
[Worker0] Import Error Code:(4)
Message: Build asset version error: assets/scripts/environment/grietareparacion.cs in SourceAssetDB has modification time of '2026-10-03T01:06:19.9680304Z' while content on disk has modification time of '2026-10-03T01:06:47.2125Z'
[Worker0] Imported GUID: 4894376b7702cb947983b5d89189d6bf - Path: Assets/Scripts/Environment/GrietaReparacion.cs - Importer: PreviewImporter -> (ImportResultId: '00000000000000000000000000000000') in 0.0024102 seconds
Queued import returned SourceDataChangedDuringImport, source files will be rescanned
Queued import returned SourceDataChangedDuringImport, source files will be rescanned
[Worker0] Import Error Code:(4)
Message: Build asset version error: assets/scripts/environment/grietareparacion.cs in SourceAssetDB has modification time of '2026-10-03T01:06:19.9680304Z' while content on disk has modification time of '2026-10-03T01:06:47.2125Z'
[Worker0] Imported GUID: 4894376b7702cb947983b5d89189d6bf - Path: Assets/Scripts/Environment/GrietaReparacion.cs - Importer: PreviewImporter -> (ImportResultId: '00000000000000000000000000000000') in 0.0052885 seconds
Queued import returned SourceDataChangedDuringImport, source files will be rescanned
Queued import returned SourceDataChangedDuringImport, source files will be rescanned
[Worker0] Import Error Code:(4)
Message: Build asset version error: assets/scripts/environment/grietareparacion.cs in SourceAssetDB has modification time of '2026-10-03T01:06:19.9680304Z' while content on disk has modification time of '2026-10-03T01:06:47.2125Z'
[Worker0] Imported GUID: 4894376b7702cb947983b5d89189d6bf - Path: Assets/Scripts/Environment/GrietaReparacion.cs - Importer: PreviewImporter -> (ImportResultId: '00000000000000000000000000000000') in 0.0029758 seconds
Queued import returned SourceDataChangedDuringImport, source files will be rescanned
Queued import returned SourceDataChangedDuringImport, source files will be rescanned
[Worker0] Import Error Code:(4)
Message: Build asset version error: assets/scripts/environment/grietareparacion.cs in SourceAssetDB has modification time of '2026-10-03T01:06:19.9680304Z' while content on disk has modification time of '2026-10-03T01:06:47.2125Z'
[Worker0] Imported GUID: 4894376b7702cb947983b5d89189d6bf - Path: Assets/Scripts/Environment/GrietaReparacion.cs - Importer: PreviewImporter -> (ImportResultId: '00000000000000000000000000000000') in 0.0094013 seconds
Queued import returned SourceDataChangedDuringImport, source files will be rescanned
Queued import returned SourceDataChangedDuringImport, source files will be rescanned
[Worker0] Import Error Code:(4)
Message: Build asset version error: assets/scripts/environment/grietareparacion.cs in SourceAssetDB has modification time of '2026-10-03T01:06:19.9680304Z' while content on disk has modification time of '2026-10-03T01:06:47.2125Z'
[Worker0] Imported GUID: 4894376b7702cb947983b5d89189d6bf - Path: Assets/Scripts/Environment/GrietaReparacion.cs - Importer: PreviewImporter -> (ImportResultId: '00000000000000000000000000000000') in 0.0042831 seconds
Queued import returned SourceDataChangedDuringImport, source files will be rescanned
Queued import returned SourceDataChangedDuringImport, source files will be rescanned
[Worker0] Import Error Code:(4)
Message: Build asset version error: assets/scripts/environment/grietareparacion.cs in SourceAssetDB has modification time of '2026-10-03T01:06:19.9680304Z' while content on disk has modification time of '2026-10-03T01:06:47.2125Z'
[Worker0] Imported GUID: 4894376b7702cb947983b5d89189d6bf - Path: Assets/Scripts/Environment/GrietaReparacion.cs - Importer: PreviewImporter -> (ImportResultId: '00000000000000000000000000000000') in 0.0040063 seconds
Queued import returned SourceDataChangedDuringImport, source files will be rescanned
Queued import returned SourceDataChangedDuringImport, source files will be rescanned
[Worker0] Import Error Code:(4)
Message: Build asset version error: assets/scripts/environment/grietareparacion.cs in SourceAssetDB has modification time of '2026-10-03T01:06:19.9680304Z' while content on disk has modification time of '2026-10-03T01:06:47.2125Z'
[Worker0] Imported GUID: 4894376b7702cb947983b5d89189d6bf - Path: Assets/Scripts/Environment/GrietaReparacion.cs - Importer: PreviewImporter -> (ImportResultId: '00000000000000000000000000000000') in 0.002177 seconds
Queued import returned SourceDataChangedDuringImport, source files will be rescanned
Queued import returned SourceDataChangedDuringImport, source files will be rescanned
[Worker0] Import Error Code:(4)
Message: Build asset version error: assets/scripts/environment/grietareparacion.cs in SourceAssetDB has modification time of '2026-10-03T01:06:19.9680304Z' while content on disk has modification time of '2026-10-03T01:06:47.2125Z'
[Worker0] Imported GUID: 4894376b7702cb947983b5d89189d6bf - Path: Assets/Scripts/Environment/GrietaReparacion.cs - Importer: PreviewImporter -> (ImportResultId: '00000000000000000000000000000000') in 0.0018353 seconds
Queued import returned SourceDataChangedDuringImport, source files will be rescanned
Queued import returned SourceDataChangedDuringImport, source files will be rescanned
[Worker0] Import Error Code:(4)
Message: Build asset version error: assets/scripts/environment/grietareparacion.cs in SourceAssetDB has modification time of '2026-10-03T01:06:19.9680304Z' while content on disk has modification time of '2026-10-03T01:06:47.2125Z'
[Worker0] Imported GUID: 4894376b7702cb947983b5d89189d6bf - Path: Assets/Scripts/Environment/GrietaReparacion.cs - Importer: PreviewImporter -> (ImportResultId: '00000000000000000000000000000000') in 0.0016292 seconds
Queued import returned SourceDataChangedDuringImport, source files will be rescanned
Queued import returned SourceDataChangedDuringImport, source files will be rescanned
[Worker0] Import Error Code:(4)
Message: Build asset version error: assets/scripts/environment/grietareparacion.cs in SourceAssetDB has modification time of '2026-10-03T01:06:19.9680304Z' while content on disk has modification time of '2026-10-03T01:06:47.2125Z'
[Worker0] Imported GUID: 4894376b7702cb947983b5d89189d6bf - Path: Assets/Scripts/Environment/GrietaReparacion.cs - Importer: PreviewImporter -> (ImportResultId: '00000000000000000000000000000000') in 0.0025621 seconds
Queued import returned SourceDataChangedDuringImport, source files will be rescanned
Queued import returned SourceDataChangedDuringImport, source files will be rescanned
[Worker0] Import Error Code:(4)
Message: Build asset version error: assets/scripts/environment/grietareparacion.cs in SourceAssetDB has modification time of '2026-10-03T01:06:19.9680304Z' while content on disk has modification time of '2026-10-03T01:06:47.2125Z'
[Worker0] Imported GUID: 4894376b7702cb947983b5d89189d6bf - Path: Assets/Scripts/Environment/GrietaReparacion.cs - Importer: PreviewImporter -> (ImportResultId: '00000000000000000000000000000000') in 0.002238 seconds
Queued import returned SourceDataChangedDuringImport, source files will be rescanned
Queued import returned SourceDataChangedDuringImport, source files will be rescanned
[Worker0] Import Error Code:(4)
Message: Build asset version error: assets/scripts/environment/grietareparacion.cs in SourceAssetDB has modification time of '2026-10-03T01:06:19.9680304Z' while content on disk has modification time of '2026-10-03T01:06:47.2125Z'
[Worker0] Imported GUID: 4894376b7702cb947983b5d89189d6bf - Path: Assets/Scripts/Environment/GrietaReparacion.cs - Importer: PreviewImporter -> (ImportResultId: '00000000000000000000000000000000') in 0.0067796 seconds
Queued import returned SourceDataChangedDuringImport, source files will be rescanned
Queued import returned SourceDataChangedDuringImport, source files will be rescanned
[Worker0] Import Error Code:(4)
Message: Build asset version error: assets/scripts/environment/grietareparacion.cs in SourceAssetDB has modification time of '2026-10-03T01:06:19.9680304Z' while content on disk has modification time of '2026-10-03T01:06:47.2125Z'
[Worker0] Imported GUID: 4894376b7702cb947983b5d89189d6bf - Path: Assets/Scripts/Environment/GrietaReparacion.cs - Importer: PreviewImporter -> (ImportResultId: '00000000000000000000000000000000') in 0.0178058 seconds
Queued import returned SourceDataChangedDuringImport, source files will be rescanned
Queued import returned SourceDataChangedDuringImport, source files will be rescanned
[Worker0] Import Error Code:(4)
Message: Build asset version error: assets/scripts/environment/grietareparacion.cs in SourceAssetDB has modification time of '2026-10-03T01:06:19.9680304Z' while content on disk has modification time of '2026-10-03T01:06:47.2125Z'
[Worker0] Imported GUID: 4894376b7702cb947983b5d89189d6bf - Path: Assets/Scripts/Environment/GrietaReparacion.cs - Importer: PreviewImporter -> (ImportResultId: '00000000000000000000000000000000') in 0.0056442 seconds
Queued import returned SourceDataChangedDuringImport, source files will be rescanned
Queued import returned SourceDataChangedDuringImport, source files will be rescanned
[Worker0] Import Error Code:(4)
Message: Build asset version error: assets/scripts/environment/grietareparacion.cs in SourceAssetDB has modification time of '2026-10-03T01:06:19.9680304Z' while content on disk has modification time of '2026-10-03T01:06:47.2125Z'
[Worker0] Imported GUID: 4894376b7702cb947983b5d89189d6bf - Path: Assets/Scripts/Environment/GrietaReparacion.cs - Importer: PreviewImporter -> (ImportResultId: '00000000000000000000000000000000') in 0.00257 seconds
Queued import returned SourceDataChangedDuringImport, source files will be rescanned
Queued import returned SourceDataChangedDuringImport, source files will be rescanned
[Worker0] Import Error Code:(4)
Message: Build asset version error: assets/scripts/environment/grietareparacion.cs in SourceAssetDB has modification time of '2026-10-03T01:06:19.9680304Z' while content on disk has modification time of '2026-10-03T01:06:47.2125Z'
[Worker0] Imported GUID: 4894376b7702cb947983b5d89189d6bf - Path: Assets/Scripts/Environment/GrietaReparacion.cs - Importer: PreviewImporter -> (ImportResultId: '00000000000000000000000000000000') in 0.0041582 seconds
Queued import returned SourceDataChangedDuringImport, source files will be rescanned
Queued import returned SourceDataChangedDuringImport, source files will be rescanned
[Worker0] Import Error Code:(4)
Message: Build asset version error: assets/scripts/environment/grietareparacion.cs in SourceAssetDB has modification time of '2026-10-03T01:06:19.9680304Z' while content on disk has modification time of '2026-10-03T01:06:47.2125Z'
[Worker0] Imported GUID: 4894376b7702cb947983b5d89189d6bf - Path: Assets/Scripts/Environment/GrietaReparacion.cs - Importer: PreviewImporter -> (ImportResultId: '00000000000000000000000000000000') in 0.0026435 seconds
Queued import returned SourceDataChangedDuringImport, source files will be rescanned
Queued import returned SourceDataChangedDuringImport, source files will be rescanned
[Worker0] Import Error Code:(4)
Message: Build asset version error: assets/scripts/environment/grietareparacion.cs in SourceAssetDB has modification time of '2026-10-03T01:06:19.9680304Z' while content on disk has modification time of '2026-10-03T01:06:47.2125Z'
[Worker0] Imported GUID: 4894376b7702cb947983b5d89189d6bf - Path: Assets/Scripts/Environment/GrietaReparacion.cs - Importer: PreviewImporter -> (ImportResultId: '00000000000000000000000000000000') in 0.002807 seconds
Queued import returned SourceDataChangedDuringImport, source files will be rescanned
Queued import returned SourceDataChangedDuringImport, source files will be rescanned
[Worker0] Import Error Code:(4)
Message: Build asset version error: assets/scripts/environment/grietareparacion.cs in SourceAssetDB has modification time of '2026-10-03T01:06:19.9680304Z' while content on disk has modification time of '2026-10-03T01:06:47.2125Z'
[Worker0] Imported GUID: 4894376b7702cb947983b5d89189d6bf - Path: Assets/Scripts/Environment/GrietaReparacion.cs - Importer: PreviewImporter -> (ImportResultId: '00000000000000000000000000000000') in 0.0025393 seconds
Queued import returned SourceDataChangedDuringImport, source files will be rescanned
Queued import returned SourceDataChangedDuringImport, source files will be rescanned
[Worker0] Import Error Code:(4)
Message: Build asset version error: assets/scripts/environment/grietareparacion.cs in SourceAssetDB has modification time of '2026-10-03T01:06:19.9680304Z' while content on disk has modification time of '2026-10-03T01:06:47.2125Z'
[Worker0] Imported GUID: 4894376b7702cb947983b5d89189d6bf - Path: Assets/Scripts/Environment/GrietaReparacion.cs - Importer: PreviewImporter -> (ImportResultId: '00000000000000000000000000000000') in 0.002399 seconds
Queued import returned SourceDataChangedDuringImport, source files will be rescanned
Queued import returned SourceDataChangedDuringImport, source files will be rescanned
[Worker0] Import Error Code:(4)
Message: Build asset version error: assets/scripts/environment/grietareparacion.cs in SourceAssetDB has modification time of '2026-10-03T01:06:19.9680304Z' while content on disk has modification time of '2026-10-03T01:06:47.2125Z'
[Worker0] Imported GUID: 4894376b7702cb947983b5d89189d6bf - Path: Assets/Scripts/Environment/GrietaReparacion.cs - Importer: PreviewImporter -> (ImportResultId: '00000000000000000000000000000000') in 0.0020453 seconds
Queued import returned SourceDataChangedDuringImport, source files will be rescanned
Queued import returned SourceDataChangedDuringImport, source files will be rescanned
[Worker0] Import Error Code:(4)
Message: Build asset version error: assets/scripts/environment/grietareparacion.cs in SourceAssetDB has modification time of '2026-10-03T01:06:19.9680304Z' while content on disk has modification time of '2026-10-03T01:06:47.2125Z'
[Worker0] Imported GUID: 4894376b7702cb947983b5d89189d6bf - Path: Assets/Scripts/Environment/GrietaReparacion.cs - Importer: PreviewImporter -> (ImportResultId: '00000000000000000000000000000000') in 0.001974 seconds
Queued import returned SourceDataChangedDuringImport, source files will be rescanned
Queued import returned SourceDataChangedDuringImport, source files will be rescanned
[Worker0] Import Error Code:(4)
Message: Build asset version error: assets/scripts/environment/grietareparacion.cs in SourceAssetDB has modification time of '2026-10-03T01:06:19.9680304Z' while content on disk has modification time of '2026-10-03T01:06:47.2125Z'
[Worker0] Imported GUID: 4894376b7702cb947983b5d89189d6bf - Path: Assets/Scripts/Environment/GrietaReparacion.cs - Importer: PreviewImporter -> (ImportResultId: '00000000000000000000000000000000') in 0.0047456 seconds
Queued import returned SourceDataChangedDuringImport, source files will be rescanned
Queued import returned SourceDataChangedDuringImport, source files will be rescanned
[Worker0] Import Error Code:(4)
Message: Build asset version error: assets/scripts/environment/grietareparacion.cs in SourceAssetDB has modification time of '2026-10-03T01:06:19.9680304Z' while content on disk has modification time of '2026-10-03T01:06:47.2125Z'
[Worker0] Imported GUID: 4894376b7702cb947983b5d89189d6bf - Path: Assets/Scripts/Environment/GrietaReparacion.cs - Importer: PreviewImporter -> (ImportResultId: '00000000000000000000000000000000') in 0.0033395 seconds
Queued import returned SourceDataChangedDuringImport, source files will be rescanned
Queued import returned SourceDataChangedDuringImport, source files will be rescanned
[Worker0] Import Error Code:(4)
Message: Build asset version error: assets/scripts/environment/grietareparacion.cs in SourceAssetDB has modification time of '2026-10-03T01:06:19.9680304Z' while content on disk has modification time of '2026-10-03T01:06:47.2125Z'
[Worker0] Imported GUID: 4894376b7702cb947983b5d89189d6bf - Path: Assets/Scripts/Environment/GrietaReparacion.cs - Importer: PreviewImporter -> (ImportResultId: '00000000000000000000000000000000') in 0.0030949 seconds
Queued import returned SourceDataChangedDuringImport, source files will be rescanned
Queued import returned SourceDataChangedDuringImport, source files will be rescanned
[Worker0] Import Error Code:(4)
Message: Build asset version error: assets/scripts/environment/grietareparacion.cs in SourceAssetDB has modification time of '2026-10-03T01:06:19.9680304Z' while content on disk has modification time of '2026-10-03T01:06:47.2125Z'
[Worker0] Imported GUID: 4894376b7702cb947983b5d89189d6bf - Path: Assets/Scripts/Environment/GrietaReparacion.cs - Importer: PreviewImporter -> (ImportResultId: '00000000000000000000000000000000') in 0.0020584 seconds
Queued import returned SourceDataChangedDuringImport, source files will be rescanned
Queued import returned SourceDataChangedDuringImport, source files will be rescanned
[Worker0] Import Error Code:(4)
Message: Build asset version error: assets/scripts/environment/grietareparacion.cs in SourceAssetDB has modification time of '2026-10-03T01:06:19.9680304Z' while content on disk has modification time of '2026-10-03T01:06:47.2125Z'
[Worker0] Imported GUID: 4894376b7702cb947983b5d89189d6bf - Path: Assets/Scripts/Environment/GrietaReparacion.cs - Importer: PreviewImporter -> (ImportResultId: '00000000000000000000000000000000') in 0.0020763 seconds
Queued import returned SourceDataChangedDuringImport, source files will be rescanned
Queued import returned SourceDataChangedDuringImport, source files will be rescanned
[Worker0] Import Error Code:(4)
Message: Build asset version error: assets/scripts/environment/grietareparacion.cs in SourceAssetDB has modification time of '2026-10-03T01:06:19.9680304Z' while content on disk has modification time of '2026-10-03T01:06:47.2125Z'
[Worker0] Imported GUID: 4894376b7702cb947983b5d89189d6bf - Path: Assets/Scripts/Environment/GrietaReparacion.cs - Importer: PreviewImporter -> (ImportResultId: '00000000000000000000000000000000') in 0.0017917 seconds
Queued import returned SourceDataChangedDuringImport, source files will be rescanned
Queued import returned SourceDataChangedDuringImport, source files will be rescanned
[Worker0] Import Error Code:(4)
Message: Build asset version error: assets/scripts/environment/grietareparacion.cs in SourceAssetDB has modification time of '2026-10-03T01:06:19.9680304Z' while content on disk has modification time of '2026-10-03T01:06:47.2125Z'
[Worker0] Imported GUID: 4894376b7702cb947983b5d89189d6bf - Path: Assets/Scripts/Environment/GrietaReparacion.cs - Importer: PreviewImporter -> (ImportResultId: '00000000000000000000000000000000') in 0.0024338 seconds
Queued import returned SourceDataChangedDuringImport, source files will be rescanned
Queued import returned SourceDataChangedDuringImport, source files will be rescanned
[Worker0] Import Error Code:(4)
Message: Build asset version error: assets/scripts/environment/grietareparacion.cs in SourceAssetDB has modification time of '2026-10-03T01:06:19.9680304Z' while content on disk has modification time of '2026-10-03T01:06:47.2125Z'
[Worker0] Imported GUID: 4894376b7702cb947983b5d89189d6bf - Path: Assets/Scripts/Environment/GrietaReparacion.cs - Importer: PreviewImporter -> (ImportResultId: '00000000000000000000000000000000') in 0.0023242 seconds
Queued import returned SourceDataChangedDuringImport, source files will be rescanned
Queued import returned SourceDataChangedDuringImport, source files will be rescanned
[Worker0] Import Error Code:(4)
Message: Build asset version error: assets/scripts/environment/grietareparacion.cs in SourceAssetDB has modification time of '2026-10-03T01:06:19.9680304Z' while content on disk has modification time of '2026-10-03T01:06:47.2125Z'
[Worker0] Imported GUID: 4894376b7702cb947983b5d89189d6bf - Path: Assets/Scripts/Environment/GrietaReparacion.cs - Importer: PreviewImporter -> (ImportResultId: '00000000000000000000000000000000') in 0.0022115 seconds
Queued import returned SourceDataChangedDuringImport, source files will be rescanned
Queued import returned SourceDataChangedDuringImport, source files will be rescanned
[Worker0] Import Error Code:(4)
Message: Build asset version error: assets/scripts/environment/grietareparacion.cs in SourceAssetDB has modification time of '2026-10-03T01:06:19.9680304Z' while content on disk has modification time of '2026-10-03T01:06:47.2125Z'
[Worker0] Imported GUID: 4894376b7702cb947983b5d89189d6bf - Path: Assets/Scripts/Environment/GrietaReparacion.cs - Importer: PreviewImporter -> (ImportResultId: '00000000000000000000000000000000') in 0.0051992 seconds
Queued import returned SourceDataChangedDuringImport, source files will be rescanned
Queued import returned SourceDataChangedDuringImport, source files will be rescanned
[Worker0] Import Error Code:(4)
Message: Build asset version error: assets/scripts/environment/grietareparacion.cs in SourceAssetDB has modification time of '2026-10-03T01:06:19.9680304Z' while content on disk has modification time of '2026-10-03T01:06:47.2125Z'
[Worker0] Imported GUID: 4894376b7702cb947983b5d89189d6bf - Path: Assets/Scripts/Environment/GrietaReparacion.cs - Importer: PreviewImporter -> (ImportResultId: '00000000000000000000000000000000') in 0.0026137 seconds
Queued import returned SourceDataChangedDuringImport, source files will be rescanned
Queued import returned SourceDataChangedDuringImport, source files will be rescanned
[Worker0] Import Error Code:(4)
Message: Build asset version error: assets/scripts/environment/grietareparacion.cs in SourceAssetDB has modification time of '2026-10-03T01:06:19.9680304Z' while content on disk has modification time of '2026-10-03T01:06:47.2125Z'
[Worker0] Imported GUID: 4894376b7702cb947983b5d89189d6bf - Path: Assets/Scripts/Environment/GrietaReparacion.cs - Importer: PreviewImporter -> (ImportResultId: '00000000000000000000000000000000') in 0.0038298 seconds
Queued import returned SourceDataChangedDuringImport, source files will be rescanned
Queued import returned SourceDataChangedDuringImport, source files will be rescanned
[Worker0] Import Error Code:(4)
Message: Build asset version error: assets/scripts/environment/grietareparacion.cs in SourceAssetDB has modification time of '2026-10-03T01:06:19.9680304Z' while content on disk has modification time of '2026-10-03T01:06:47.2125Z'
[Worker0] Imported GUID: 4894376b7702cb947983b5d89189d6bf - Path: Assets/Scripts/Environment/GrietaReparacion.cs - Importer: PreviewImporter -> (ImportResultId: '00000000000000000000000000000000') in 0.0030337 seconds
Queued import returned SourceDataChangedDuringImport, source files will be rescanned
Queued import returned SourceDataChangedDuringImport, source files will be rescanned
[Worker0] Import Error Code:(4)
Message: Build asset version error: assets/scripts/environment/grietareparacion.cs in SourceAssetDB has modification time of '2026-10-03T01:06:19.9680304Z' while content on disk has modification time of '2026-10-03T01:06:47.2125Z'
[Worker0] Imported GUID: 4894376b7702cb947983b5d89189d6bf - Path: Assets/Scripts/Environment/GrietaReparacion.cs - Importer: PreviewImporter -> (ImportResultId: '00000000000000000000000000000000') in 0.0035169 seconds
Queued import returned SourceDataChangedDuringImport, source files will be rescanned
Queued import returned SourceDataChangedDuringImport, source files will be rescanned
[Worker0] Import Error Code:(4)
Message: Build asset version error: assets/scripts/environment/grietareparacion.cs in SourceAssetDB has modification time of '2026-10-03T01:06:19.9680304Z' while content on disk has modification time of '2026-10-03T01:06:47.2125Z'
[Worker0] Imported GUID: 4894376b7702cb947983b5d89189d6bf - Path: Assets/Scripts/Environment/GrietaReparacion.cs - Importer: PreviewImporter -> (ImportResultId: '00000000000000000000000000000000') in 0.0030266 seconds
Queued import returned SourceDataChangedDuringImport, source files will be rescanned
Queued import returned SourceDataChangedDuringImport, source files will be rescanned
[Worker0] Import Error Code:(4)
Message: Build asset version error: assets/scripts/environment/grietareparacion.cs in SourceAssetDB has modification time of '2026-10-03T01:06:19.9680304Z' while content on disk has modification time of '2026-10-03T01:06:47.2125Z'
[Worker0] Imported GUID: 4894376b7702cb947983b5d89189d6bf - Path: Assets/Scripts/Environment/GrietaReparacion.cs - Importer: PreviewImporter -> (ImportResultId: '00000000000000000000000000000000') in 0.0025323 seconds
Queued import returned SourceDataChangedDuringImport, source files will be rescanned
Queued import returned SourceDataChangedDuringImport, source files will be rescanned
[Worker0] Import Error Code:(4)
Message: Build asset version error: assets/scripts/environment/grietareparacion.cs in SourceAssetDB has modification time of '2026-10-03T01:06:19.9680304Z' while content on disk has modification time of '2026-10-03T01:06:47.2125Z'
[Worker0] Imported GUID: 4894376b7702cb947983b5d89189d6bf - Path: Assets/Scripts/Environment/GrietaReparacion.cs - Importer: PreviewImporter -> (ImportResultId: '00000000000000000000000000000000') in 0.0020398 seconds
Queued import returned SourceDataChangedDuringImport, source files will be rescanned
Queued import returned SourceDataChangedDuringImport, source files will be rescanned
[Worker0] Import Error Code:(4)
Message: Build asset version error: assets/scripts/environment/grietareparacion.cs in SourceAssetDB has modification time of '2026-10-03T01:06:19.9680304Z' while content on disk has modification time of '2026-10-03T01:06:47.2125Z'
[Worker0] Imported GUID: 4894376b7702cb947983b5d89189d6bf - Path: Assets/Scripts/Environment/GrietaReparacion.cs - Importer: PreviewImporter -> (ImportResultId: '00000000000000000000000000000000') in 0.0021678 seconds
Queued import returned SourceDataChangedDuringImport, source files will be rescanned
Queued import returned SourceDataChangedDuringImport, source files will be rescanned
[Worker0] Import Error Code:(4)
Message: Build asset version error: assets/scripts/environment/grietareparacion.cs in SourceAssetDB has modification time of '2026-10-03T01:06:19.9680304Z' while content on disk has modification time of '2026-10-03T01:06:47.2125Z'
[Worker0] Imported GUID: 4894376b7702cb947983b5d89189d6bf - Path: Assets/Scripts/Environment/GrietaReparacion.cs - Importer: PreviewImporter -> (ImportResultId: '00000000000000000000000000000000') in 0.0021178 seconds
Queued import returned SourceDataChangedDuringImport, source files will be rescanned
Queued import returned SourceDataChangedDuringImport, source files will be rescanned
[Worker0] Import Error Code:(4)
Message: Build asset version error: assets/scripts/environment/grietareparacion.cs in SourceAssetDB has modification time of '2026-10-03T01:06:19.9680304Z' while content on disk has modification time of '2026-10-03T01:06:47.2125Z'
[Worker0] Imported GUID: 4894376b7702cb947983b5d89189d6bf - Path: Assets/Scripts/Environment/GrietaReparacion.cs - Importer: PreviewImporter -> (ImportResultId: '00000000000000000000000000000000') in 0.002688 seconds
Queued import returned SourceDataChangedDuringImport, source files will be rescanned
Queued import returned SourceDataChangedDuringImport, source files will be rescanned
[Worker0] Import Error Code:(4)
Message: Build asset version error: assets/scripts/environment/grietareparacion.cs in SourceAssetDB has modification time of '2026-10-03T01:06:19.9680304Z' while content on disk has modification time of '2026-10-03T01:06:47.2125Z'
[Worker0] Imported GUID: 4894376b7702cb947983b5d89189d6bf - Path: Assets/Scripts/Environment/GrietaReparacion.cs - Importer: PreviewImporter -> (ImportResultId: '00000000000000000000000000000000') in 0.0024785 seconds
Queued import returned SourceDataChangedDuringImport, source files will be rescanned
Queued import returned SourceDataChangedDuringImport, source files will be rescanned
[Worker0] Import Error Code:(4)
Message: Build asset version error: assets/scripts/environment/grietareparacion.cs in SourceAssetDB has modification time of '2026-10-03T01:06:19.9680304Z' while content on disk has modification time of '2026-10-03T01:06:47.2125Z'
[Worker0] Imported GUID: 4894376b7702cb947983b5d89189d6bf - Path: Assets/Scripts/Environment/GrietaReparacion.cs - Importer: PreviewImporter -> (ImportResultId: '00000000000000000000000000000000') in 0.0108509 seconds
Queued import returned SourceDataChangedDuringImport, source files will be rescanned
Queued import returned SourceDataChangedDuringImport, source files will be rescanned
[Worker0] Import Error Code:(4)
Message: Build asset version error: assets/scripts/environment/grietareparacion.cs in SourceAssetDB has modification time of '2026-10-03T01:06:19.9680304Z' while content on disk has modification time of '2026-10-03T01:06:47.2125Z'
[Worker0] Imported GUID: 4894376b7702cb947983b5d89189d6bf - Path: Assets/Scripts/Environment/GrietaReparacion.cs - Importer: PreviewImporter -> (ImportResultId: '00000000000000000000000000000000') in 0.0098994 seconds
Queued import returned SourceDataChangedDuringImport, source files will be rescanned
Queued import returned SourceDataChangedDuringImport, source files will be rescanned
[Worker0] Import Error Code:(4)
Message: Build asset version error: assets/scripts/environment/grietareparacion.cs in SourceAssetDB has modification time of '2026-10-03T01:06:19.9680304Z' while content on disk has modification time of '2026-10-03T01:06:47.2125Z'
[Worker0] Imported GUID: 4894376b7702cb947983b5d89189d6bf - Path: Assets/Scripts/Environment/GrietaReparacion.cs - Importer: PreviewImporter -> (ImportResultId: '00000000000000000000000000000000') in 0.0037462 seconds
Queued import returned SourceDataChangedDuringImport, source files will be rescanned
[Worker0] Import Error Code:(4)
Message: Build asset version error: assets/scripts/environment/grietareparacion.cs in SourceAssetDB has modification time of '2026-10-03T01:06:19.9680304Z' while content on disk has modification time of '2026-10-03T01:06:47.2125Z'
[Worker0] Imported GUID: 4894376b7702cb947983b5d89189d6bf - Path: Assets/Scripts/Environment/GrietaReparacion.cs - Importer: PreviewImporter -> (ImportResultId: '00000000000000000000000000000000') in 0.0022029 seconds
Queued import returned SourceDataChangedDuringImport, source files will be rescanned
[Worker0] Import Error Code:(4)
Message: Build asset version error: assets/scripts/environment/grietareparacion.cs in SourceAssetDB has modification time of '2026-10-03T01:06:19.9680304Z' while content on disk has modification time of '2026-10-03T01:06:47.2125Z'
[Worker0] Imported GUID: 4894376b7702cb947983b5d89189d6bf - Path: Assets/Scripts/Environment/GrietaReparacion.cs - Importer: PreviewImporter -> (ImportResultId: '00000000000000000000000000000000') in 0.0021419 seconds
Queued import returned SourceDataChangedDuringImport, source files will be rescanned
Queued import returned SourceDataChangedDuringImport, source files will be rescanned
[Worker0] Import Error Code:(4)
Message: Build asset version error: assets/scripts/environment/grietareparacion.cs in SourceAssetDB has modification time of '2026-10-03T01:06:19.9680304Z' while content on disk has modification time of '2026-10-03T01:06:47.2125Z'
[Worker0] Imported GUID: 4894376b7702cb947983b5d89189d6bf - Path: Assets/Scripts/Environment/GrietaReparacion.cs - Importer: PreviewImporter -> (ImportResultId: '00000000000000000000000000000000') in 0.0019873 seconds
Queued import returned SourceDataChangedDuringImport, source files will be rescanned
Queued import returned SourceDataChangedDuringImport, source files will be rescanned
[Worker0] Import Error Code:(4)
Message: Build asset version error: assets/scripts/environment/grietareparacion.cs in SourceAssetDB has modification time of '2026-10-03T01:06:19.9680304Z' while content on disk has modification time of '2026-10-03T01:06:47.2125Z'
[Worker0] Imported GUID: 4894376b7702cb947983b5d89189d6bf - Path: Assets/Scripts/Environment/GrietaReparacion.cs - Importer: PreviewImporter -> (ImportResultId: '00000000000000000000000000000000') in 0.0020214 seconds
Queued import returned SourceDataChangedDuringImport, source files will be rescanned
Queued import returned SourceDataChangedDuringImport, source files will be rescanned
[Worker0] Import Error Code:(4)
Message: Build asset version error: assets/scripts/environment/grietareparacion.cs in SourceAssetDB has modification time of '2026-10-03T01:06:19.9680304Z' while content on disk has modification time of '2026-10-03T01:06:47.2125Z'
[Worker0] Imported GUID: 4894376b7702cb947983b5d89189d6bf - Path: Assets/Scripts/Environment/GrietaReparacion.cs - Importer: PreviewImporter -> (ImportResultId: '00000000000000000000000000000000') in 0.0018122 seconds
Queued import returned SourceDataChangedDuringImport, source files will be rescanned
Queued import returned SourceDataChangedDuringImport, source files will be rescanned
[Worker0] Import Error Code:(4)
Message: Build asset version error: assets/scripts/environment/grietareparacion.cs in SourceAssetDB has modification time of '2026-10-03T01:06:19.9680304Z' while content on disk has modification time of '2026-10-03T01:06:47.2125Z'
[Worker0] Imported GUID: 4894376b7702cb947983b5d89189d6bf - Path: Assets/Scripts/Environment/GrietaReparacion.cs - Importer: PreviewImporter -> (ImportResultId: '00000000000000000000000000000000') in 0.0023532 seconds
Queued import returned SourceDataChangedDuringImport, source files will be rescanned
Queued import returned SourceDataChangedDuringImport, source files will be rescanned
[Worker0] Import Error Code:(4)
Message: Build asset version error: assets/scripts/environment/grietareparacion.cs in SourceAssetDB has modification time of '2026-10-03T01:06:19.9680304Z' while content on disk has modification time of '2026-10-03T01:06:47.2125Z'
[Worker0] Imported GUID: 4894376b7702cb947983b5d89189d6bf - Path: Assets/Scripts/Environment/GrietaReparacion.cs - Importer: PreviewImporter -> (ImportResultId: '00000000000000000000000000000000') in 0.0027238 seconds
Queued import returned SourceDataChangedDuringImport, source files will be rescanned
Queued import returned SourceDataChangedDuringImport, source files will be rescanned
[Worker0] Import Error Code:(4)
Message: Build asset version error: assets/scripts/environment/grietareparacion.cs in SourceAssetDB has modification time of '2026-10-03T01:06:19.9680304Z' while content on disk has modification time of '2026-10-03T01:06:47.2125Z'
[Worker0] Imported GUID: 4894376b7702cb947983b5d89189d6bf - Path: Assets/Scripts/Environment/GrietaReparacion.cs - Importer: PreviewImporter -> (ImportResultId: '00000000000000000000000000000000') in 0.0024673 seconds
Queued import returned SourceDataChangedDuringImport, source files will be rescanned
Queued import returned SourceDataChangedDuringImport, source files will be rescanned
[Worker0] Import Error Code:(4)
Message: Build asset version error: assets/scripts/environment/grietareparacion.cs in SourceAssetDB has modification time of '2026-10-03T01:06:19.9680304Z' while content on disk has modification time of '2026-10-03T01:06:47.2125Z'
[Worker0] Imported GUID: 4894376b7702cb947983b5d89189d6bf - Path: Assets/Scripts/Environment/GrietaReparacion.cs - Importer: PreviewImporter -> (ImportResultId: '00000000000000000000000000000000') in 0.0025112 seconds
Queued import returned SourceDataChangedDuringImport, source files will be rescanned
Queued import returned SourceDataChangedDuringImport, source files will be rescanned
[Worker0] Import Error Code:(4)
Message: Build asset version error: assets/scripts/environment/grietareparacion.cs in SourceAssetDB has modification time of '2026-10-03T01:06:19.9680304Z' while content on disk has modification time of '2026-10-03T01:06:47.2125Z'
[Worker0] Imported GUID: 4894376b7702cb947983b5d89189d6bf - Path: Assets/Scripts/Environment/GrietaReparacion.cs - Importer: PreviewImporter -> (ImportResultId: '00000000000000000000000000000000') in 0.004244 seconds
Queued import returned SourceDataChangedDuringImport, source files will be rescanned
Queued import returned SourceDataChangedDuringImport, source files will be rescanned
[Worker0] Import Error Code:(4)
Message: Build asset version error: assets/scripts/environment/grietareparacion.cs in SourceAssetDB has modification time of '2026-10-03T01:06:19.9680304Z' while content on disk has modification time of '2026-10-03T01:06:47.2125Z'
[Worker0] Imported GUID: 4894376b7702cb947983b5d89189d6bf - Path: Assets/Scripts/Environment/GrietaReparacion.cs - Importer: PreviewImporter -> (ImportResultId: '00000000000000000000000000000000') in 0.0054554 seconds
Queued import returned SourceDataChangedDuringImport, source files will be rescanned
Queued import returned SourceDataChangedDuringImport, source files will be rescanned
[Worker0] Import Error Code:(4)
Message: Build asset version error: assets/scripts/environment/grietareparacion.cs in SourceAssetDB has modification time of '2026-10-03T01:06:19.9680304Z' while content on disk has modification time of '2026-10-03T01:06:47.2125Z'
[Worker0] Imported GUID: 4894376b7702cb947983b5d89189d6bf - Path: Assets/Scripts/Environment/GrietaReparacion.cs - Importer: PreviewImporter -> (ImportResultId: '00000000000000000000000000000000') in 0.0105227 seconds
Queued import returned SourceDataChangedDuringImport, source files will be rescanned
Queued import returned SourceDataChangedDuringImport, source files will be rescanned
[Worker0] Import Error Code:(4)
Message: Build asset version error: assets/scripts/environment/grietareparacion.cs in SourceAssetDB has modification time of '2026-10-03T01:06:19.9680304Z' while content on disk has modification time of '2026-10-03T01:06:47.2125Z'
[Worker0] Imported GUID: 4894376b7702cb947983b5d89189d6bf - Path: Assets/Scripts/Environment/GrietaReparacion.cs - Importer: PreviewImporter -> (ImportResultId: '00000000000000000000000000000000') in 0.0069763 seconds
Queued import returned SourceDataChangedDuringImport, source files will be rescanned
Queued import returned SourceDataChangedDuringImport, source files will be rescanned
[Worker0] Import Error Code:(4)
Message: Build asset version error: assets/scripts/environment/grietareparacion.cs in SourceAssetDB has modification time of '2026-10-03T01:06:19.9680304Z' while content on disk has modification time of '2026-10-03T01:06:47.2125Z'
[Worker0] Imported GUID: 4894376b7702cb947983b5d89189d6bf - Path: Assets/Scripts/Environment/GrietaReparacion.cs - Importer: PreviewImporter -> (ImportResultId: '00000000000000000000000000000000') in 0.0022254 seconds
Queued import returned SourceDataChangedDuringImport, source files will be rescanned
Queued import returned SourceDataChangedDuringImport, source files will be rescanned
[Worker0] Import Error Code:(4)
Message: Build asset version error: assets/scripts/environment/grietareparacion.cs in SourceAssetDB has modification time of '2026-10-03T01:06:19.9680304Z' while content on disk has modification time of '2026-10-03T01:06:47.2125Z'
[Worker0] Imported GUID: 4894376b7702cb947983b5d89189d6bf - Path: Assets/Scripts/Environment/GrietaReparacion.cs - Importer: PreviewImporter -> (ImportResultId: '00000000000000000000000000000000') in 0.0022364 seconds
Queued import returned SourceDataChangedDuringImport, source files will be rescanned
Queued import returned SourceDataChangedDuringImport, source files will be rescanned
[Worker0] Import Error Code:(4)
Message: Build asset version error: assets/scripts/environment/grietareparacion.cs in SourceAssetDB has modification time of '2026-10-03T01:06:19.9680304Z' while content on disk has modification time of '2026-10-03T01:06:47.2125Z'
[Worker0] Imported GUID: 4894376b7702cb947983b5d89189d6bf - Path: Assets/Scripts/Environment/GrietaReparacion.cs - Importer: PreviewImporter -> (ImportResultId: '00000000000000000000000000000000') in 0.0021014 seconds
Queued import returned SourceDataChangedDuringImport, source files will be rescanned
Queued import returned SourceDataChangedDuringImport, source files will be rescanned
[Worker0] Import Error Code:(4)
Message: Build asset version error: assets/scripts/environment/grietareparacion.cs in SourceAssetDB has modification time of '2026-10-03T01:06:19.9680304Z' while content on disk has modification time of '2026-10-03T01:06:47.2125Z'
[Worker0] Imported GUID: 4894376b7702cb947983b5d89189d6bf - Path: Assets/Scripts/Environment/GrietaReparacion.cs - Importer: PreviewImporter -> (ImportResultId: '00000000000000000000000000000000') in 0.0029527 seconds
Queued import returned SourceDataChangedDuringImport, source files will be rescanned
Queued import returned SourceDataChangedDuringImport, source files will be rescanned
[Worker0] Import Error Code:(4)
Message: Build asset version error: assets/scripts/environment/grietareparacion.cs in SourceAssetDB has modification time of '2026-10-03T01:06:19.9680304Z' while content on disk has modification time of '2026-10-03T01:06:47.2125Z'
[Worker0] Imported GUID: 4894376b7702cb947983b5d89189d6bf - Path: Assets/Scripts/Environment/GrietaReparacion.cs - Importer: PreviewImporter -> (ImportResultId: '00000000000000000000000000000000') in 0.0026101 seconds
Queued import returned SourceDataChangedDuringImport, source files will be rescanned
Queued import returned SourceDataChangedDuringImport, source files will be rescanned
[Worker0] Import Error Code:(4)
Message: Build asset version error: assets/scripts/environment/grietareparacion.cs in SourceAssetDB has modification time of '2026-10-03T01:06:19.9680304Z' while content on disk has modification time of '2026-10-03T01:06:47.2125Z'
[Worker0] Imported GUID: 4894376b7702cb947983b5d89189d6bf - Path: Assets/Scripts/Environment/GrietaReparacion.cs - Importer: PreviewImporter -> (ImportResultId: '00000000000000000000000000000000') in 0.0023163 seconds
Queued import returned SourceDataChangedDuringImport, source files will be rescanned
Queued import returned SourceDataChangedDuringImport, source files will be rescanned
[Worker0] Import Error Code:(4)
Message: Build asset version error: assets/scripts/environment/grietareparacion.cs in SourceAssetDB has modification time of '2026-10-03T01:06:19.9680304Z' while content on disk has modification time of '2026-10-03T01:06:47.2125Z'
[Worker0] Imported GUID: 4894376b7702cb947983b5d89189d6bf - Path: Assets/Scripts/Environment/GrietaReparacion.cs - Importer: PreviewImporter -> (ImportResultId: '00000000000000000000000000000000') in 0.0032854 seconds
Queued import returned SourceDataChangedDuringImport, source files will be rescanned
Queued import returned SourceDataChangedDuringImport, source files will be rescanned
[Worker0] Import Error Code:(4)
Message: Build asset version error: assets/scripts/environment/grietareparacion.cs in SourceAssetDB has modification time of '2026-10-03T01:06:19.9680304Z' while content on disk has modification time of '2026-10-03T01:06:47.2125Z'
[Worker0] Imported GUID: 4894376b7702cb947983b5d89189d6bf - Path: Assets/Scripts/Environment/GrietaReparacion.cs - Importer: PreviewImporter -> (ImportResultId: '00000000000000000000000000000000') in 0.0025453 seconds
Queued import returned SourceDataChangedDuringImport, source files will be rescanned
Queued import returned SourceDataChangedDuringImport, source files will be rescanned
[Worker0] Import Error Code:(4)
Message: Build asset version error: assets/scripts/environment/grietareparacion.cs in SourceAssetDB has modification time of '2026-10-03T01:06:19.9680304Z' while content on disk has modification time of '2026-10-03T01:06:47.2125Z'
[Worker0] Imported GUID: 4894376b7702cb947983b5d89189d6bf - Path: Assets/Scripts/Environment/GrietaReparacion.cs - Importer: PreviewImporter -> (ImportResultId: '00000000000000000000000000000000') in 0.0081786 seconds
Queued import returned SourceDataChangedDuringImport, source files will be rescanned
Queued import returned SourceDataChangedDuringImport, source files will be rescanned
[Worker0] Import Error Code:(4)
Message: Build asset version error: assets/scripts/environment/grietareparacion.cs in SourceAssetDB has modification time of '2026-10-03T01:06:19.9680304Z' while content on disk has modification time of '2026-10-03T01:06:47.2125Z'
[Worker0] Import Error Code:(4)
Message: Build asset version error: assets/scripts/environment/grietareparacion.cs in SourceAssetDB has modification time of '2026-10-03T01:06:19.9680304Z' while content on disk has modification time of '2026-10-03T01:06:47.2125Z'
[Worker0] Imported GUID: 4894376b7702cb947983b5d89189d6bf - Path: Assets/Scripts/Environment/GrietaReparacion.cs - Importer: PreviewImporter -> (ImportResultId: '00000000000000000000000000000000') in 0.043886 seconds
Queued import returned SourceDataChangedDuringImport, source files will be rescanned
Queued import returned SourceDataChangedDuringImport, source files will be rescanned
[Worker0] Imported GUID: 4894376b7702cb947983b5d89189d6bf - Path: Assets/Scripts/Environment/GrietaReparacion.cs - Importer: PreviewImporter -> (ImportResultId: '00000000000000000000000000000000') in 0.0328772 seconds
Queued import returned SourceDataChangedDuringImport, source files will be rescanned
Queued import returned SourceDataChangedDuringImport, source files will be rescanned
Queued import returned SourceDataChangedDuringImport, source files will be rescanned
Queued import returned SourceDataChangedDuringImport, source files will be rescanned
[Worker0] Import Error Code:(4)
Message: Build asset version error: assets/scripts/environment/grietareparacion.cs in SourceAssetDB has modification time of '2026-10-03T01:06:19.9680304Z' while content on disk has modification time of '2026-10-03T01:06:47.2125Z'
[Worker0] Imported GUID: 4894376b7702cb947983b5d89189d6bf - Path: Assets/Scripts/Environment/GrietaReparacion.cs - Importer: PreviewImporter -> (ImportResultId: '00000000000000000000000000000000') in 0.0044427 seconds
Queued import returned SourceDataChangedDuringImport, source files will be rescanned
Queued import returned SourceDataChangedDuringImport, source files will be rescanned
[Worker0] Import Error Code:(4)
Message: Build asset version error: assets/scripts/environment/grietareparacion.cs in SourceAssetDB has modification time of '2026-10-03T01:06:19.9680304Z' while content on disk has modification time of '2026-10-03T01:06:47.2125Z'
[Worker0] Imported GUID: 4894376b7702cb947983b5d89189d6bf - Path: Assets/Scripts/Environment/GrietaReparacion.cs - Importer: PreviewImporter -> (ImportResultId: '00000000000000000000000000000000') in 0.0021543 seconds
Queued import returned SourceDataChangedDuringImport, source files will be rescanned
Queued import returned SourceDataChangedDuringImport, source files will be rescanned
[Worker0] Import Error Code:(4)
Message: Build asset version error: assets/scripts/environment/grietareparacion.cs in SourceAssetDB has modification time of '2026-10-03T01:06:19.9680304Z' while content on disk has modification time of '2026-10-03T01:06:47.2125Z'
[Worker0] Imported GUID: 4894376b7702cb947983b5d89189d6bf - Path: Assets/Scripts/Environment/GrietaReparacion.cs - Importer: PreviewImporter -> (ImportResultId: '00000000000000000000000000000000') in 0.0020228 seconds
Queued import returned SourceDataChangedDuringImport, source files will be rescanned
Queued import returned SourceDataChangedDuringImport, source files will be rescanned
[Worker0] Import Error Code:(4)
Message: Build asset version error: assets/scripts/environment/grietareparacion.cs in SourceAssetDB has modification time of '2026-10-03T01:06:19.9680304Z' while content on disk has modification time of '2026-10-03T01:06:47.2125Z'
[Worker0] Imported GUID: 4894376b7702cb947983b5d89189d6bf - Path: Assets/Scripts/Environment/GrietaReparacion.cs - Importer: PreviewImporter -> (ImportResultId: '00000000000000000000000000000000') in 0.0023629 seconds
Queued import returned SourceDataChangedDuringImport, source files will be rescanned
Queued import returned SourceDataChangedDuringImport, source files will be rescanned
[Worker0] Import Error Code:(4)
Message: Build asset version error: assets/scripts/environment/grietareparacion.cs in SourceAssetDB has modification time of '2026-10-03T01:06:19.9680304Z' while content on disk has modification time of '2026-10-03T01:06:47.2125Z'
[Worker0] Imported GUID: 4894376b7702cb947983b5d89189d6bf - Path: Assets/Scripts/Environment/GrietaReparacion.cs - Importer: PreviewImporter -> (ImportResultId: '00000000000000000000000000000000') in 0.0018119 seconds
Queued import returned SourceDataChangedDuringImport, source files will be rescanned
Queued import returned SourceDataChangedDuringImport, source files will be rescanned
[Worker0] Import Error Code:(4)
Message: Build asset version error: assets/scripts/environment/grietareparacion.cs in SourceAssetDB has modification time of '2026-10-03T01:06:19.9680304Z' while content on disk has modification time of '2026-10-03T01:06:47.2125Z'
[Worker0] Imported GUID: 4894376b7702cb947983b5d89189d6bf - Path: Assets/Scripts/Environment/GrietaReparacion.cs - Importer: PreviewImporter -> (ImportResultId: '00000000000000000000000000000000') in 0.0017927 seconds
Queued import returned SourceDataChangedDuringImport, source files will be rescanned
Queued import returned SourceDataChangedDuringImport, source files will be rescanned
[Worker0] Import Error Code:(4)
Message: Build asset version error: assets/scripts/environment/grietareparacion.cs in SourceAssetDB has modification time of '2026-10-03T01:06:19.9680304Z' while content on disk has modification time of '2026-10-03T01:06:47.2125Z'
[Worker0] Imported GUID: 4894376b7702cb947983b5d89189d6bf - Path: Assets/Scripts/Environment/GrietaReparacion.cs - Importer: PreviewImporter -> (ImportResultId: '00000000000000000000000000000000') in 0.0020074 seconds
Queued import returned SourceDataChangedDuringImport, source files will be rescanned
Queued import returned SourceDataChangedDuringImport, source files will be rescanned
[Worker0] Import Error Code:(4)
Message: Build asset version error: assets/scripts/environment/grietareparacion.cs in SourceAssetDB has modification time of '2026-10-03T01:06:19.9680304Z' while content on disk has modification time of '2026-10-03T01:06:47.2125Z'
[Worker0] Imported GUID: 4894376b7702cb947983b5d89189d6bf - Path: Assets/Scripts/Environment/GrietaReparacion.cs - Importer: PreviewImporter -> (ImportResultId: '00000000000000000000000000000000') in 0.0016271 seconds
Queued import returned SourceDataChangedDuringImport, source files will be rescanned
Queued import returned SourceDataChangedDuringImport, source files will be rescanned
[Worker0] Import Error Code:(4)
Message: Build asset version error: assets/scripts/environment/grietareparacion.cs in SourceAssetDB has modification time of '2026-10-03T01:06:19.9680304Z' while content on disk has modification time of '2026-10-03T01:06:47.2125Z'
[Worker0] Imported GUID: 4894376b7702cb947983b5d89189d6bf - Path: Assets/Scripts/Environment/GrietaReparacion.cs - Importer: PreviewImporter -> (ImportResultId: '00000000000000000000000000000000') in 0.0021955 seconds
Queued import returned SourceDataChangedDuringImport, source files will be rescanned
Queued import returned SourceDataChangedDuringImport, source files will be rescanned
[Worker0] Import Error Code:(4)
Message: Build asset version error: assets/scripts/environment/grietareparacion.cs in SourceAssetDB has modification time of '2026-10-03T01:06:19.9680304Z' while content on disk has modification time of '2026-10-03T01:06:47.2125Z'
[Worker0] Imported GUID: 4894376b7702cb947983b5d89189d6bf - Path: Assets/Scripts/Environment/GrietaReparacion.cs - Importer: PreviewImporter -> (ImportResultId: '00000000000000000000000000000000') in 0.0022965 seconds
Queued import returned SourceDataChangedDuringImport, source files will be rescanned
Queued import returned SourceDataChangedDuringImport, source files will be rescanned
[Worker0] Import Error Code:(4)
Message: Build asset version error: assets/scripts/environment/grietareparacion.cs in SourceAssetDB has modification time of '2026-10-03T01:06:19.9680304Z' while content on disk has modification time of '2026-10-03T01:06:47.2125Z'
[Worker0] Imported GUID: 4894376b7702cb947983b5d89189d6bf - Path: Assets/Scripts/Environment/GrietaReparacion.cs - Importer: PreviewImporter -> (ImportResultId: '00000000000000000000000000000000') in 0.0078192 seconds
Queued import returned SourceDataChangedDuringImport, source files will be rescanned
Queued import returned SourceDataChangedDuringImport, source files will be rescanned
[Worker0] Import Error Code:(4)
Message: Build asset version error: assets/scripts/environment/grietareparacion.cs in SourceAssetDB has modification time of '2026-10-03T01:06:19.9680304Z' while content on disk has modification time of '2026-10-03T01:06:47.2125Z'
[Worker0] Imported GUID: 4894376b7702cb947983b5d89189d6bf - Path: Assets/Scripts/Environment/GrietaReparacion.cs - Importer: PreviewImporter -> (ImportResultId: '00000000000000000000000000000000') in 0.0038325 seconds
Queued import returned SourceDataChangedDuringImport, source files will be rescanned
Queued import returned SourceDataChangedDuringImport, source files will be rescanned
[Worker0] Import Error Code:(4)
Message: Build asset version error: assets/scripts/environment/grietareparacion.cs in SourceAssetDB has modification time of '2026-10-03T01:06:19.9680304Z' while content on disk has modification time of '2026-10-03T01:06:47.2125Z'
[Worker0] Imported GUID: 4894376b7702cb947983b5d89189d6bf - Path: Assets/Scripts/Environment/GrietaReparacion.cs - Importer: PreviewImporter -> (ImportResultId: '00000000000000000000000000000000') in 0.0049162 seconds
Queued import returned SourceDataChangedDuringImport, source files will be rescanned
Queued import returned SourceDataChangedDuringImport, source files will be rescanned
[Worker0] Import Error Code:(4)
Message: Build asset version error: assets/scripts/environment/grietareparacion.cs in SourceAssetDB has modification time of '2026-10-03T01:06:19.9680304Z' while content on disk has modification time of '2026-10-03T01:06:47.2125Z'
[Worker0] Imported GUID: 4894376b7702cb947983b5d89189d6bf - Path: Assets/Scripts/Environment/GrietaReparacion.cs - Importer: PreviewImporter -> (ImportResultId: '00000000000000000000000000000000') in 0.0017039 seconds
Queued import returned SourceDataChangedDuringImport, source files will be rescanned
Queued import returned SourceDataChangedDuringImport, source files will be rescanned
[Worker0] Import Error Code:(4)
Message: Build asset version error: assets/scripts/environment/grietareparacion.cs in SourceAssetDB has modification time of '2026-10-03T01:06:19.9680304Z' while content on disk has modification time of '2026-10-03T01:06:47.2125Z'
[Worker0] Imported GUID: 4894376b7702cb947983b5d89189d6bf - Path: Assets/Scripts/Environment/GrietaReparacion.cs - Importer: PreviewImporter -> (ImportResultId: '00000000000000000000000000000000') in 0.0022288 seconds
Queued import returned SourceDataChangedDuringImport, source files will be rescanned
Queued import returned SourceDataChangedDuringImport, source files will be rescanned
[Worker0] Import Error Code:(4)
Message: Build asset version error: assets/scripts/environment/grietareparacion.cs in SourceAssetDB has modification time of '2026-10-03T01:06:19.9680304Z' while content on disk has modification time of '2026-10-03T01:06:47.2125Z'
[Worker0] Imported GUID: 4894376b7702cb947983b5d89189d6bf - Path: Assets/Scripts/Environment/GrietaReparacion.cs - Importer: PreviewImporter -> (ImportResultId: '00000000000000000000000000000000') in 0.0029633 seconds
Queued import returned SourceDataChangedDuringImport, source files will be rescanned
Queued import returned SourceDataChangedDuringImport, source files will be rescanned
[Worker0] Import Error Code:(4)
Message: Build asset version error: assets/scripts/environment/grietareparacion.cs in SourceAssetDB has modification time of '2026-10-03T01:06:19.9680304Z' while content on disk has modification time of '2026-10-03T01:06:47.2125Z'
[Worker0] Imported GUID: 4894376b7702cb947983b5d89189d6bf - Path: Assets/Scripts/Environment/GrietaReparacion.cs - Importer: PreviewImporter -> (ImportResultId: '00000000000000000000000000000000') in 0.0022953 seconds
Queued import returned SourceDataChangedDuringImport, source files will be rescanned
Queued import returned SourceDataChangedDuringImport, source files will be rescanned
[Worker0] Import Error Code:(4)
Message: Build asset version error: assets/scripts/environment/grietareparacion.cs in SourceAssetDB has modification time of '2026-10-03T01:06:19.9680304Z' while content on disk has modification time of '2026-10-03T01:06:47.2125Z'
[Worker0] Imported GUID: 4894376b7702cb947983b5d89189d6bf - Path: Assets/Scripts/Environment/GrietaReparacion.cs - Importer: PreviewImporter -> (ImportResultId: '00000000000000000000000000000000') in 0.0022731 seconds
Queued import returned SourceDataChangedDuringImport, source files will be rescanned
Queued import returned SourceDataChangedDuringImport, source files will be rescanned
[Worker0] Import Error Code:(4)
Message: Build asset version error: assets/scripts/environment/grietareparacion.cs in SourceAssetDB has modification time of '2026-10-03T01:06:19.9680304Z' while content on disk has modification time of '2026-10-03T01:06:47.2125Z'
[Worker0] Imported GUID: 4894376b7702cb947983b5d89189d6bf - Path: Assets/Scripts/Environment/GrietaReparacion.cs - Importer: PreviewImporter -> (ImportResultId: '00000000000000000000000000000000') in 0.0021916 seconds
Queued import returned SourceDataChangedDuringImport, source files will be rescanned
Queued import returned SourceDataChangedDuringImport, source files will be rescanned
[Worker0] Import Error Code:(4)
Message: Build asset version error: assets/scripts/environment/grietareparacion.cs in SourceAssetDB has modification time of '2026-10-03T01:06:19.9680304Z' while content on disk has modification time of '2026-10-03T01:06:47.2125Z'
[Worker0] Imported GUID: 4894376b7702cb947983b5d89189d6bf - Path: Assets/Scripts/Environment/GrietaReparacion.cs - Importer: PreviewImporter -> (ImportResultId: '00000000000000000000000000000000') in 0.0017727 seconds
Queued import returned SourceDataChangedDuringImport, source files will be rescanned
Queued import returned SourceDataChangedDuringImport, source files will be rescanned
[Worker0] Import Error Code:(4)
Message: Build asset version error: assets/scripts/environment/grietareparacion.cs in SourceAssetDB has modification time of '2026-10-03T01:06:19.9680304Z' while content on disk has modification time of '2026-10-03T01:06:47.2125Z'
[Worker0] Imported GUID: 4894376b7702cb947983b5d89189d6bf - Path: Assets/Scripts/Environment/GrietaReparacion.cs - Importer: PreviewImporter -> (ImportResultId: '00000000000000000000000000000000') in 0.0024776 seconds
Queued import returned SourceDataChangedDuringImport, source files will be rescanned
Queued import returned SourceDataChangedDuringImport, source files will be rescanned
[Worker0] Import Error Code:(4)
Message: Build asset version error: assets/scripts/environment/grietareparacion.cs in SourceAssetDB has modification time of '2026-10-03T01:06:19.9680304Z' while content on disk has modification time of '2026-10-03T01:06:47.2125Z'
[Worker0] Imported GUID: 4894376b7702cb947983b5d89189d6bf - Path: Assets/Scripts/Environment/GrietaReparacion.cs - Importer: PreviewImporter -> (ImportResultId: '00000000000000000000000000000000') in 0.0030269 seconds
Queued import returned SourceDataChangedDuringImport, source files will be rescanned
Queued import returned SourceDataChangedDuringImport, source files will be rescanned
[Worker0] Import Error Code:(4)
Message: Build asset version error: assets/scripts/environment/grietareparacion.cs in SourceAssetDB has modification time of '2026-10-03T01:06:19.9680304Z' while content on disk has modification time of '2026-10-03T01:06:47.2125Z'
[Worker0] Imported GUID: 4894376b7702cb947983b5d89189d6bf - Path: Assets/Scripts/Environment/GrietaReparacion.cs - Importer: PreviewImporter -> (ImportResultId: '00000000000000000000000000000000') in 0.003377 seconds
Queued import returned SourceDataChangedDuringImport, source files will be rescanned
Queued import returned SourceDataChangedDuringImport, source files will be rescanned
[Worker0] Import Error Code:(4)
Message: Build asset version error: assets/scripts/environment/grietareparacion.cs in SourceAssetDB has modification time of '2026-10-03T01:06:19.9680304Z' while content on disk has modification time of '2026-10-03T01:06:47.2125Z'
[Worker0] Imported GUID: 4894376b7702cb947983b5d89189d6bf - Path: Assets/Scripts/Environment/GrietaReparacion.cs - Importer: PreviewImporter -> (ImportResultId: '00000000000000000000000000000000') in 0.003607 seconds
Queued import returned SourceDataChangedDuringImport, source files will be rescanned
Queued import returned SourceDataChangedDuringImport, source files will be rescanned
[Worker0] Import Error Code:(4)
Message: Build asset version error: assets/scripts/environment/grietareparacion.cs in SourceAssetDB has modification time of '2026-10-03T01:06:19.9680304Z' while content on disk has modification time of '2026-10-03T01:06:47.2125Z'
[Worker0] Imported GUID: 4894376b7702cb947983b5d89189d6bf - Path: Assets/Scripts/Environment/GrietaReparacion.cs - Importer: PreviewImporter -> (ImportResultId: '00000000000000000000000000000000') in 0.0042417 seconds
Queued import returned SourceDataChangedDuringImport, source files will be rescanned
Queued import returned SourceDataChangedDuringImport, source files will be rescanned
[Worker0] Import Error Code:(4)
Message: Build asset version error: assets/scripts/environment/grietareparacion.cs in SourceAssetDB has modification time of '2026-10-03T01:06:19.9680304Z' while content on disk has modification time of '2026-10-03T01:06:47.2125Z'
[Worker0] Imported GUID: 4894376b7702cb947983b5d89189d6bf - Path: Assets/Scripts/Environment/GrietaReparacion.cs - Importer: PreviewImporter -> (ImportResultId: '00000000000000000000000000000000') in 0.0048911 seconds
Queued import returned SourceDataChangedDuringImport, source files will be rescanned
Queued import returned SourceDataChangedDuringImport, source files will be rescanned
[Worker0] Import Error Code:(4)
Message: Build asset version error: assets/scripts/environment/grietareparacion.cs in SourceAssetDB has modification time of '2026-10-03T01:06:19.9680304Z' while content on disk has modification time of '2026-10-03T01:06:47.2125Z'
[Worker0] Imported GUID: 4894376b7702cb947983b5d89189d6bf - Path: Assets/Scripts/Environment/GrietaReparacion.cs - Importer: PreviewImporter -> (ImportResultId: '00000000000000000000000000000000') in 0.0035956 seconds
Queued import returned SourceDataChangedDuringImport, source files will be rescanned
Queued import returned SourceDataChangedDuringImport, source files will be rescanned
[Worker0] Import Error Code:(4)
Message: Build asset version error: assets/scripts/environment/grietareparacion.cs in SourceAssetDB has modification time of '2026-10-03T01:06:19.9680304Z' while content on disk has modification time of '2026-10-03T01:06:47.2125Z'
[Worker0] Imported GUID: 4894376b7702cb947983b5d89189d6bf - Path: Assets/Scripts/Environment/GrietaReparacion.cs - Importer: PreviewImporter -> (ImportResultId: '00000000000000000000000000000000') in 0.0045171 seconds
Queued import returned SourceDataChangedDuringImport, source files will be rescanned
Queued import returned SourceDataChangedDuringImport, source files will be rescanned
[Worker0] Import Error Code:(4)
Message: Build asset version error: assets/scripts/environment/grietareparacion.cs in SourceAssetDB has modification time of '2026-10-03T01:06:19.9680304Z' while content on disk has modification time of '2026-10-03T01:06:47.2125Z'
[Worker0] Imported GUID: 4894376b7702cb947983b5d89189d6bf - Path: Assets/Scripts/Environment/GrietaReparacion.cs - Importer: PreviewImporter -> (ImportResultId: '00000000000000000000000000000000') in 0.0020291 seconds
Queued import returned SourceDataChangedDuringImport, source files will be rescanned
Queued import returned SourceDataChangedDuringImport, source files will be rescanned
[Worker0] Import Error Code:(4)
Message: Build asset version error: assets/scripts/environment/grietareparacion.cs in SourceAssetDB has modification time of '2026-10-03T01:06:19.9680304Z' while content on disk has modification time of '2026-10-03T01:06:47.2125Z'
[Worker0] Imported GUID: 4894376b7702cb947983b5d89189d6bf - Path: Assets/Scripts/Environment/GrietaReparacion.cs - Importer: PreviewImporter -> (ImportResultId: '00000000000000000000000000000000') in 0.0017584 seconds
Queued import returned SourceDataChangedDuringImport, source files will be rescanned
Queued import returned SourceDataChangedDuringImport, source files will be rescanned
[Worker0] Import Error Code:(4)
Message: Build asset version error: assets/scripts/environment/grietareparacion.cs in SourceAssetDB has modification time of '2026-10-03T01:06:19.9680304Z' while content on disk has modification time of '2026-10-03T01:06:47.2125Z'
[Worker0] Imported GUID: 4894376b7702cb947983b5d89189d6bf - Path: Assets/Scripts/Environment/GrietaReparacion.cs - Importer: PreviewImporter -> (ImportResultId: '00000000000000000000000000000000') in 0.0022284 seconds
Queued import returned SourceDataChangedDuringImport, source files will be rescanned
Queued import returned SourceDataChangedDuringImport, source files will be rescanned
[Worker0] Import Error Code:(4)
Message: Build asset version error: assets/scripts/environment/grietareparacion.cs in SourceAssetDB has modification time of '2026-10-03T01:06:19.9680304Z' while content on disk has modification time of '2026-10-03T01:06:47.2125Z'
[Worker0] Imported GUID: 4894376b7702cb947983b5d89189d6bf - Path: Assets/Scripts/Environment/GrietaReparacion.cs - Importer: PreviewImporter -> (ImportResultId: '00000000000000000000000000000000') in 0.003456 seconds
Queued import returned SourceDataChangedDuringImport, source files will be rescanned
Queued import returned SourceDataChangedDuringImport, source files will be rescanned
[Worker0] Import Error Code:(4)
Message: Build asset version error: assets/scripts/environment/grietareparacion.cs in SourceAssetDB has modification time of '2026-10-03T01:06:19.9680304Z' while content on disk has modification time of '2026-10-03T01:06:47.2125Z'
[Worker0] Imported GUID: 4894376b7702cb947983b5d89189d6bf - Path: Assets/Scripts/Environment/GrietaReparacion.cs - Importer: PreviewImporter -> (ImportResultId: '00000000000000000000000000000000') in 0.0037244 seconds
Queued import returned SourceDataChangedDuringImport, source files will be rescanned
Queued import returned SourceDataChangedDuringImport, source files will be rescanned
[Worker0] Import Error Code:(4)
Message: Build asset version error: assets/scripts/environment/grietareparacion.cs in SourceAssetDB has modification time of '2026-10-03T01:06:19.9680304Z' while content on disk has modification time of '2026-10-03T01:06:47.2125Z'
[Worker0] Imported GUID: 4894376b7702cb947983b5d89189d6bf - Path: Assets/Scripts/Environment/GrietaReparacion.cs - Importer: PreviewImporter -> (ImportResultId: '00000000000000000000000000000000') in 0.0024334 seconds
Queued import returned SourceDataChangedDuringImport, source files will be rescanned
Queued import returned SourceDataChangedDuringImport, source files will be rescanned
[Worker0] Import Error Code:(4)
Message: Build asset version error: assets/scripts/environment/grietareparacion.cs in SourceAssetDB has modification time of '2026-10-03T01:06:19.9680304Z' while content on disk has modification time of '2026-10-03T01:06:47.2125Z'
[Worker0] Imported GUID: 4894376b7702cb947983b5d89189d6bf - Path: Assets/Scripts/Environment/GrietaReparacion.cs - Importer: PreviewImporter -> (ImportResultId: '00000000000000000000000000000000') in 0.0042921 seconds
Queued import returned SourceDataChangedDuringImport, source files will be rescanned
Queued import returned SourceDataChangedDuringImport, source files will be rescanned
[Worker0] Import Error Code:(4)
Message: Build asset version error: assets/scripts/environment/grietareparacion.cs in SourceAssetDB has modification time of '2026-10-03T01:06:19.9680304Z' while content on disk has modification time of '2026-10-03T01:06:47.2125Z'
[Worker0] Imported GUID: 4894376b7702cb947983b5d89189d6bf - Path: Assets/Scripts/Environment/GrietaReparacion.cs - Importer: PreviewImporter -> (ImportResultId: '00000000000000000000000000000000') in 0.0030178 seconds
Queued import returned SourceDataChangedDuringImport, source files will be rescanned
Queued import returned SourceDataChangedDuringImport, source files will be rescanned
[Worker0] Import Error Code:(4)
Message: Build asset version error: assets/scripts/environment/grietareparacion.cs in SourceAssetDB has modification time of '2026-10-03T01:06:19.9680304Z' while content on disk has modification time of '2026-10-03T01:06:47.2125Z'
[Worker0] Imported GUID: 4894376b7702cb947983b5d89189d6bf - Path: Assets/Scripts/Environment/GrietaReparacion.cs - Importer: PreviewImporter -> (ImportResultId: '00000000000000000000000000000000') in 0.0025762 seconds
Queued import returned SourceDataChangedDuringImport, source files will be rescanned
Queued import returned SourceDataChangedDuringImport, source files will be rescanned
[Worker0] Import Error Code:(4)
Message: Build asset version error: assets/scripts/environment/grietareparacion.cs in SourceAssetDB has modification time of '2026-10-03T01:06:19.9680304Z' while content on disk has modification time of '2026-10-03T01:06:47.2125Z'
[Worker0] Imported GUID: 4894376b7702cb947983b5d89189d6bf - Path: Assets/Scripts/Environment/GrietaReparacion.cs - Importer: PreviewImporter -> (ImportResultId: '00000000000000000000000000000000') in 0.0038022 seconds
Queued import returned SourceDataChangedDuringImport, source files will be rescanned
Queued import returned SourceDataChangedDuringImport, source files will be rescanned
[Worker0] Import Error Code:(4)
Message: Build asset version error: assets/scripts/environment/grietareparacion.cs in SourceAssetDB has modification time of '2026-10-03T01:06:19.9680304Z' while content on disk has modification time of '2026-10-03T01:06:47.2125Z'
[Worker0] Imported GUID: 4894376b7702cb947983b5d89189d6bf - Path: Assets/Scripts/Environment/GrietaReparacion.cs - Importer: PreviewImporter -> (ImportResultId: '00000000000000000000000000000000') in 0.0027603 seconds
Queued import returned SourceDataChangedDuringImport, source files will be rescanned
Queued import returned SourceDataChangedDuringImport, source files will be rescanned
[Worker0] Import Error Code:(4)
Message: Build asset version error: assets/scripts/environment/grietareparacion.cs in SourceAssetDB has modification time of '2026-10-03T01:06:19.9680304Z' while content on disk has modification time of '2026-10-03T01:06:47.2125Z'
[Worker0] Imported GUID: 4894376b7702cb947983b5d89189d6bf - Path: Assets/Scripts/Environment/GrietaReparacion.cs - Importer: PreviewImporter -> (ImportResultId: '00000000000000000000000000000000') in 0.010024 seconds
Queued import returned SourceDataChangedDuringImport, source files will be rescanned
Queued import returned SourceDataChangedDuringImport, source files will be rescanned
[Worker0] Import Error Code:(4)
Message: Build asset version error: assets/scripts/environment/grietareparacion.cs in SourceAssetDB has modification time of '2026-10-03T01:06:19.9680304Z' while content on disk has modification time of '2026-10-03T01:06:47.2125Z'
[Worker0] Imported GUID: 4894376b7702cb947983b5d89189d6bf - Path: Assets/Scripts/Environment/GrietaReparacion.cs - Importer: PreviewImporter -> (ImportResultId: '00000000000000000000000000000000') in 0.0058563 seconds
Queued import returned SourceDataChangedDuringImport, source files will be rescanned
Queued import returned SourceDataChangedDuringImport, source files will be rescanned
[Worker0] Import Error Code:(4)
Message: Build asset version error: assets/scripts/environment/grietareparacion.cs in SourceAssetDB has modification time of '2026-10-03T01:06:19.9680304Z' while content on disk has modification time of '2026-10-03T01:06:47.2125Z'
[Worker0] Imported GUID: 4894376b7702cb947983b5d89189d6bf - Path: Assets/Scripts/Environment/GrietaReparacion.cs - Importer: PreviewImporter -> (ImportResultId: '00000000000000000000000000000000') in 0.0044163 seconds
Queued import returned SourceDataChangedDuringImport, source files will be rescanned
Queued import returned SourceDataChangedDuringImport, source files will be rescanned
[Worker0] Import Error Code:(4)
Message: Build asset version error: assets/scripts/environment/grietareparacion.cs in SourceAssetDB has modification time of '2026-10-03T01:06:19.9680304Z' while content on disk has modification time of '2026-10-03T01:06:47.2125Z'
[Worker0] Imported GUID: 4894376b7702cb947983b5d89189d6bf - Path: Assets/Scripts/Environment/GrietaReparacion.cs - Importer: PreviewImporter -> (ImportResultId: '00000000000000000000000000000000') in 0.0028091 seconds
Queued import returned SourceDataChangedDuringImport, source files will be rescanned
Queued import returned SourceDataChangedDuringImport, source files will be rescanned
[Worker0] Import Error Code:(4)
Message: Build asset version error: assets/scripts/environment/grietareparacion.cs in SourceAssetDB has modification time of '2026-10-03T01:06:19.9680304Z' while content on disk has modification time of '2026-10-03T01:06:47.2125Z'
[Worker0] Imported GUID: 4894376b7702cb947983b5d89189d6bf - Path: Assets/Scripts/Environment/GrietaReparacion.cs - Importer: PreviewImporter -> (ImportResultId: '00000000000000000000000000000000') in 0.0026325 seconds
Queued import returned SourceDataChangedDuringImport, source files will be rescanned
Queued import returned SourceDataChangedDuringImport, source files will be rescanned
[Worker0] Import Error Code:(4)
Message: Build asset version error: assets/scripts/environment/grietareparacion.cs in SourceAssetDB has modification time of '2026-10-03T01:06:19.9680304Z' while content on disk has modification time of '2026-10-03T01:06:47.2125Z'
[Worker0] Imported GUID: 4894376b7702cb947983b5d89189d6bf - Path: Assets/Scripts/Environment/GrietaReparacion.cs - Importer: PreviewImporter -> (ImportResultId: '00000000000000000000000000000000') in 0.0055753 seconds
Queued import returned SourceDataChangedDuringImport, source files will be rescanned
Queued import returned SourceDataChangedDuringImport, source files will be rescanned
[Worker0] Import Error Code:(4)
Message: Build asset version error: assets/scripts/environment/grietareparacion.cs in SourceAssetDB has modification time of '2026-10-03T01:06:19.9680304Z' while content on disk has modification time of '2026-10-03T01:06:47.2125Z'
[Worker0] Imported GUID: 4894376b7702cb947983b5d89189d6bf - Path: Assets/Scripts/Environment/GrietaReparacion.cs - Importer: PreviewImporter -> (ImportResultId: '00000000000000000000000000000000') in 0.0023057 seconds
Queued import returned SourceDataChangedDuringImport, source files will be rescanned
Queued import returned SourceDataChangedDuringImport, source files will be rescanned
[Worker0] Import Error Code:(4)
Message: Build asset version error: assets/scripts/environment/grietareparacion.cs in SourceAssetDB has modification time of '2026-10-03T01:06:19.9680304Z' while content on disk has modification time of '2026-10-03T01:06:47.2125Z'
[Worker0] Imported GUID: 4894376b7702cb947983b5d89189d6bf - Path: Assets/Scripts/Environment/GrietaReparacion.cs - Importer: PreviewImporter -> (ImportResultId: '00000000000000000000000000000000') in 0.0027054 seconds
Queued import returned SourceDataChangedDuringImport, source files will be rescanned
Queued import returned SourceDataChangedDuringImport, source files will be rescanned
[Worker0] Import Error Code:(4)
Message: Build asset version error: assets/scripts/environment/grietareparacion.cs in SourceAssetDB has modification time of '2026-10-03T01:06:19.9680304Z' while content on disk has modification time of '2026-10-03T01:06:47.2125Z'
[Worker0] Imported GUID: 4894376b7702cb947983b5d89189d6bf - Path: Assets/Scripts/Environment/GrietaReparacion.cs - Importer: PreviewImporter -> (ImportResultId: '00000000000000000000000000000000') in 0.0023421 seconds
Queued import returned SourceDataChangedDuringImport, source files will be rescanned
Queued import returned SourceDataChangedDuringImport, source files will be rescanned
[Worker0] Import Error Code:(4)
Message: Build asset version error: assets/scripts/environment/grietareparacion.cs in SourceAssetDB has modification time of '2026-10-03T01:06:19.9680304Z' while content on disk has modification time of '2026-10-03T01:06:47.2125Z'
[Worker0] Imported GUID: 4894376b7702cb947983b5d89189d6bf - Path: Assets/Scripts/Environment/GrietaReparacion.cs - Importer: PreviewImporter -> (ImportResultId: '00000000000000000000000000000000') in 0.0050972 seconds
Queued import returned SourceDataChangedDuringImport, source files will be rescanned
Queued import returned SourceDataChangedDuringImport, source files will be rescanned
[Worker0] Import Error Code:(4)
Message: Build asset version error: assets/scripts/environment/grietareparacion.cs in SourceAssetDB has modification time of '2026-10-03T01:06:19.9680304Z' while content on disk has modification time of '2026-10-03T01:06:47.2125Z'
[Worker0] Imported GUID: 4894376b7702cb947983b5d89189d6bf - Path: Assets/Scripts/Environment/GrietaReparacion.cs - Importer: PreviewImporter -> (ImportResultId: '00000000000000000000000000000000') in 0.0026819 seconds
Queued import returned SourceDataChangedDuringImport, source files will be rescanned
Queued import returned SourceDataChangedDuringImport, source files will be rescanned
[Worker0] Import Error Code:(4)
Message: Build asset version error: assets/scripts/environment/grietareparacion.cs in SourceAssetDB has modification time of '2026-10-03T01:06:19.9680304Z' while content on disk has modification time of '2026-10-03T01:06:47.2125Z'
[Worker0] Imported GUID: 4894376b7702cb947983b5d89189d6bf - Path: Assets/Scripts/Environment/GrietaReparacion.cs - Importer: PreviewImporter -> (ImportResultId: '00000000000000000000000000000000') in 0.0029665 seconds
Queued import returned SourceDataChangedDuringImport, source files will be rescanned
Queued import returned SourceDataChangedDuringImport, source files will be rescanned
[Worker0] Import Error Code:(4)
Message: Build asset version error: assets/scripts/environment/grietareparacion.cs in SourceAssetDB has modification time of '2026-10-03T01:06:19.9680304Z' while content on disk has modification time of '2026-10-03T01:06:47.2125Z'
[Worker0] Imported GUID: 4894376b7702cb947983b5d89189d6bf - Path: Assets/Scripts/Environment/GrietaReparacion.cs - Importer: PreviewImporter -> (ImportResultId: '00000000000000000000000000000000') in 0.0044398 seconds
Queued import returned SourceDataChangedDuringImport, source files will be rescanned
Queued import returned SourceDataChangedDuringImport, source files will be rescanned
[Worker0] Import Error Code:(4)
Message: Build asset version error: assets/scripts/environment/grietareparacion.cs in SourceAssetDB has modification time of '2026-10-03T01:06:19.9680304Z' while content on disk has modification time of '2026-10-03T01:06:47.2125Z'
[Worker0] Imported GUID: 4894376b7702cb947983b5d89189d6bf - Path: Assets/Scripts/Environment/GrietaReparacion.cs - Importer: PreviewImporter -> (ImportResultId: '00000000000000000000000000000000') in 0.0279295 seconds
Queued import returned SourceDataChangedDuringImport, source files will be rescanned
Queued import returned SourceDataChangedDuringImport, source files will be rescanned
Queued import returned SourceDataChangedDuringImport, source files will be rescanned
Queued import returned SourceDataChangedDuringImport, source files will be rescanned
Queued import returned SourceDataChangedDuringImport, source files will be rescanned
Queued import returned SourceDataChangedDuringImport, source files will be rescanned
Queued import returned SourceDataChangedDuringImport, source files will be rescanned
Queued import returned SourceDataChangedDuringImport, source files will be rescanned
Queued import returned SourceDataChangedDuringImport, source files will be rescanned
Queued import returned SourceDataChangedDuringImport, source files will be rescanned
[Worker0] Import Error Code:(4)
Message: Build asset version error: assets/scripts/environment/grietareparacion.cs in SourceAssetDB has modification time of '2026-10-03T01:06:19.9680304Z' while content on disk has modification time of '2026-10-03T01:06:47.2125Z'
[Worker0] Imported GUID: 4894376b7702cb947983b5d89189d6bf - Path: Assets/Scripts/Environment/GrietaReparacion.cs - Importer: PreviewImporter -> (ImportResultId: '00000000000000000000000000000000') in 0.0024375 seconds
Queued import returned SourceDataChangedDuringImport, source files will be rescanned
Queued import returned SourceDataChangedDuringImport, source files will be rescanned
[Worker0] Import Error Code:(4)
Message: Build asset version error: assets/scripts/environment/grietareparacion.cs in SourceAssetDB has modification time of '2026-10-03T01:06:19.9680304Z' while content on disk has modification time of '2026-10-03T01:06:47.2125Z'
[Worker0] Imported GUID: 4894376b7702cb947983b5d89189d6bf - Path: Assets/Scripts/Environment/GrietaReparacion.cs - Importer: PreviewImporter -> (ImportResultId: '00000000000000000000000000000000') in 0.012161 seconds
Queued import returned SourceDataChangedDuringImport, source files will be rescanned
Queued import returned SourceDataChangedDuringImport, source files will be rescanned
[Worker0] Import Error Code:(4)
Message: Build asset version error: assets/scripts/environment/grietareparacion.cs in SourceAssetDB has modification time of '2026-10-03T01:06:19.9680304Z' while content on disk has modification time of '2026-10-03T01:06:47.2125Z'
[Worker0] Imported GUID: 4894376b7702cb947983b5d89189d6bf - Path: Assets/Scripts/Environment/GrietaReparacion.cs - Importer: PreviewImporter -> (ImportResultId: '00000000000000000000000000000000') in 0.0059042 seconds
Queued import returned SourceDataChangedDuringImport, source files will be rescanned
Queued import returned SourceDataChangedDuringImport, source files will be rescanned
[Worker0] Import Error Code:(4)
Message: Build asset version error: assets/scripts/environment/grietareparacion.cs in SourceAssetDB has modification time of '2026-10-03T01:06:19.9680304Z' while content on disk has modification time of '2026-10-03T01:06:47.2125Z'
[Worker0] Imported GUID: 4894376b7702cb947983b5d89189d6bf - Path: Assets/Scripts/Environment/GrietaReparacion.cs - Importer: PreviewImporter -> (ImportResultId: '00000000000000000000000000000000') in 0.0028278 seconds
Queued import returned SourceDataChangedDuringImport, source files will be rescanned
Queued import returned SourceDataChangedDuringImport, source files will be rescanned
[Worker0] Import Error Code:(4)
Message: Build asset version error: assets/scripts/environment/grietareparacion.cs in SourceAssetDB has modification time of '2026-10-03T01:06:19.9680304Z' while content on disk has modification time of '2026-10-03T01:06:47.2125Z'
[Worker0] Imported GUID: 4894376b7702cb947983b5d89189d6bf - Path: Assets/Scripts/Environment/GrietaReparacion.cs - Importer: PreviewImporter -> (ImportResultId: '00000000000000000000000000000000') in 0.0028157 seconds
Queued import returned SourceDataChangedDuringImport, source files will be rescanned
Queued import returned SourceDataChangedDuringImport, source files will be rescanned
[Worker0] Import Error Code:(4)
Message: Build asset version error: assets/scripts/environment/grietareparacion.cs in SourceAssetDB has modification time of '2026-10-03T01:06:19.9680304Z' while content on disk has modification time of '2026-10-03T01:06:47.2125Z'
[Worker0] Imported GUID: 4894376b7702cb947983b5d89189d6bf - Path: Assets/Scripts/Environment/GrietaReparacion.cs - Importer: PreviewImporter -> (ImportResultId: '00000000000000000000000000000000') in 0.0022986 seconds
Queued import returned SourceDataChangedDuringImport, source files will be rescanned
Queued import returned SourceDataChangedDuringImport, source files will be rescanned
[Worker0] Import Error Code:(4)
Message: Build asset version error: assets/scripts/environment/grietareparacion.cs in SourceAssetDB has modification time of '2026-10-03T01:06:19.9680304Z' while content on disk has modification time of '2026-10-03T01:06:47.2125Z'
[Worker0] Imported GUID: 4894376b7702cb947983b5d89189d6bf - Path: Assets/Scripts/Environment/GrietaReparacion.cs - Importer: PreviewImporter -> (ImportResultId: '00000000000000000000000000000000') in 0.0024274 seconds
Queued import returned SourceDataChangedDuringImport, source files will be rescanned
Queued import returned SourceDataChangedDuringImport, source files will be rescanned
[Worker0] Import Error Code:(4)
Message: Build asset version error: assets/scripts/environment/grietareparacion.cs in SourceAssetDB has modification time of '2026-10-03T01:06:19.9680304Z' while content on disk has modification time of '2026-10-03T01:06:47.2125Z'
[Worker0] Imported GUID: 4894376b7702cb947983b5d89189d6bf - Path: Assets/Scripts/Environment/GrietaReparacion.cs - Importer: PreviewImporter -> (ImportResultId: '00000000000000000000000000000000') in 0.0018374 seconds
Queued import returned SourceDataChangedDuringImport, source files will be rescanned
Queued import returned SourceDataChangedDuringImport, source files will be rescanned
[Worker0] Import Error Code:(4)
Message: Build asset version error: assets/scripts/environment/grietareparacion.cs in SourceAssetDB has modification time of '2026-10-03T01:06:19.9680304Z' while content on disk has modification time of '2026-10-03T01:06:47.2125Z'
[Worker0] Imported GUID: 4894376b7702cb947983b5d89189d6bf - Path: Assets/Scripts/Environment/GrietaReparacion.cs - Importer: PreviewImporter -> (ImportResultId: '00000000000000000000000000000000') in 0.0030915 seconds
Queued import returned SourceDataChangedDuringImport, source files will be rescanned
Queued import returned SourceDataChangedDuringImport, source files will be rescanned
[Worker0] Import Error Code:(4)
Message: Build asset version error: assets/scripts/environment/grietareparacion.cs in SourceAssetDB has modification time of '2026-10-03T01:06:19.9680304Z' while content on disk has modification time of '2026-10-03T01:06:47.2125Z'
[Worker0] Imported GUID: 4894376b7702cb947983b5d89189d6bf - Path: Assets/Scripts/Environment/GrietaReparacion.cs - Importer: PreviewImporter -> (ImportResultId: '00000000000000000000000000000000') in 0.0021066 seconds
Queued import returned SourceDataChangedDuringImport, source files will be rescanned
Queued import returned SourceDataChangedDuringImport, source files will be rescanned
[Worker0] Import Error Code:(4)
Message: Build asset version error: assets/scripts/environment/grietareparacion.cs in SourceAssetDB has modification time of '2026-10-03T01:06:19.9680304Z' while content on disk has modification time of '2026-10-03T01:06:47.2125Z'
[Worker0] Imported GUID: 4894376b7702cb947983b5d89189d6bf - Path: Assets/Scripts/Environment/GrietaReparacion.cs - Importer: PreviewImporter -> (ImportResultId: '00000000000000000000000000000000') in 0.0040744 seconds
Queued import returned SourceDataChangedDuringImport, source files will be rescanned
Queued import returned SourceDataChangedDuringImport, source files will be rescanned
[Worker0] Import Error Code:(4)
Message: Build asset version error: assets/scripts/environment/grietareparacion.cs in SourceAssetDB has modification time of '2026-10-03T01:06:19.9680304Z' while content on disk has modification time of '2026-10-03T01:06:47.2125Z'
[Worker0] Imported GUID: 4894376b7702cb947983b5d89189d6bf - Path: Assets/Scripts/Environment/GrietaReparacion.cs - Importer: PreviewImporter -> (ImportResultId: '00000000000000000000000000000000') in 0.0034562 seconds
Queued import returned SourceDataChangedDuringImport, source files will be rescanned
Queued import returned SourceDataChangedDuringImport, source files will be rescanned
[Worker0] Import Error Code:(4)
Message: Build asset version error: assets/scripts/environment/grietareparacion.cs in SourceAssetDB has modification time of '2026-10-03T01:06:19.9680304Z' while content on disk has modification time of '2026-10-03T01:06:47.2125Z'
[Worker0] Imported GUID: 4894376b7702cb947983b5d89189d6bf - Path: Assets/Scripts/Environment/GrietaReparacion.cs - Importer: PreviewImporter -> (ImportResultId: '00000000000000000000000000000000') in 0.0041466 seconds
Queued import returned SourceDataChangedDuringImport, source files will be rescanned
Queued import returned SourceDataChangedDuringImport, source files will be rescanned
[Worker0] Import Error Code:(4)
Message: Build asset version error: assets/scripts/environment/grietareparacion.cs in SourceAssetDB has modification time of '2026-10-03T01:06:19.9680304Z' while content on disk has modification time of '2026-10-03T01:06:47.2125Z'
[Worker0] Imported GUID: 4894376b7702cb947983b5d89189d6bf - Path: Assets/Scripts/Environment/GrietaReparacion.cs - Importer: PreviewImporter -> (ImportResultId: '00000000000000000000000000000000') in 0.0038472 seconds
Queued import returned SourceDataChangedDuringImport, source files will be rescanned
Queued import returned SourceDataChangedDuringImport, source files will be rescanned
[Worker0] Import Error Code:(4)
Message: Build asset version error: assets/scripts/environment/grietareparacion.cs in SourceAssetDB has modification time of '2026-10-03T01:06:19.9680304Z' while content on disk has modification time of '2026-10-03T01:06:47.2125Z'
[Worker0] Imported GUID: 4894376b7702cb947983b5d89189d6bf - Path: Assets/Scripts/Environment/GrietaReparacion.cs - Importer: PreviewImporter -> (ImportResultId: '00000000000000000000000000000000') in 0.0037153 seconds
Queued import returned SourceDataChangedDuringImport, source files will be rescanned
Queued import returned SourceDataChangedDuringImport, source files will be rescanned
[Worker0] Import Error Code:(4)
Message: Build asset version error: assets/scripts/environment/grietareparacion.cs in SourceAssetDB has modification time of '2026-10-03T01:06:19.9680304Z' while content on disk has modification time of '2026-10-03T01:06:47.2125Z'
[Worker0] Imported GUID: 4894376b7702cb947983b5d89189d6bf - Path: Assets/Scripts/Environment/GrietaReparacion.cs - Importer: PreviewImporter -> (ImportResultId: '00000000000000000000000000000000') in 0.0023486 seconds
Queued import returned SourceDataChangedDuringImport, source files will be rescanned
Queued import returned SourceDataChangedDuringImport, source files will be rescanned
[Worker0] Import Error Code:(4)
Message: Build asset version error: assets/scripts/environment/grietareparacion.cs in SourceAssetDB has modification time of '2026-10-03T01:06:19.9680304Z' while content on disk has modification time of '2026-10-03T01:06:47.2125Z'
[Worker0] Imported GUID: 4894376b7702cb947983b5d89189d6bf - Path: Assets/Scripts/Environment/GrietaReparacion.cs - Importer: PreviewImporter -> (ImportResultId: '00000000000000000000000000000000') in 0.0025686 seconds
Queued import returned SourceDataChangedDuringImport, source files will be rescanned
Queued import returned SourceDataChangedDuringImport, source files will be rescanned
[Worker0] Import Error Code:(4)
Message: Build asset version error: assets/scripts/environment/grietareparacion.cs in SourceAssetDB has modification time of '2026-10-03T01:06:19.9680304Z' while content on disk has modification time of '2026-10-03T01:06:47.2125Z'
[Worker0] Imported GUID: 4894376b7702cb947983b5d89189d6bf - Path: Assets/Scripts/Environment/GrietaReparacion.cs - Importer: PreviewImporter -> (ImportResultId: '00000000000000000000000000000000') in 0.0021134 seconds
Queued import returned SourceDataChangedDuringImport, source files will be rescanned
Queued import returned SourceDataChangedDuringImport, source files will be rescanned
[Worker0] Import Error Code:(4)
Message: Build asset version error: assets/scripts/environment/grietareparacion.cs in SourceAssetDB has modification time of '2026-10-03T01:06:19.9680304Z' while content on disk has modification time of '2026-10-03T01:06:47.2125Z'
[Worker0] Imported GUID: 4894376b7702cb947983b5d89189d6bf - Path: Assets/Scripts/Environment/GrietaReparacion.cs - Importer: PreviewImporter -> (ImportResultId: '00000000000000000000000000000000') in 0.0021735 seconds
Queued import returned SourceDataChangedDuringImport, source files will be rescanned
Queued import returned SourceDataChangedDuringImport, source files will be rescanned
[Worker0] Import Error Code:(4)
Message: Build asset version error: assets/scripts/environment/grietareparacion.cs in SourceAssetDB has modification time of '2026-10-03T01:06:19.9680304Z' while content on disk has modification time of '2026-10-03T01:06:47.2125Z'
[Worker0] Imported GUID: 4894376b7702cb947983b5d89189d6bf - Path: Assets/Scripts/Environment/GrietaReparacion.cs - Importer: PreviewImporter -> (ImportResultId: '00000000000000000000000000000000') in 0.0033001 seconds
Queued import returned SourceDataChangedDuringImport, source files will be rescanned
Queued import returned SourceDataChangedDuringImport, source files will be rescanned
[Worker0] Import Error Code:(4)
Message: Build asset version error: assets/scripts/environment/grietareparacion.cs in SourceAssetDB has modification time of '2026-10-03T01:06:19.9680304Z' while content on disk has modification time of '2026-10-03T01:06:47.2125Z'
[Worker0] Imported GUID: 4894376b7702cb947983b5d89189d6bf - Path: Assets/Scripts/Environment/GrietaReparacion.cs - Importer: PreviewImporter -> (ImportResultId: '00000000000000000000000000000000') in 0.0023035 seconds
Queued import returned SourceDataChangedDuringImport, source files will be rescanned
Queued import returned SourceDataChangedDuringImport, source files will be rescanned
[Worker0] Import Error Code:(4)
Message: Build asset version error: assets/scripts/environment/grietareparacion.cs in SourceAssetDB has modification time of '2026-10-03T01:06:19.9680304Z' while content on disk has modification time of '2026-10-03T01:06:47.2125Z'
[Worker0] Imported GUID: 4894376b7702cb947983b5d89189d6bf - Path: Assets/Scripts/Environment/GrietaReparacion.cs - Importer: PreviewImporter -> (ImportResultId: '00000000000000000000000000000000') in 0.0031302 seconds
Queued import returned SourceDataChangedDuringImport, source files will be rescanned
Queued import returned SourceDataChangedDuringImport, source files will be rescanned
[Worker0] Import Error Code:(4)
Message: Build asset version error: assets/scripts/environment/grietareparacion.cs in SourceAssetDB has modification time of '2026-10-03T01:06:19.9680304Z' while content on disk has modification time of '2026-10-03T01:06:47.2125Z'
[Worker0] Imported GUID: 4894376b7702cb947983b5d89189d6bf - Path: Assets/Scripts/Environment/GrietaReparacion.cs - Importer: PreviewImporter -> (ImportResultId: '00000000000000000000000000000000') in 0.0025782 seconds
Queued import returned SourceDataChangedDuringImport, source files will be rescanned
Queued import returned SourceDataChangedDuringImport, source files will be rescanned
[Worker0] Import Error Code:(4)
Message: Build asset version error: assets/scripts/environment/grietareparacion.cs in SourceAssetDB has modification time of '2026-10-03T01:06:19.9680304Z' while content on disk has modification time of '2026-10-03T01:06:47.2125Z'
[Worker0] Imported GUID: 4894376b7702cb947983b5d89189d6bf - Path: Assets/Scripts/Environment/GrietaReparacion.cs - Importer: PreviewImporter -> (ImportResultId: '00000000000000000000000000000000') in 0.0025369 seconds
Queued import returned SourceDataChangedDuringImport, source files will be rescanned
Queued import returned SourceDataChangedDuringImport, source files will be rescanned
[Worker0] Import Error Code:(4)
Message: Build asset version error: assets/scripts/environment/grietareparacion.cs in SourceAssetDB has modification time of '2026-10-03T01:06:19.9680304Z' while content on disk has modification time of '2026-10-03T01:06:47.2125Z'
[Worker0] Imported GUID: 4894376b7702cb947983b5d89189d6bf - Path: Assets/Scripts/Environment/GrietaReparacion.cs - Importer: PreviewImporter -> (ImportResultId: '00000000000000000000000000000000') in 0.0020232 seconds
Queued import returned SourceDataChangedDuringImport, source files will be rescanned
Queued import returned SourceDataChangedDuringImport, source files will be rescanned
[Worker0] Import Error Code:(4)
Message: Build asset version error: assets/scripts/environment/grietareparacion.cs in SourceAssetDB has modification time of '2026-10-03T01:06:19.9680304Z' while content on disk has modification time of '2026-10-03T01:06:47.2125Z'
[Worker0] Imported GUID: 4894376b7702cb947983b5d89189d6bf - Path: Assets/Scripts/Environment/GrietaReparacion.cs - Importer: PreviewImporter -> (ImportResultId: '00000000000000000000000000000000') in 0.0019505 seconds
Queued import returned SourceDataChangedDuringImport, source files will be rescanned
Queued import returned SourceDataChangedDuringImport, source files will be rescanned
[Worker0] Import Error Code:(4)
Message: Build asset version error: assets/scripts/environment/grietareparacion.cs in SourceAssetDB has modification time of '2026-10-03T01:06:19.9680304Z' while content on disk has modification time of '2026-10-03T01:06:47.2125Z'
[Worker0] Imported GUID: 4894376b7702cb947983b5d89189d6bf - Path: Assets/Scripts/Environment/GrietaReparacion.cs - Importer: PreviewImporter -> (ImportResultId: '00000000000000000000000000000000') in 0.002097 seconds
Queued import returned SourceDataChangedDuringImport, source files will be rescanned
Queued import returned SourceDataChangedDuringImport, source files will be rescanned
[Worker0] Import Error Code:(4)
Message: Build asset version error: assets/scripts/environment/grietareparacion.cs in SourceAssetDB has modification time of '2026-10-03T01:06:19.9680304Z' while content on disk has modification time of '2026-10-03T01:06:47.2125Z'
[Worker0] Imported GUID: 4894376b7702cb947983b5d89189d6bf - Path: Assets/Scripts/Environment/GrietaReparacion.cs - Importer: PreviewImporter -> (ImportResultId: '00000000000000000000000000000000') in 0.002066 seconds
Queued import returned SourceDataChangedDuringImport, source files will be rescanned
Queued import returned SourceDataChangedDuringImport, source files will be rescanned
[Worker0] Import Error Code:(4)
Message: Build asset version error: assets/scripts/environment/grietareparacion.cs in SourceAssetDB has modification time of '2026-10-03T01:06:19.9680304Z' while content on disk has modification time of '2026-10-03T01:06:47.2125Z'
[Worker0] Imported GUID: 4894376b7702cb947983b5d89189d6bf - Path: Assets/Scripts/Environment/GrietaReparacion.cs - Importer: PreviewImporter -> (ImportResultId: '00000000000000000000000000000000') in 0.0022004 seconds
Queued import returned SourceDataChangedDuringImport, source files will be rescanned
Queued import returned SourceDataChangedDuringImport, source files will be rescanned
[Worker0] Import Error Code:(4)
Message: Build asset version error: assets/scripts/environment/grietareparacion.cs in SourceAssetDB has modification time of '2026-10-03T01:06:19.9680304Z' while content on disk has modification time of '2026-10-03T01:06:47.2125Z'
[Worker0] Imported GUID: 4894376b7702cb947983b5d89189d6bf - Path: Assets/Scripts/Environment/GrietaReparacion.cs - Importer: PreviewImporter -> (ImportResultId: '00000000000000000000000000000000') in 0.0029729 seconds
Queued import returned SourceDataChangedDuringImport, source files will be rescanned
Queued import returned SourceDataChangedDuringImport, source files will be rescanned
[Worker0] Import Error Code:(4)
Message: Build asset version error: assets/scripts/environment/grietareparacion.cs in SourceAssetDB has modification time of '2026-10-03T01:06:19.9680304Z' while content on disk has modification time of '2026-10-03T01:06:47.2125Z'
[Worker0] Imported GUID: 4894376b7702cb947983b5d89189d6bf - Path: Assets/Scripts/Environment/GrietaReparacion.cs - Importer: PreviewImporter -> (ImportResultId: '00000000000000000000000000000000') in 0.0040588 seconds
Queued import returned SourceDataChangedDuringImport, source files will be rescanned
Queued import returned SourceDataChangedDuringImport, source files will be rescanned
[Worker0] Import Error Code:(4)
Message: Build asset version error: assets/scripts/environment/grietareparacion.cs in SourceAssetDB has modification time of '2026-10-03T01:06:19.9680304Z' while content on disk has modification time of '2026-10-03T01:06:47.2125Z'
[Worker0] Imported GUID: 4894376b7702cb947983b5d89189d6bf - Path: Assets/Scripts/Environment/GrietaReparacion.cs - Importer: PreviewImporter -> (ImportResultId: '00000000000000000000000000000000') in 0.0051021 seconds
Queued import returned SourceDataChangedDuringImport, source files will be rescanned
Queued import returned SourceDataChangedDuringImport, source files will be rescanned
[Worker0] Import Error Code:(4)
Message: Build asset version error: assets/scripts/environment/grietareparacion.cs in SourceAssetDB has modification time of '2026-10-03T01:06:19.9680304Z' while content on disk has modification time of '2026-10-03T01:06:47.2125Z'
[Worker0] Imported GUID: 4894376b7702cb947983b5d89189d6bf - Path: Assets/Scripts/Environment/GrietaReparacion.cs - Importer: PreviewImporter -> (ImportResultId: '00000000000000000000000000000000') in 0.0017479 seconds
Queued import returned SourceDataChangedDuringImport, source files will be rescanned
Queued import returned SourceDataChangedDuringImport, source files will be rescanned
[Worker0] Import Error Code:(4)
Message: Build asset version error: assets/scripts/environment/grietareparacion.cs in SourceAssetDB has modification time of '2026-10-03T01:06:19.9680304Z' while content on disk has modification time of '2026-10-03T01:06:47.2125Z'
[Worker0] Imported GUID: 4894376b7702cb947983b5d89189d6bf - Path: Assets/Scripts/Environment/GrietaReparacion.cs - Importer: PreviewImporter -> (ImportResultId: '00000000000000000000000000000000') in 0.0020204 seconds
Queued import returned SourceDataChangedDuringImport, source files will be rescanned
Queued import returned SourceDataChangedDuringImport, source files will be rescanned
[Worker0] Import Error Code:(4)
Message: Build asset version error: assets/scripts/environment/grietareparacion.cs in SourceAssetDB has modification time of '2026-10-03T01:06:19.9680304Z' while content on disk has modification time of '2026-10-03T01:06:47.2125Z'
[Worker0] Imported GUID: 4894376b7702cb947983b5d89189d6bf - Path: Assets/Scripts/Environment/GrietaReparacion.cs - Importer: PreviewImporter -> (ImportResultId: '00000000000000000000000000000000') in 0.0028114 seconds
Queued import returned SourceDataChangedDuringImport, source files will be rescanned
Queued import returned SourceDataChangedDuringImport, source files will be rescanned
[Worker0] Import Error Code:(4)
Message: Build asset version error: assets/scripts/environment/grietareparacion.cs in SourceAssetDB has modification time of '2026-10-03T01:06:19.9680304Z' while content on disk has modification time of '2026-10-03T01:06:47.2125Z'
[Worker0] Imported GUID: 4894376b7702cb947983b5d89189d6bf - Path: Assets/Scripts/Environment/GrietaReparacion.cs - Importer: PreviewImporter -> (ImportResultId: '00000000000000000000000000000000') in 0.0021845 seconds
Queued import returned SourceDataChangedDuringImport, source files will be rescanned
Queued import returned SourceDataChangedDuringImport, source files will be rescanned
[Worker0] Import Error Code:(4)
Message: Build asset version error: assets/scripts/environment/grietareparacion.cs in SourceAssetDB has modification time of '2026-10-03T01:06:19.9680304Z' while content on disk has modification time of '2026-10-03T01:06:47.2125Z'
[Worker0] Imported GUID: 4894376b7702cb947983b5d89189d6bf - Path: Assets/Scripts/Environment/GrietaReparacion.cs - Importer: PreviewImporter -> (ImportResultId: '00000000000000000000000000000000') in 0.0023373 seconds
Queued import returned SourceDataChangedDuringImport, source files will be rescanned
Queued import returned SourceDataChangedDuringImport, source files will be rescanned
[Worker0] Import Error Code:(4)
Message: Build asset version error: assets/scripts/environment/grietareparacion.cs in SourceAssetDB has modification time of '2026-10-03T01:06:19.9680304Z' while content on disk has modification time of '2026-10-03T01:06:47.2125Z'
[Worker0] Imported GUID: 4894376b7702cb947983b5d89189d6bf - Path: Assets/Scripts/Environment/GrietaReparacion.cs - Importer: PreviewImporter -> (ImportResultId: '00000000000000000000000000000000') in 0.0020685 seconds
Queued import returned SourceDataChangedDuringImport, source files will be rescanned
Queued import returned SourceDataChangedDuringImport, source files will be rescanned
[Worker0] Import Error Code:(4)
Message: Build asset version error: assets/scripts/environment/grietareparacion.cs in SourceAssetDB has modification time of '2026-10-03T01:06:19.9680304Z' while content on disk has modification time of '2026-10-03T01:06:47.2125Z'
[Worker0] Imported GUID: 4894376b7702cb947983b5d89189d6bf - Path: Assets/Scripts/Environment/GrietaReparacion.cs - Importer: PreviewImporter -> (ImportResultId: '00000000000000000000000000000000') in 0.0022368 seconds
Queued import returned SourceDataChangedDuringImport, source files will be rescanned
Queued import returned SourceDataChangedDuringImport, source files will be rescanned
[Worker0] Import Error Code:(4)
Message: Build asset version error: assets/scripts/environment/grietareparacion.cs in SourceAssetDB has modification time of '2026-10-03T01:06:19.9680304Z' while content on disk has modification time of '2026-10-03T01:06:47.2125Z'
[Worker0] Imported GUID: 4894376b7702cb947983b5d89189d6bf - Path: Assets/Scripts/Environment/GrietaReparacion.cs - Importer: PreviewImporter -> (ImportResultId: '00000000000000000000000000000000') in 0.0021694 seconds
Queued import returned SourceDataChangedDuringImport, source files will be rescanned
Queued import returned SourceDataChangedDuringImport, source files will be rescanned
[Worker0] Import Error Code:(4)
Message: Build asset version error: assets/scripts/environment/grietareparacion.cs in SourceAssetDB has modification time of '2026-10-03T01:06:19.9680304Z' while content on disk has modification time of '2026-10-03T01:06:47.2125Z'
[Worker0] Imported GUID: 4894376b7702cb947983b5d89189d6bf - Path: Assets/Scripts/Environment/GrietaReparacion.cs - Importer: PreviewImporter -> (ImportResultId: '00000000000000000000000000000000') in 0.0020611 seconds
Queued import returned SourceDataChangedDuringImport, source files will be rescanned
Queued import returned SourceDataChangedDuringImport, source files will be rescanned
[Worker0] Import Error Code:(4)
Message: Build asset version error: assets/scripts/environment/grietareparacion.cs in SourceAssetDB has modification time of '2026-10-03T01:06:19.9680304Z' while content on disk has modification time of '2026-10-03T01:06:47.2125Z'
[Worker0] Imported GUID: 4894376b7702cb947983b5d89189d6bf - Path: Assets/Scripts/Environment/GrietaReparacion.cs - Importer: PreviewImporter -> (ImportResultId: '00000000000000000000000000000000') in 0.0021084 seconds
Queued import returned SourceDataChangedDuringImport, source files will be rescanned
Queued import returned SourceDataChangedDuringImport, source files will be rescanned
[Worker0] Import Error Code:(4)
Message: Build asset version error: assets/scripts/environment/grietareparacion.cs in SourceAssetDB has modification time of '2026-10-03T01:06:19.9680304Z' while content on disk has modification time of '2026-10-03T01:06:47.2125Z'
[Worker0] Imported GUID: 4894376b7702cb947983b5d89189d6bf - Path: Assets/Scripts/Environment/GrietaReparacion.cs - Importer: PreviewImporter -> (ImportResultId: '00000000000000000000000000000000') in 0.0020657 seconds
Queued import returned SourceDataChangedDuringImport, source files will be rescanned
Queued import returned SourceDataChangedDuringImport, source files will be rescanned
[Worker0] Import Error Code:(4)
Message: Build asset version error: assets/scripts/environment/grietareparacion.cs in SourceAssetDB has modification time of '2026-10-03T01:06:19.9680304Z' while content on disk has modification time of '2026-10-03T01:06:47.2125Z'
[Worker0] Imported GUID: 4894376b7702cb947983b5d89189d6bf - Path: Assets/Scripts/Environment/GrietaReparacion.cs - Importer: PreviewImporter -> (ImportResultId: '00000000000000000000000000000000') in 0.0040436 seconds
Queued import returned SourceDataChangedDuringImport, source files will be rescanned
Queued import returned SourceDataChangedDuringImport, source files will be rescanned
[Worker0] Import Error Code:(4)
Message: Build asset version error: assets/scripts/environment/grietareparacion.cs in SourceAssetDB has modification time of '2026-10-03T01:06:19.9680304Z' while content on disk has modification time of '2026-10-03T01:06:47.2125Z'
[Worker0] Imported GUID: 4894376b7702cb947983b5d89189d6bf - Path: Assets/Scripts/Environment/GrietaReparacion.cs - Importer: PreviewImporter -> (ImportResultId: '00000000000000000000000000000000') in 0.0053633 seconds
Queued import returned SourceDataChangedDuringImport, source files will be rescanned
Queued import returned SourceDataChangedDuringImport, source files will be rescanned
[Worker0] Import Error Code:(4)
Message: Build asset version error: assets/scripts/environment/grietareparacion.cs in SourceAssetDB has modification time of '2026-10-03T01:06:19.9680304Z' while content on disk has modification time of '2026-10-03T01:06:47.2125Z'
[Worker0] Imported GUID: 4894376b7702cb947983b5d89189d6bf - Path: Assets/Scripts/Environment/GrietaReparacion.cs - Importer: PreviewImporter -> (ImportResultId: '00000000000000000000000000000000') in 0.003696 seconds
Queued import returned SourceDataChangedDuringImport, source files will be rescanned
Queued import returned SourceDataChangedDuringImport, source files will be rescanned
[Worker0] Import Error Code:(4)
Message: Build asset version error: assets/scripts/environment/grietareparacion.cs in SourceAssetDB has modification time of '2026-10-03T01:06:19.9680304Z' while content on disk has modification time of '2026-10-03T01:06:47.2125Z'
[Worker0] Imported GUID: 4894376b7702cb947983b5d89189d6bf - Path: Assets/Scripts/Environment/GrietaReparacion.cs - Importer: PreviewImporter -> (ImportResultId: '00000000000000000000000000000000') in 0.0018365 seconds
Queued import returned SourceDataChangedDuringImport, source files will be rescanned
Queued import returned SourceDataChangedDuringImport, source files will be rescanned
[Worker0] Import Error Code:(4)
Message: Build asset version error: assets/scripts/environment/grietareparacion.cs in SourceAssetDB has modification time of '2026-10-03T01:06:19.9680304Z' while content on disk has modification time of '2026-10-03T01:06:47.2125Z'
[Worker0] Imported GUID: 4894376b7702cb947983b5d89189d6bf - Path: Assets/Scripts/Environment/GrietaReparacion.cs - Importer: PreviewImporter -> (ImportResultId: '00000000000000000000000000000000') in 0.0020198 seconds
Queued import returned SourceDataChangedDuringImport, source files will be rescanned
Queued import returned SourceDataChangedDuringImport, source files will be rescanned
[Worker0] Import Error Code:(4)
Message: Build asset version error: assets/scripts/environment/grietareparacion.cs in SourceAssetDB has modification time of '2026-10-03T01:06:19.9680304Z' while content on disk has modification time of '2026-10-03T01:06:47.2125Z'
[Worker0] Imported GUID: 4894376b7702cb947983b5d89189d6bf - Path: Assets/Scripts/Environment/GrietaReparacion.cs - Importer: PreviewImporter -> (ImportResultId: '00000000000000000000000000000000') in 0.0021693 seconds
Queued import returned SourceDataChangedDuringImport, source files will be rescanned
Queued import returned SourceDataChangedDuringImport, source files will be rescanned
[Worker0] Import Error Code:(4)
Message: Build asset version error: assets/scripts/environment/grietareparacion.cs in SourceAssetDB has modification time of '2026-10-03T01:06:19.9680304Z' while content on disk has modification time of '2026-10-03T01:06:47.2125Z'
[Worker0] Imported GUID: 4894376b7702cb947983b5d89189d6bf - Path: Assets/Scripts/Environment/GrietaReparacion.cs - Importer: PreviewImporter -> (ImportResultId: '00000000000000000000000000000000') in 0.0025652 seconds
Queued import returned SourceDataChangedDuringImport, source files will be rescanned
Queued import returned SourceDataChangedDuringImport, source files will be rescanned
[Worker0] Import Error Code:(4)
Message: Build asset version error: assets/scripts/environment/grietareparacion.cs in SourceAssetDB has modification time of '2026-10-03T01:06:19.9680304Z' while content on disk has modification time of '2026-10-03T01:06:47.2125Z'
[Worker0] Imported GUID: 4894376b7702cb947983b5d89189d6bf - Path: Assets/Scripts/Environment/GrietaReparacion.cs - Importer: PreviewImporter -> (ImportResultId: '00000000000000000000000000000000') in 0.0026321 seconds
Queued import returned SourceDataChangedDuringImport, source files will be rescanned
Queued import returned SourceDataChangedDuringImport, source files will be rescanned
[Worker0] Import Error Code:(4)
Message: Build asset version error: assets/scripts/environment/grietareparacion.cs in SourceAssetDB has modification time of '2026-10-03T01:06:19.9680304Z' while content on disk has modification time of '2026-10-03T01:06:47.2125Z'
[Worker0] Imported GUID: 4894376b7702cb947983b5d89189d6bf - Path: Assets/Scripts/Environment/GrietaReparacion.cs - Importer: PreviewImporter -> (ImportResultId: '00000000000000000000000000000000') in 0.0030094 seconds
Queued import returned SourceDataChangedDuringImport, source files will be rescanned
Queued import returned SourceDataChangedDuringImport, source files will be rescanned
[Worker0] Import Error Code:(4)
Message: Build asset version error: assets/scripts/environment/grietareparacion.cs in SourceAssetDB has modification time of '2026-10-03T01:06:19.9680304Z' while content on disk has modification time of '2026-10-03T01:06:47.2125Z'
[Worker0] Imported GUID: 4894376b7702cb947983b5d89189d6bf - Path: Assets/Scripts/Environment/GrietaReparacion.cs - Importer: PreviewImporter -> (ImportResultId: '00000000000000000000000000000000') in 0.0032326 seconds
Queued import returned SourceDataChangedDuringImport, source files will be rescanned
Queued import returned SourceDataChangedDuringImport, source files will be rescanned
[Worker0] Import Error Code:(4)
Message: Build asset version error: assets/scripts/environment/grietareparacion.cs in SourceAssetDB has modification time of '2026-10-03T01:06:19.9680304Z' while content on disk has modification time of '2026-10-03T01:06:47.2125Z'
[Worker0] Imported GUID: 4894376b7702cb947983b5d89189d6bf - Path: Assets/Scripts/Environment/GrietaReparacion.cs - Importer: PreviewImporter -> (ImportResultId: '00000000000000000000000000000000') in 0.0017227 seconds
Queued import returned SourceDataChangedDuringImport, source files will be rescanned
Queued import returned SourceDataChangedDuringImport, source files will be rescanned
[Worker0] Import Error Code:(4)
Message: Build asset version error: assets/scripts/environment/grietareparacion.cs in SourceAssetDB has modification time of '2026-10-03T01:06:19.9680304Z' while content on disk has modification time of '2026-10-03T01:06:47.2125Z'
[Worker0] Imported GUID: 4894376b7702cb947983b5d89189d6bf - Path: Assets/Scripts/Environment/GrietaReparacion.cs - Importer: PreviewImporter -> (ImportResultId: '00000000000000000000000000000000') in 0.0018978 seconds
Queued import returned SourceDataChangedDuringImport, source files will be rescanned
Queued import returned SourceDataChangedDuringImport, source files will be rescanned
[Worker0] Import Error Code:(4)
Message: Build asset version error: assets/scripts/environment/grietareparacion.cs in SourceAssetDB has modification time of '2026-10-03T01:06:19.9680304Z' while content on disk has modification time of '2026-10-03T01:06:47.2125Z'
[Worker0] Imported GUID: 4894376b7702cb947983b5d89189d6bf - Path: Assets/Scripts/Environment/GrietaReparacion.cs - Importer: PreviewImporter -> (ImportResultId: '00000000000000000000000000000000') in 0.001825 seconds
Queued import returned SourceDataChangedDuringImport, source files will be rescanned
Queued import returned SourceDataChangedDuringImport, source files will be rescanned
[Worker0] Import Error Code:(4)
Message: Build asset version error: assets/scripts/environment/grietareparacion.cs in SourceAssetDB has modification time of '2026-10-03T01:06:19.9680304Z' while content on disk has modification time of '2026-10-03T01:06:47.2125Z'
[Worker0] Imported GUID: 4894376b7702cb947983b5d89189d6bf - Path: Assets/Scripts/Environment/GrietaReparacion.cs - Importer: PreviewImporter -> (ImportResultId: '00000000000000000000000000000000') in 0.0020595 seconds
Queued import returned SourceDataChangedDuringImport, source files will be rescanned
Queued import returned SourceDataChangedDuringImport, source files will be rescanned
[Worker0] Import Error Code:(4)
Message: Build asset version error: assets/scripts/environment/grietareparacion.cs in SourceAssetDB has modification time of '2026-10-03T01:06:19.9680304Z' while content on disk has modification time of '2026-10-03T01:06:47.2125Z'
[Worker0] Imported GUID: 4894376b7702cb947983b5d89189d6bf - Path: Assets/Scripts/Environment/GrietaReparacion.cs - Importer: PreviewImporter -> (ImportResultId: '00000000000000000000000000000000') in 0.0020281 seconds
Queued import returned SourceDataChangedDuringImport, source files will be rescanned
Queued import returned SourceDataChangedDuringImport, source files will be rescanned
[Worker0] Import Error Code:(4)
Message: Build asset version error: assets/scripts/environment/grietareparacion.cs in SourceAssetDB has modification time of '2026-10-03T01:06:19.9680304Z' while content on disk has modification time of '2026-10-03T01:06:47.2125Z'
[Worker0] Imported GUID: 4894376b7702cb947983b5d89189d6bf - Path: Assets/Scripts/Environment/GrietaReparacion.cs - Importer: PreviewImporter -> (ImportResultId: '00000000000000000000000000000000') in 0.0025217 seconds
Queued import returned SourceDataChangedDuringImport, source files will be rescanned
Queued import returned SourceDataChangedDuringImport, source files will be rescanned
[Worker0] Import Error Code:(4)
Message: Build asset version error: assets/scripts/environment/grietareparacion.cs in SourceAssetDB has modification time of '2026-10-03T01:06:19.9680304Z' while content on disk has modification time of '2026-10-03T01:06:47.2125Z'
[Worker0] Imported GUID: 4894376b7702cb947983b5d89189d6bf - Path: Assets/Scripts/Environment/GrietaReparacion.cs - Importer: PreviewImporter -> (ImportResultId: '00000000000000000000000000000000') in 0.0079208 seconds
Queued import returned SourceDataChangedDuringImport, source files will be rescanned
Queued import returned SourceDataChangedDuringImport, source files will be rescanned
[Worker0] Import Error Code:(4)
Message: Build asset version error: assets/scripts/environment/grietareparacion.cs in SourceAssetDB has modification time of '2026-10-03T01:06:19.9680304Z' while content on disk has modification time of '2026-10-03T01:06:47.2125Z'
[Worker0] Imported GUID: 4894376b7702cb947983b5d89189d6bf - Path: Assets/Scripts/Environment/GrietaReparacion.cs - Importer: PreviewImporter -> (ImportResultId: '00000000000000000000000000000000') in 0.0020915 seconds
Queued import returned SourceDataChangedDuringImport, source files will be rescanned
Queued import returned SourceDataChangedDuringImport, source files will be rescanned
[Worker0] Import Error Code:(4)
Message: Build asset version error: assets/scripts/environment/grietareparacion.cs in SourceAssetDB has modification time of '2026-10-03T01:06:19.9680304Z' while content on disk has modification time of '2026-10-03T01:06:47.2125Z'
[Worker0] Imported GUID: 4894376b7702cb947983b5d89189d6bf - Path: Assets/Scripts/Environment/GrietaReparacion.cs - Importer: PreviewImporter -> (ImportResultId: '00000000000000000000000000000000') in 0.0022936 seconds
Queued import returned SourceDataChangedDuringImport, source files will be rescanned
Queued import returned SourceDataChangedDuringImport, source files will be rescanned
[Worker0] Import Error Code:(4)
Message: Build asset version error: assets/scripts/environment/grietareparacion.cs in SourceAssetDB has modification time of '2026-10-03T01:06:19.9680304Z' while content on disk has modification time of '2026-10-03T01:06:47.2125Z'
[Worker0] Imported GUID: 4894376b7702cb947983b5d89189d6bf - Path: Assets/Scripts/Environment/GrietaReparacion.cs - Importer: PreviewImporter -> (ImportResultId: '00000000000000000000000000000000') in 0.0021835 seconds
Queued import returned SourceDataChangedDuringImport, source files will be rescanned
Queued import returned SourceDataChangedDuringImport, source files will be rescanned
[Worker0] Import Error Code:(4)
Message: Build asset version error: assets/scripts/environment/grietareparacion.cs in SourceAssetDB has modification time of '2026-10-03T01:06:19.9680304Z' while content on disk has modification time of '2026-10-03T01:06:47.2125Z'
[Worker0] Imported GUID: 4894376b7702cb947983b5d89189d6bf - Path: Assets/Scripts/Environment/GrietaReparacion.cs - Importer: PreviewImporter -> (ImportResultId: '00000000000000000000000000000000') in 0.0022154 seconds
Queued import returned SourceDataChangedDuringImport, source files will be rescanned
Queued import returned SourceDataChangedDuringImport, source files will be rescanned
[Worker0] Import Error Code:(4)
Message: Build asset version error: assets/scripts/environment/grietareparacion.cs in SourceAssetDB has modification time of '2026-10-03T01:06:19.9680304Z' while content on disk has modification time of '2026-10-03T01:06:47.2125Z'
[Worker0] Imported GUID: 4894376b7702cb947983b5d89189d6bf - Path: Assets/Scripts/Environment/GrietaReparacion.cs - Importer: PreviewImporter -> (ImportResultId: '00000000000000000000000000000000') in 0.0018952 seconds
Queued import returned SourceDataChangedDuringImport, source files will be rescanned
Queued import returned SourceDataChangedDuringImport, source files will be rescanned
[Worker0] Import Error Code:(4)
Message: Build asset version error: assets/scripts/environment/grietareparacion.cs in SourceAssetDB has modification time of '2026-10-03T01:06:19.9680304Z' while content on disk has modification time of '2026-10-03T01:06:47.2125Z'
[Worker0] Imported GUID: 4894376b7702cb947983b5d89189d6bf - Path: Assets/Scripts/Environment/GrietaReparacion.cs - Importer: PreviewImporter -> (ImportResultId: '00000000000000000000000000000000') in 0.0017111 seconds
Queued import returned SourceDataChangedDuringImport, source files will be rescanned
Queued import returned SourceDataChangedDuringImport, source files will be rescanned
[Worker0] Import Error Code:(4)
Message: Build asset version error: assets/scripts/environment/grietareparacion.cs in SourceAssetDB has modification time of '2026-10-03T01:06:19.9680304Z' while content on disk has modification time of '2026-10-03T01:06:47.2125Z'
[Worker0] Imported GUID: 4894376b7702cb947983b5d89189d6bf - Path: Assets/Scripts/Environment/GrietaReparacion.cs - Importer: PreviewImporter -> (ImportResultId: '00000000000000000000000000000000') in 0.0017886 seconds
Queued import returned SourceDataChangedDuringImport, source files will be rescanned
Queued import returned SourceDataChangedDuringImport, source files will be rescanned
[Worker0] Import Error Code:(4)
Message: Build asset version error: assets/scripts/environment/grietareparacion.cs in SourceAssetDB has modification time of '2026-10-03T01:06:19.9680304Z' while content on disk has modification time of '2026-10-03T01:06:47.2125Z'
[Worker0] Imported GUID: 4894376b7702cb947983b5d89189d6bf - Path: Assets/Scripts/Environment/GrietaReparacion.cs - Importer: PreviewImporter -> (ImportResultId: '00000000000000000000000000000000') in 0.0022639 seconds
Queued import returned SourceDataChangedDuringImport, source files will be rescanned
Queued import returned SourceDataChangedDuringImport, source files will be rescanned
[Worker0] Import Error Code:(4)
Message: Build asset version error: assets/scripts/environment/grietareparacion.cs in SourceAssetDB has modification time of '2026-10-03T01:06:19.9680304Z' while content on disk has modification time of '2026-10-03T01:06:47.2125Z'
[Worker0] Imported GUID: 4894376b7702cb947983b5d89189d6bf - Path: Assets/Scripts/Environment/GrietaReparacion.cs - Importer: PreviewImporter -> (ImportResultId: '00000000000000000000000000000000') in 0.0023981 seconds
Queued import returned SourceDataChangedDuringImport, source files will be rescanned
Queued import returned SourceDataChangedDuringImport, source files will be rescanned
[Worker0] Import Error Code:(4)
Message: Build asset version error: assets/scripts/environment/grietareparacion.cs in SourceAssetDB has modification time of '2026-10-03T01:06:19.9680304Z' while content on disk has modification time of '2026-10-03T01:06:47.2125Z'
[Worker0] Imported GUID: 4894376b7702cb947983b5d89189d6bf - Path: Assets/Scripts/Environment/GrietaReparacion.cs - Importer: PreviewImporter -> (ImportResultId: '00000000000000000000000000000000') in 0.0017577 seconds
Queued import returned SourceDataChangedDuringImport, source files will be rescanned
Queued import returned SourceDataChangedDuringImport, source files will be rescanned
[Worker0] Import Error Code:(4)
Message: Build asset version error: assets/scripts/environment/grietareparacion.cs in SourceAssetDB has modification time of '2026-10-03T01:06:19.9680304Z' while content on disk has modification time of '2026-10-03T01:06:47.2125Z'
[Worker0] Imported GUID: 4894376b7702cb947983b5d89189d6bf - Path: Assets/Scripts/Environment/GrietaReparacion.cs - Importer: PreviewImporter -> (ImportResultId: '00000000000000000000000000000000') in 0.0029724 seconds
Queued import returned SourceDataChangedDuringImport, source files will be rescanned
Queued import returned SourceDataChangedDuringImport, source files will be rescanned
[Worker0] Import Error Code:(4)
Message: Build asset version error: assets/scripts/environment/grietareparacion.cs in SourceAssetDB has modification time of '2026-10-03T01:06:19.9680304Z' while content on disk has modification time of '2026-10-03T01:06:47.2125Z'
[Worker0] Imported GUID: 4894376b7702cb947983b5d89189d6bf - Path: Assets/Scripts/Environment/GrietaReparacion.cs - Importer: PreviewImporter -> (ImportResultId: '00000000000000000000000000000000') in 0.0036929 seconds
Queued import returned SourceDataChangedDuringImport, source files will be rescanned
Queued import returned SourceDataChangedDuringImport, source files will be rescanned
[Worker0] Import Error Code:(4)
Message: Build asset version error: assets/scripts/environment/grietareparacion.cs in SourceAssetDB has modification time of '2026-10-03T01:06:19.9680304Z' while content on disk has modification time of '2026-10-03T01:06:47.2125Z'
[Worker0] Imported GUID: 4894376b7702cb947983b5d89189d6bf - Path: Assets/Scripts/Environment/GrietaReparacion.cs - Importer: PreviewImporter -> (ImportResultId: '00000000000000000000000000000000') in 0.0034762 seconds
Queued import returned SourceDataChangedDuringImport, source files will be rescanned
Queued import returned SourceDataChangedDuringImport, source files will be rescanned
[Worker0] Import Error Code:(4)
Message: Build asset version error: assets/scripts/environment/grietareparacion.cs in SourceAssetDB has modification time of '2026-10-03T01:06:19.9680304Z' while content on disk has modification time of '2026-10-03T01:06:47.2125Z'
[Worker0] Imported GUID: 4894376b7702cb947983b5d89189d6bf - Path: Assets/Scripts/Environment/GrietaReparacion.cs - Importer: PreviewImporter -> (ImportResultId: '00000000000000000000000000000000') in 0.0027206 seconds
Queued import returned SourceDataChangedDuringImport, source files will be rescanned
Queued import returned SourceDataChangedDuringImport, source files will be rescanned
[Worker0] Import Error Code:(4)
Message: Build asset version error: assets/scripts/environment/grietareparacion.cs in SourceAssetDB has modification time of '2026-10-03T01:06:19.9680304Z' while content on disk has modification time of '2026-10-03T01:06:47.2125Z'
[Worker0] Imported GUID: 4894376b7702cb947983b5d89189d6bf - Path: Assets/Scripts/Environment/GrietaReparacion.cs - Importer: PreviewImporter -> (ImportResultId: '00000000000000000000000000000000') in 0.0017101 seconds
Queued import returned SourceDataChangedDuringImport, source files will be rescanned
Queued import returned SourceDataChangedDuringImport, source files will be rescanned
[Worker0] Import Error Code:(4)
Message: Build asset version error: assets/scripts/environment/grietareparacion.cs in SourceAssetDB has modification time of '2026-10-03T01:06:19.9680304Z' while content on disk has modification time of '2026-10-03T01:06:47.2125Z'
[Worker0] Imported GUID: 4894376b7702cb947983b5d89189d6bf - Path: Assets/Scripts/Environment/GrietaReparacion.cs - Importer: PreviewImporter -> (ImportResultId: '00000000000000000000000000000000') in 0.0016835 seconds
Queued import returned SourceDataChangedDuringImport, source files will be rescanned
Queued import returned SourceDataChangedDuringImport, source files will be rescanned
[Worker0] Import Error Code:(4)
Message: Build asset version error: assets/scripts/environment/grietareparacion.cs in SourceAssetDB has modification time of '2026-10-03T01:06:19.9680304Z' while content on disk has modification time of '2026-10-03T01:06:47.2125Z'
[Worker0] Imported GUID: 4894376b7702cb947983b5d89189d6bf - Path: Assets/Scripts/Environment/GrietaReparacion.cs - Importer: PreviewImporter -> (ImportResultId: '00000000000000000000000000000000') in 0.0019582 seconds
Queued import returned SourceDataChangedDuringImport, source files will be rescanned
Queued import returned SourceDataChangedDuringImport, source files will be rescanned
[Worker0] Import Error Code:(4)
Message: Build asset version error: assets/scripts/environment/grietareparacion.cs in SourceAssetDB has modification time of '2026-10-03T01:06:19.9680304Z' while content on disk has modification time of '2026-10-03T01:06:47.2125Z'
[Worker0] Imported GUID: 4894376b7702cb947983b5d89189d6bf - Path: Assets/Scripts/Environment/GrietaReparacion.cs - Importer: PreviewImporter -> (ImportResultId: '00000000000000000000000000000000') in 0.0021982 seconds
Queued import returned SourceDataChangedDuringImport, source files will be rescanned
Queued import returned SourceDataChangedDuringImport, source files will be rescanned
[Worker0] Import Error Code:(4)
Message: Build asset version error: assets/scripts/environment/grietareparacion.cs in SourceAssetDB has modification time of '2026-10-03T01:06:19.9680304Z' while content on disk has modification time of '2026-10-03T01:06:47.2125Z'
[Worker0] Imported GUID: 4894376b7702cb947983b5d89189d6bf - Path: Assets/Scripts/Environment/GrietaReparacion.cs - Importer: PreviewImporter -> (ImportResultId: '00000000000000000000000000000000') in 0.002168 seconds
Queued import returned SourceDataChangedDuringImport, source files will be rescanned
Queued import returned SourceDataChangedDuringImport, source files will be rescanned
[Worker0] Import Error Code:(4)
Message: Build asset version error: assets/scripts/environment/grietareparacion.cs in SourceAssetDB has modification time of '2026-10-03T01:06:19.9680304Z' while content on disk has modification time of '2026-10-03T01:06:47.2125Z'
[Worker0] Imported GUID: 4894376b7702cb947983b5d89189d6bf - Path: Assets/Scripts/Environment/GrietaReparacion.cs - Importer: PreviewImporter -> (ImportResultId: '00000000000000000000000000000000') in 0.0024342 seconds
Queued import returned SourceDataChangedDuringImport, source files will be rescanned
Queued import returned SourceDataChangedDuringImport, source files will be rescanned
[Worker0] Import Error Code:(4)
Message: Build asset version error: assets/scripts/environment/grietareparacion.cs in SourceAssetDB has modification time of '2026-10-03T01:06:19.9680304Z' while content on disk has modification time of '2026-10-03T01:06:47.2125Z'
[Worker0] Imported GUID: 4894376b7702cb947983b5d89189d6bf - Path: Assets/Scripts/Environment/GrietaReparacion.cs - Importer: PreviewImporter -> (ImportResultId: '00000000000000000000000000000000') in 0.002617 seconds
Queued import returned SourceDataChangedDuringImport, source files will be rescanned
Queued import returned SourceDataChangedDuringImport, source files will be rescanned
[Worker0] Import Error Code:(4)
Message: Build asset version error: assets/scripts/environment/grietareparacion.cs in SourceAssetDB has modification time of '2026-10-03T01:06:19.9680304Z' while content on disk has modification time of '2026-10-03T01:06:47.2125Z'
[Worker0] Imported GUID: 4894376b7702cb947983b5d89189d6bf - Path: Assets/Scripts/Environment/GrietaReparacion.cs - Importer: PreviewImporter -> (ImportResultId: '00000000000000000000000000000000') in 0.002065 seconds
Queued import returned SourceDataChangedDuringImport, source files will be rescanned
Queued import returned SourceDataChangedDuringImport, source files will be rescanned
[Worker0] Import Error Code:(4)
Message: Build asset version error: assets/scripts/environment/grietareparacion.cs in SourceAssetDB has modification time of '2026-10-03T01:06:19.9680304Z' while content on disk has modification time of '2026-10-03T01:06:47.2125Z'
[Worker0] Imported GUID: 4894376b7702cb947983b5d89189d6bf - Path: Assets/Scripts/Environment/GrietaReparacion.cs - Importer: PreviewImporter -> (ImportResultId: '00000000000000000000000000000000') in 0.002217 seconds
Queued import returned SourceDataChangedDuringImport, source files will be rescanned
Queued import returned SourceDataChangedDuringImport, source files will be rescanned
[Worker0] Import Error Code:(4)
Message: Build asset version error: assets/scripts/environment/grietareparacion.cs in SourceAssetDB has modification time of '2026-10-03T01:06:19.9680304Z' while content on disk has modification time of '2026-10-03T01:06:47.2125Z'
[Worker0] Imported GUID: 4894376b7702cb947983b5d89189d6bf - Path: Assets/Scripts/Environment/GrietaReparacion.cs - Importer: PreviewImporter -> (ImportResultId: '00000000000000000000000000000000') in 0.0022273 seconds
Queued import returned SourceDataChangedDuringImport, source files will be rescanned
Queued import returned SourceDataChangedDuringImport, source files will be rescanned
[Worker0] Import Error Code:(4)
Message: Build asset version error: assets/scripts/environment/grietareparacion.cs in SourceAssetDB has modification time of '2026-10-03T01:06:19.9680304Z' while content on disk has modification time of '2026-10-03T01:06:47.2125Z'
[Worker0] Imported GUID: 4894376b7702cb947983b5d89189d6bf - Path: Assets/Scripts/Environment/GrietaReparacion.cs - Importer: PreviewImporter -> (ImportResultId: '00000000000000000000000000000000') in 0.0027209 seconds
Queued import returned SourceDataChangedDuringImport, source files will be rescanned
Queued import returned SourceDataChangedDuringImport, source files will be rescanned
[Worker0] Import Error Code:(4)
Message: Build asset version error: assets/scripts/environment/grietareparacion.cs in SourceAssetDB has modification time of '2026-10-03T01:06:19.9680304Z' while content on disk has modification time of '2026-10-03T01:06:47.2125Z'
[Worker0] Imported GUID: 4894376b7702cb947983b5d89189d6bf - Path: Assets/Scripts/Environment/GrietaReparacion.cs - Importer: PreviewImporter -> (ImportResultId: '00000000000000000000000000000000') in 0.0020223 seconds
Queued import returned SourceDataChangedDuringImport, source files will be rescanned
Queued import returned SourceDataChangedDuringImport, source files will be rescanned
[Worker0] Import Error Code:(4)
Message: Build asset version error: assets/scripts/environment/grietareparacion.cs in SourceAssetDB has modification time of '2026-10-03T01:06:19.9680304Z' while content on disk has modification time of '2026-10-03T01:06:47.2125Z'
[Worker0] Imported GUID: 4894376b7702cb947983b5d89189d6bf - Path: Assets/Scripts/Environment/GrietaReparacion.cs - Importer: PreviewImporter -> (ImportResultId: '00000000000000000000000000000000') in 0.0020019 seconds
Queued import returned SourceDataChangedDuringImport, source files will be rescanned
Queued import returned SourceDataChangedDuringImport, source files will be rescanned
[Worker0] Import Error Code:(4)
Message: Build asset version error: assets/scripts/environment/grietareparacion.cs in SourceAssetDB has modification time of '2026-10-03T01:06:19.9680304Z' while content on disk has modification time of '2026-10-03T01:06:47.2125Z'
[Worker0] Imported GUID: 4894376b7702cb947983b5d89189d6bf - Path: Assets/Scripts/Environment/GrietaReparacion.cs - Importer: PreviewImporter -> (ImportResultId: '00000000000000000000000000000000') in 0.001978 seconds
Queued import returned SourceDataChangedDuringImport, source files will be rescanned
Queued import returned SourceDataChangedDuringImport, source files will be rescanned
[Worker0] Import Error Code:(4)
Message: Build asset version error: assets/scripts/environment/grietareparacion.cs in SourceAssetDB has modification time of '2026-10-03T01:06:19.9680304Z' while content on disk has modification time of '2026-10-03T01:06:47.2125Z'
[Worker0] Imported GUID: 4894376b7702cb947983b5d89189d6bf - Path: Assets/Scripts/Environment/GrietaReparacion.cs - Importer: PreviewImporter -> (ImportResultId: '00000000000000000000000000000000') in 0.0022778 seconds
Queued import returned SourceDataChangedDuringImport, source files will be rescanned
Queued import returned SourceDataChangedDuringImport, source files will be rescanned
[Worker0] Import Error Code:(4)
Message: Build asset version error: assets/scripts/environment/grietareparacion.cs in SourceAssetDB has modification time of '2026-10-03T01:06:19.9680304Z' while content on disk has modification time of '2026-10-03T01:06:47.2125Z'
[Worker0] Imported GUID: 4894376b7702cb947983b5d89189d6bf - Path: Assets/Scripts/Environment/GrietaReparacion.cs - Importer: PreviewImporter -> (ImportResultId: '00000000000000000000000000000000') in 0.001952 seconds
Queued import returned SourceDataChangedDuringImport, source files will be rescanned
Queued import returned SourceDataChangedDuringImport, source files will be rescanned
[Worker0] Import Error Code:(4)
Message: Build asset version error: assets/scripts/environment/grietareparacion.cs in SourceAssetDB has modification time of '2026-10-03T01:06:19.9680304Z' while content on disk has modification time of '2026-10-03T01:06:47.2125Z'
[Worker0] Imported GUID: 4894376b7702cb947983b5d89189d6bf - Path: Assets/Scripts/Environment/GrietaReparacion.cs - Importer: PreviewImporter -> (ImportResultId: '00000000000000000000000000000000') in 0.0020519 seconds
Queued import returned SourceDataChangedDuringImport, source files will be rescanned
Queued import returned SourceDataChangedDuringImport, source files will be rescanned
[Worker0] Import Error Code:(4)
Message: Build asset version error: assets/scripts/environment/grietareparacion.cs in SourceAssetDB has modification time of '2026-10-03T01:06:19.9680304Z' while content on disk has modification time of '2026-10-03T01:06:47.2125Z'
[Worker0] Imported GUID: 4894376b7702cb947983b5d89189d6bf - Path: Assets/Scripts/Environment/GrietaReparacion.cs - Importer: PreviewImporter -> (ImportResultId: '00000000000000000000000000000000') in 0.0021661 seconds
Queued import returned SourceDataChangedDuringImport, source files will be rescanned
Queued import returned SourceDataChangedDuringImport, source files will be rescanned
[Worker0] Import Error Code:(4)
Message: Build asset version error: assets/scripts/environment/grietareparacion.cs in SourceAssetDB has modification time of '2026-10-03T01:06:19.9680304Z' while content on disk has modification time of '2026-10-03T01:06:47.2125Z'
[Worker0] Imported GUID: 4894376b7702cb947983b5d89189d6bf - Path: Assets/Scripts/Environment/GrietaReparacion.cs - Importer: PreviewImporter -> (ImportResultId: '00000000000000000000000000000000') in 0.0027416 seconds
Queued import returned SourceDataChangedDuringImport, source files will be rescanned
Queued import returned SourceDataChangedDuringImport, source files will be rescanned
[Worker0] Import Error Code:(4)
Message: Build asset version error: assets/scripts/environment/grietareparacion.cs in SourceAssetDB has modification time of '2026-10-03T01:06:19.9680304Z' while content on disk has modification time of '2026-10-03T01:06:47.2125Z'
[Worker0] Imported GUID: 4894376b7702cb947983b5d89189d6bf - Path: Assets/Scripts/Environment/GrietaReparacion.cs - Importer: PreviewImporter -> (ImportResultId: '00000000000000000000000000000000') in 0.0034702 seconds
Queued import returned SourceDataChangedDuringImport, source files will be rescanned
Queued import returned SourceDataChangedDuringImport, source files will be rescanned
[Worker0] Import Error Code:(4)
Message: Build asset version error: assets/scripts/environment/grietareparacion.cs in SourceAssetDB has modification time of '2026-10-03T01:06:19.9680304Z' while content on disk has modification time of '2026-10-03T01:06:47.2125Z'
[Worker0] Imported GUID: 4894376b7702cb947983b5d89189d6bf - Path: Assets/Scripts/Environment/GrietaReparacion.cs - Importer: PreviewImporter -> (ImportResultId: '00000000000000000000000000000000') in 0.0031572 seconds
Queued import returned SourceDataChangedDuringImport, source files will be rescanned
Queued import returned SourceDataChangedDuringImport, source files will be rescanned
[Worker0] Import Error Code:(4)
Message: Build asset version error: assets/scripts/environment/grietareparacion.cs in SourceAssetDB has modification time of '2026-10-03T01:06:19.9680304Z' while content on disk has modification time of '2026-10-03T01:06:47.2125Z'
[Worker0] Imported GUID: 4894376b7702cb947983b5d89189d6bf - Path: Assets/Scripts/Environment/GrietaReparacion.cs - Importer: PreviewImporter -> (ImportResultId: '00000000000000000000000000000000') in 0.0031222 seconds
Queued import returned SourceDataChangedDuringImport, source files will be rescanned
Queued import returned SourceDataChangedDuringImport, source files will be rescanned
[Worker0] Import Error Code:(4)
Message: Build asset version error: assets/scripts/environment/grietareparacion.cs in SourceAssetDB has modification time of '2026-10-03T01:06:19.9680304Z' while content on disk has modification time of '2026-10-03T01:06:47.2125Z'
[Worker0] Imported GUID: 4894376b7702cb947983b5d89189d6bf - Path: Assets/Scripts/Environment/GrietaReparacion.cs - Importer: PreviewImporter -> (ImportResultId: '00000000000000000000000000000000') in 0.0038742 seconds
Queued import returned SourceDataChangedDuringImport, source files will be rescanned
Queued import returned SourceDataChangedDuringImport, source files will be rescanned
[Worker0] Import Error Code:(4)
Message: Build asset version error: assets/scripts/environment/grietareparacion.cs in SourceAssetDB has modification time of '2026-10-03T01:06:19.9680304Z' while content on disk has modification time of '2026-10-03T01:06:47.2125Z'
[Worker0] Imported GUID: 4894376b7702cb947983b5d89189d6bf - Path: Assets/Scripts/Environment/GrietaReparacion.cs - Importer: PreviewImporter -> (ImportResultId: '00000000000000000000000000000000') in 0.0019691 seconds
Queued import returned SourceDataChangedDuringImport, source files will be rescanned
Queued import returned SourceDataChangedDuringImport, source files will be rescanned
[Worker0] Import Error Code:(4)
Message: Build asset version error: assets/scripts/environment/grietareparacion.cs in SourceAssetDB has modification time of '2026-10-03T01:06:19.9680304Z' while content on disk has modification time of '2026-10-03T01:06:47.2125Z'
[Worker0] Imported GUID: 4894376b7702cb947983b5d89189d6bf - Path: Assets/Scripts/Environment/GrietaReparacion.cs - Importer: PreviewImporter -> (ImportResultId: '00000000000000000000000000000000') in 0.0021972 seconds
Queued import returned SourceDataChangedDuringImport, source files will be rescanned
Queued import returned SourceDataChangedDuringImport, source files will be rescanned
[Worker0] Import Error Code:(4)
Message: Build asset version error: assets/scripts/environment/grietareparacion.cs in SourceAssetDB has modification time of '2026-10-03T01:06:19.9680304Z' while content on disk has modification time of '2026-10-03T01:06:47.2125Z'
[Worker0] Imported GUID: 4894376b7702cb947983b5d89189d6bf - Path: Assets/Scripts/Environment/GrietaReparacion.cs - Importer: PreviewImporter -> (ImportResultId: '00000000000000000000000000000000') in 0.0025095 seconds
Queued import returned SourceDataChangedDuringImport, source files will be rescanned
Queued import returned SourceDataChangedDuringImport, source files will be rescanned
[Worker0] Import Error Code:(4)
Message: Build asset version error: assets/scripts/environment/grietareparacion.cs in SourceAssetDB has modification time of '2026-10-03T01:06:19.9680304Z' while content on disk has modification time of '2026-10-03T01:06:47.2125Z'
[Worker0] Imported GUID: 4894376b7702cb947983b5d89189d6bf - Path: Assets/Scripts/Environment/GrietaReparacion.cs - Importer: PreviewImporter -> (ImportResultId: '00000000000000000000000000000000') in 0.0017468 seconds
Queued import returned SourceDataChangedDuringImport, source files will be rescanned
Queued import returned SourceDataChangedDuringImport, source files will be rescanned
[Worker0] Import Error Code:(4)
Message: Build asset version error: assets/scripts/environment/grietareparacion.cs in SourceAssetDB has modification time of '2026-10-03T01:06:19.9680304Z' while content on disk has modification time of '2026-10-03T01:06:47.2125Z'
[Worker0] Imported GUID: 4894376b7702cb947983b5d89189d6bf - Path: Assets/Scripts/Environment/GrietaReparacion.cs - Importer: PreviewImporter -> (ImportResultId: '00000000000000000000000000000000') in 0.0020431 seconds
Queued import returned SourceDataChangedDuringImport, source files will be rescanned
Queued import returned SourceDataChangedDuringImport, source files will be rescanned
[Worker0] Import Error Code:(4)
Message: Build asset version error: assets/scripts/environment/grietareparacion.cs in SourceAssetDB has modification time of '2026-10-03T01:06:19.9680304Z' while content on disk has modification time of '2026-10-03T01:06:47.2125Z'
[Worker0] Imported GUID: 4894376b7702cb947983b5d89189d6bf - Path: Assets/Scripts/Environment/GrietaReparacion.cs - Importer: PreviewImporter -> (ImportResultId: '00000000000000000000000000000000') in 0.0016846 seconds
Queued import returned SourceDataChangedDuringImport, source files will be rescanned
Queued import returned SourceDataChangedDuringImport, source files will be rescanned
[Worker0] Import Error Code:(4)
Message: Build asset version error: assets/scripts/environment/grietareparacion.cs in SourceAssetDB has modification time of '2026-10-03T01:06:19.9680304Z' while content on disk has modification time of '2026-10-03T01:06:47.2125Z'
[Worker0] Imported GUID: 4894376b7702cb947983b5d89189d6bf - Path: Assets/Scripts/Environment/GrietaReparacion.cs - Importer: PreviewImporter -> (ImportResultId: '00000000000000000000000000000000') in 0.0015468 seconds
Queued import returned SourceDataChangedDuringImport, source files will be rescanned
Queued import returned SourceDataChangedDuringImport, source files will be rescanned
[Worker0] Import Error Code:(4)
Message: Build asset version error: assets/scripts/environment/grietareparacion.cs in SourceAssetDB has modification time of '2026-10-03T01:06:19.9680304Z' while content on disk has modification time of '2026-10-03T01:06:47.2125Z'
[Worker0] Imported GUID: 4894376b7702cb947983b5d89189d6bf - Path: Assets/Scripts/Environment/GrietaReparacion.cs - Importer: PreviewImporter -> (ImportResultId: '00000000000000000000000000000000') in 0.0020308 seconds
Queued import returned SourceDataChangedDuringImport, source files will be rescanned
Queued import returned SourceDataChangedDuringImport, source files will be rescanned
[Worker0] Import Error Code:(4)
Message: Build asset version error: assets/scripts/environment/grietareparacion.cs in SourceAssetDB has modification time of '2026-10-03T01:06:19.9680304Z' while content on disk has modification time of '2026-10-03T01:06:47.2125Z'
[Worker0] Imported GUID: 4894376b7702cb947983b5d89189d6bf - Path: Assets/Scripts/Environment/GrietaReparacion.cs - Importer: PreviewImporter -> (ImportResultId: '00000000000000000000000000000000') in 0.0022035 seconds
Queued import returned SourceDataChangedDuringImport, source files will be rescanned
Queued import returned SourceDataChangedDuringImport, source files will be rescanned
[Worker0] Import Error Code:(4)
Message: Build asset version error: assets/scripts/environment/grietareparacion.cs in SourceAssetDB has modification time of '2026-10-03T01:06:19.9680304Z' while content on disk has modification time of '2026-10-03T01:06:47.2125Z'
[Worker0] Imported GUID: 4894376b7702cb947983b5d89189d6bf - Path: Assets/Scripts/Environment/GrietaReparacion.cs - Importer: PreviewImporter -> (ImportResultId: '00000000000000000000000000000000') in 0.0027986 seconds
Queued import returned SourceDataChangedDuringImport, source files will be rescanned
Queued import returned SourceDataChangedDuringImport, source files will be rescanned
[Worker0] Import Error Code:(4)
Message: Build asset version error: assets/scripts/environment/grietareparacion.cs in SourceAssetDB has modification time of '2026-10-03T01:06:19.9680304Z' while content on disk has modification time of '2026-10-03T01:06:47.2125Z'
[Worker0] Imported GUID: 4894376b7702cb947983b5d89189d6bf - Path: Assets/Scripts/Environment/GrietaReparacion.cs - Importer: PreviewImporter -> (ImportResultId: '00000000000000000000000000000000') in 0.0020098 seconds
Queued import returned SourceDataChangedDuringImport, source files will be rescanned
Queued import returned SourceDataChangedDuringImport, source files will be rescanned
[Worker0] Import Error Code:(4)
Message: Build asset version error: assets/scripts/environment/grietareparacion.cs in SourceAssetDB has modification time of '2026-10-03T01:06:19.9680304Z' while content on disk has modification time of '2026-10-03T01:06:47.2125Z'
[Worker0] Imported GUID: 4894376b7702cb947983b5d89189d6bf - Path: Assets/Scripts/Environment/GrietaReparacion.cs - Importer: PreviewImporter -> (ImportResultId: '00000000000000000000000000000000') in 0.0019244 seconds
Queued import returned SourceDataChangedDuringImport, source files will be rescanned
Queued import returned SourceDataChangedDuringImport, source files will be rescanned
[Worker0] Import Error Code:(4)
Message: Build asset version error: assets/scripts/environment/grietareparacion.cs in SourceAssetDB has modification time of '2026-10-03T01:06:19.9680304Z' while content on disk has modification time of '2026-10-03T01:06:47.2125Z'
[Worker0] Imported GUID: 4894376b7702cb947983b5d89189d6bf - Path: Assets/Scripts/Environment/GrietaReparacion.cs - Importer: PreviewImporter -> (ImportResultId: '00000000000000000000000000000000') in 0.0021198 seconds
Queued import returned SourceDataChangedDuringImport, source files will be rescanned
Queued import returned SourceDataChangedDuringImport, source files will be rescanned
[Worker0] Import Error Code:(4)
Message: Build asset version error: assets/scripts/environment/grietareparacion.cs in SourceAssetDB has modification time of '2026-10-03T01:06:19.9680304Z' while content on disk has modification time of '2026-10-03T01:06:47.2125Z'
[Worker0] Imported GUID: 4894376b7702cb947983b5d89189d6bf - Path: Assets/Scripts/Environment/GrietaReparacion.cs - Importer: PreviewImporter -> (ImportResultId: '00000000000000000000000000000000') in 0.0019065 seconds
Queued import returned SourceDataChangedDuringImport, source files will be rescanned
Queued import returned SourceDataChangedDuringImport, source files will be rescanned
[Worker0] Import Error Code:(4)
Message: Build asset version error: assets/scripts/environment/grietareparacion.cs in SourceAssetDB has modification time of '2026-10-03T01:06:19.9680304Z' while content on disk has modification time of '2026-10-03T01:06:47.2125Z'
[Worker0] Imported GUID: 4894376b7702cb947983b5d89189d6bf - Path: Assets/Scripts/Environment/GrietaReparacion.cs - Importer: PreviewImporter -> (ImportResultId: '00000000000000000000000000000000') in 0.002184 seconds
Queued import returned SourceDataChangedDuringImport, source files will be rescanned
Queued import returned SourceDataChangedDuringImport, source files will be rescanned
[Worker0] Import Error Code:(4)
Message: Build asset version error: assets/scripts/environment/grietareparacion.cs in SourceAssetDB has modification time of '2026-10-03T01:06:19.9680304Z' while content on disk has modification time of '2026-10-03T01:06:47.2125Z'
[Worker0] Imported GUID: 4894376b7702cb947983b5d89189d6bf - Path: Assets/Scripts/Environment/GrietaReparacion.cs - Importer: PreviewImporter -> (ImportResultId: '00000000000000000000000000000000') in 0.0022091 seconds
Queued import returned SourceDataChangedDuringImport, source files will be rescanned
Queued import returned SourceDataChangedDuringImport, source files will be rescanned
[Worker0] Import Error Code:(4)
Message: Build asset version error: assets/scripts/environment/grietareparacion.cs in SourceAssetDB has modification time of '2026-10-03T01:06:19.9680304Z' while content on disk has modification time of '2026-10-03T01:06:47.2125Z'
[Worker0] Imported GUID: 4894376b7702cb947983b5d89189d6bf - Path: Assets/Scripts/Environment/GrietaReparacion.cs - Importer: PreviewImporter -> (ImportResultId: '00000000000000000000000000000000') in 0.0016219 seconds
Queued import returned SourceDataChangedDuringImport, source files will be rescanned
Queued import returned SourceDataChangedDuringImport, source files will be rescanned
[Worker0] Import Error Code:(4)
Message: Build asset version error: assets/scripts/environment/grietareparacion.cs in SourceAssetDB has modification time of '2026-10-03T01:06:19.9680304Z' while content on disk has modification time of '2026-10-03T01:06:47.2125Z'
[Worker0] Imported GUID: 4894376b7702cb947983b5d89189d6bf - Path: Assets/Scripts/Environment/GrietaReparacion.cs - Importer: PreviewImporter -> (ImportResultId: '00000000000000000000000000000000') in 0.0023661 seconds
Queued import returned SourceDataChangedDuringImport, source files will be rescanned
Queued import returned SourceDataChangedDuringImport, source files will be rescanned
[Worker0] Import Error Code:(4)
Message: Build asset version error: assets/scripts/environment/grietareparacion.cs in SourceAssetDB has modification time of '2026-10-03T01:06:19.9680304Z' while content on disk has modification time of '2026-10-03T01:06:47.2125Z'
[Worker0] Imported GUID: 4894376b7702cb947983b5d89189d6bf - Path: Assets/Scripts/Environment/GrietaReparacion.cs - Importer: PreviewImporter -> (ImportResultId: '00000000000000000000000000000000') in 0.0017791 seconds
Queued import returned SourceDataChangedDuringImport, source files will be rescanned
Queued import returned SourceDataChangedDuringImport, source files will be rescanned
[Worker0] Import Error Code:(4)
Message: Build asset version error: assets/scripts/environment/grietareparacion.cs in SourceAssetDB has modification time of '2026-10-03T01:06:19.9680304Z' while content on disk has modification time of '2026-10-03T01:06:47.2125Z'
[Worker0] Imported GUID: 4894376b7702cb947983b5d89189d6bf - Path: Assets/Scripts/Environment/GrietaReparacion.cs - Importer: PreviewImporter -> (ImportResultId: '00000000000000000000000000000000') in 0.0023951 seconds
Queued import returned SourceDataChangedDuringImport, source files will be rescanned
Queued import returned SourceDataChangedDuringImport, source files will be rescanned
[Worker0] Import Error Code:(4)
Message: Build asset version error: assets/scripts/environment/grietareparacion.cs in SourceAssetDB has modification time of '2026-10-03T01:06:19.9680304Z' while content on disk has modification time of '2026-10-03T01:06:47.2125Z'
[Worker0] Imported GUID: 4894376b7702cb947983b5d89189d6bf - Path: Assets/Scripts/Environment/GrietaReparacion.cs - Importer: PreviewImporter -> (ImportResultId: '00000000000000000000000000000000') in 0.0027466 seconds
Queued import returned SourceDataChangedDuringImport, source files will be rescanned
Queued import returned SourceDataChangedDuringImport, source files will be rescanned
[Worker0] Import Error Code:(4)
Message: Build asset version error: assets/scripts/environment/grietareparacion.cs in SourceAssetDB has modification time of '2026-10-03T01:06:19.9680304Z' while content on disk has modification time of '2026-10-03T01:06:47.2125Z'
[Worker0] Imported GUID: 4894376b7702cb947983b5d89189d6bf - Path: Assets/Scripts/Environment/GrietaReparacion.cs - Importer: PreviewImporter -> (ImportResultId: '00000000000000000000000000000000') in 0.0028925 seconds
Queued import returned SourceDataChangedDuringImport, source files will be rescanned
Queued import returned SourceDataChangedDuringImport, source files will be rescanned
[Worker0] Import Error Code:(4)
Message: Build asset version error: assets/scripts/environment/grietareparacion.cs in SourceAssetDB has modification time of '2026-10-03T01:06:19.9680304Z' while content on disk has modification time of '2026-10-03T01:06:47.2125Z'
[Worker0] Imported GUID: 4894376b7702cb947983b5d89189d6bf - Path: Assets/Scripts/Environment/GrietaReparacion.cs - Importer: PreviewImporter -> (ImportResultId: '00000000000000000000000000000000') in 0.002868 seconds
Queued import returned SourceDataChangedDuringImport, source files will be rescanned
Queued import returned SourceDataChangedDuringImport, source files will be rescanned
[Worker0] Import Error Code:(4)
Message: Build asset version error: assets/scripts/environment/grietareparacion.cs in SourceAssetDB has modification time of '2026-10-03T01:06:19.9680304Z' while content on disk has modification time of '2026-10-03T01:06:47.2125Z'
[Worker0] Imported GUID: 4894376b7702cb947983b5d89189d6bf - Path: Assets/Scripts/Environment/GrietaReparacion.cs - Importer: PreviewImporter -> (ImportResultId: '00000000000000000000000000000000') in 0.002431 seconds
Queued import returned SourceDataChangedDuringImport, source files will be rescanned
Queued import returned SourceDataChangedDuringImport, source files will be rescanned
[Worker0] Import Error Code:(4)
Message: Build asset version error: assets/scripts/environment/grietareparacion.cs in SourceAssetDB has modification time of '2026-10-03T01:06:19.9680304Z' while content on disk has modification time of '2026-10-03T01:06:47.2125Z'
[Worker0] Imported GUID: 4894376b7702cb947983b5d89189d6bf - Path: Assets/Scripts/Environment/GrietaReparacion.cs - Importer: PreviewImporter -> (ImportResultId: '00000000000000000000000000000000') in 0.0024027 seconds
Queued import returned SourceDataChangedDuringImport, source files will be rescanned
Queued import returned SourceDataChangedDuringImport, source files will be rescanned
[Worker0] Import Error Code:(4)
Message: Build asset version error: assets/scripts/environment/grietareparacion.cs in SourceAssetDB has modification time of '2026-10-03T01:06:19.9680304Z' while content on disk has modification time of '2026-10-03T01:06:47.2125Z'
[Worker0] Imported GUID: 4894376b7702cb947983b5d89189d6bf - Path: Assets/Scripts/Environment/GrietaReparacion.cs - Importer: PreviewImporter -> (ImportResultId: '00000000000000000000000000000000') in 0.0020909 seconds
Queued import returned SourceDataChangedDuringImport, source files will be rescanned
Queued import returned SourceDataChangedDuringImport, source files will be rescanned
[Worker0] Import Error Code:(4)
Message: Build asset version error: assets/scripts/environment/grietareparacion.cs in SourceAssetDB has modification time of '2026-10-03T01:06:19.9680304Z' while content on disk has modification time of '2026-10-03T01:06:47.2125Z'
[Worker0] Imported GUID: 4894376b7702cb947983b5d89189d6bf - Path: Assets/Scripts/Environment/GrietaReparacion.cs - Importer: PreviewImporter -> (ImportResultId: '00000000000000000000000000000000') in 0.0020178 seconds
Queued import returned SourceDataChangedDuringImport, source files will be rescanned
Queued import returned SourceDataChangedDuringImport, source files will be rescanned
[Worker0] Import Error Code:(4)
Message: Build asset version error: assets/scripts/environment/grietareparacion.cs in SourceAssetDB has modification time of '2026-10-03T01:06:19.9680304Z' while content on disk has modification time of '2026-10-03T01:06:47.2125Z'
[Worker0] Imported GUID: 4894376b7702cb947983b5d89189d6bf - Path: Assets/Scripts/Environment/GrietaReparacion.cs - Importer: PreviewImporter -> (ImportResultId: '00000000000000000000000000000000') in 0.0017895 seconds
Queued import returned SourceDataChangedDuringImport, source files will be rescanned
Queued import returned SourceDataChangedDuringImport, source files will be rescanned
[Worker0] Import Error Code:(4)
Message: Build asset version error: assets/scripts/environment/grietareparacion.cs in SourceAssetDB has modification time of '2026-10-03T01:06:19.9680304Z' while content on disk has modification time of '2026-10-03T01:06:47.2125Z'
[Worker0] Imported GUID: 4894376b7702cb947983b5d89189d6bf - Path: Assets/Scripts/Environment/GrietaReparacion.cs - Importer: PreviewImporter -> (ImportResultId: '00000000000000000000000000000000') in 0.0026065 seconds
Queued import returned SourceDataChangedDuringImport, source files will be rescanned
Queued import returned SourceDataChangedDuringImport, source files will be rescanned
[Worker0] Import Error Code:(4)
Message: Build asset version error: assets/scripts/environment/grietareparacion.cs in SourceAssetDB has modification time of '2026-10-03T01:06:19.9680304Z' while content on disk has modification time of '2026-10-03T01:06:47.2125Z'
[Worker0] Imported GUID: 4894376b7702cb947983b5d89189d6bf - Path: Assets/Scripts/Environment/GrietaReparacion.cs - Importer: PreviewImporter -> (ImportResultId: '00000000000000000000000000000000') in 0.0017954 seconds
Queued import returned SourceDataChangedDuringImport, source files will be rescanned
Queued import returned SourceDataChangedDuringImport, source files will be rescanned
[Worker0] Import Error Code:(4)
Message: Build asset version error: assets/scripts/environment/grietareparacion.cs in SourceAssetDB has modification time of '2026-10-03T01:06:19.9680304Z' while content on disk has modification time of '2026-10-03T01:06:47.2125Z'
[Worker0] Imported GUID: 4894376b7702cb947983b5d89189d6bf - Path: Assets/Scripts/Environment/GrietaReparacion.cs - Importer: PreviewImporter -> (ImportResultId: '00000000000000000000000000000000') in 0.0031557 seconds
Queued import returned SourceDataChangedDuringImport, source files will be rescanned
Queued import returned SourceDataChangedDuringImport, source files will be rescanned
[Worker0] Import Error Code:(4)
Message: Build asset version error: assets/scripts/environment/grietareparacion.cs in SourceAssetDB has modification time of '2026-10-03T01:06:19.9680304Z' while content on disk has modification time of '2026-10-03T01:06:47.2125Z'
[Worker0] Imported GUID: 4894376b7702cb947983b5d89189d6bf - Path: Assets/Scripts/Environment/GrietaReparacion.cs - Importer: PreviewImporter -> (ImportResultId: '00000000000000000000000000000000') in 0.00247 seconds
Queued import returned SourceDataChangedDuringImport, source files will be rescanned
Queued import returned SourceDataChangedDuringImport, source files will be rescanned
[Worker0] Import Error Code:(4)
Message: Build asset version error: assets/scripts/environment/grietareparacion.cs in SourceAssetDB has modification time of '2026-10-03T01:06:19.9680304Z' while content on disk has modification time of '2026-10-03T01:06:47.2125Z'
[Worker0] Imported GUID: 4894376b7702cb947983b5d89189d6bf - Path: Assets/Scripts/Environment/GrietaReparacion.cs - Importer: PreviewImporter -> (ImportResultId: '00000000000000000000000000000000') in 0.0037047 seconds
Queued import returned SourceDataChangedDuringImport, source files will be rescanned
Queued import returned SourceDataChangedDuringImport, source files will be rescanned
[Worker0] Import Error Code:(4)
Message: Build asset version error: assets/scripts/environment/grietareparacion.cs in SourceAssetDB has modification time of '2026-10-03T01:06:19.9680304Z' while content on disk has modification time of '2026-10-03T01:06:47.2125Z'
[Worker0] Imported GUID: 4894376b7702cb947983b5d89189d6bf - Path: Assets/Scripts/Environment/GrietaReparacion.cs - Importer: PreviewImporter -> (ImportResultId: '00000000000000000000000000000000') in 0.0038937 seconds
Queued import returned SourceDataChangedDuringImport, source files will be rescanned
Queued import returned SourceDataChangedDuringImport, source files will be rescanned
[Worker0] Import Error Code:(4)
Message: Build asset version error: assets/scripts/environment/grietareparacion.cs in SourceAssetDB has modification time of '2026-10-03T01:06:19.9680304Z' while content on disk has modification time of '2026-10-03T01:06:47.2125Z'
[Worker0] Imported GUID: 4894376b7702cb947983b5d89189d6bf - Path: Assets/Scripts/Environment/GrietaReparacion.cs - Importer: PreviewImporter -> (ImportResultId: '00000000000000000000000000000000') in 0.0024156 seconds
Queued import returned SourceDataChangedDuringImport, source files will be rescanned
Queued import returned SourceDataChangedDuringImport, source files will be rescanned
[Worker0] Import Error Code:(4)
Message: Build asset version error: assets/scripts/environment/grietareparacion.cs in SourceAssetDB has modification time of '2026-10-03T01:06:19.9680304Z' while content on disk has modification time of '2026-10-03T01:06:47.2125Z'
[Worker0] Imported GUID: 4894376b7702cb947983b5d89189d6bf - Path: Assets/Scripts/Environment/GrietaReparacion.cs - Importer: PreviewImporter -> (ImportResultId: '00000000000000000000000000000000') in 0.002999 seconds
Queued import returned SourceDataChangedDuringImport, source files will be rescanned
Queued import returned SourceDataChangedDuringImport, source files will be rescanned
[Worker0] Import Error Code:(4)
Message: Build asset version error: assets/scripts/environment/grietareparacion.cs in SourceAssetDB has modification time of '2026-10-03T01:06:19.9680304Z' while content on disk has modification time of '2026-10-03T01:06:47.2125Z'
[Worker0] Imported GUID: 4894376b7702cb947983b5d89189d6bf - Path: Assets/Scripts/Environment/GrietaReparacion.cs - Importer: PreviewImporter -> (ImportResultId: '00000000000000000000000000000000') in 0.0030913 seconds
Queued import returned SourceDataChangedDuringImport, source files will be rescanned
Queued import returned SourceDataChangedDuringImport, source files will be rescanned
[Worker0] Import Error Code:(4)
Message: Build asset version error: assets/scripts/environment/grietareparacion.cs in SourceAssetDB has modification time of '2026-10-03T01:06:19.9680304Z' while content on disk has modification time of '2026-10-03T01:06:47.2125Z'
[Worker0] Imported GUID: 4894376b7702cb947983b5d89189d6bf - Path: Assets/Scripts/Environment/GrietaReparacion.cs - Importer: PreviewImporter -> (ImportResultId: '00000000000000000000000000000000') in 0.0051029 seconds
Queued import returned SourceDataChangedDuringImport, source files will be rescanned
Queued import returned SourceDataChangedDuringImport, source files will be rescanned
[Worker0] Import Error Code:(4)
Message: Build asset version error: assets/scripts/environment/grietareparacion.cs in SourceAssetDB has modification time of '2026-10-03T01:06:19.9680304Z' while content on disk has modification time of '2026-10-03T01:06:47.2125Z'
[Worker0] Imported GUID: 4894376b7702cb947983b5d89189d6bf - Path: Assets/Scripts/Environment/GrietaReparacion.cs - Importer: PreviewImporter -> (ImportResultId: '00000000000000000000000000000000') in 0.0047429 seconds
Queued import returned SourceDataChangedDuringImport, source files will be rescanned
Queued import returned SourceDataChangedDuringImport, source files will be rescanned
[Worker0] Import Error Code:(4)
Message: Build asset version error: assets/scripts/environment/grietareparacion.cs in SourceAssetDB has modification time of '2026-10-03T01:06:19.9680304Z' while content on disk has modification time of '2026-10-03T01:06:47.2125Z'
[Worker0] Imported GUID: 4894376b7702cb947983b5d89189d6bf - Path: Assets/Scripts/Environment/GrietaReparacion.cs - Importer: PreviewImporter -> (ImportResultId: '00000000000000000000000000000000') in 0.0181926 seconds
Queued import returned SourceDataChangedDuringImport, source files will be rescanned
Queued import returned SourceDataChangedDuringImport, source files will be rescanned
[Worker0] Import Error Code:(4)
Message: Build asset version error: assets/scripts/environment/grietareparacion.cs in SourceAssetDB has modification time of '2026-10-03T01:06:19.9680304Z' while content on disk has modification time of '2026-10-03T01:06:47.2125Z'
[Worker0] Imported GUID: 4894376b7702cb947983b5d89189d6bf - Path: Assets/Scripts/Environment/GrietaReparacion.cs - Importer: PreviewImporter -> (ImportResultId: '00000000000000000000000000000000') in 0.0053222 seconds
Queued import returned SourceDataChangedDuringImport, source files will be rescanned
Queued import returned SourceDataChangedDuringImport, source files will be rescanned
[Worker0] Import Error Code:(4)
Message: Build asset version error: assets/scripts/environment/grietareparacion.cs in SourceAssetDB has modification time of '2026-10-03T01:06:19.9680304Z' while content on disk has modification time of '2026-10-03T01:06:47.2125Z'
[Worker0] Imported GUID: 4894376b7702cb947983b5d89189d6bf - Path: Assets/Scripts/Environment/GrietaReparacion.cs - Importer: PreviewImporter -> (ImportResultId: '00000000000000000000000000000000') in 0.0043919 seconds
Queued import returned SourceDataChangedDuringImport, source files will be rescanned
Queued import returned SourceDataChangedDuringImport, source files will be rescanned
[Worker0] Import Error Code:(4)
Message: Build asset version error: assets/scripts/environment/grietareparacion.cs in SourceAssetDB has modification time of '2026-10-03T01:06:19.9680304Z' while content on disk has modification time of '2026-10-03T01:06:47.2125Z'
[ScriptCompilation] Requested script compilation because: AssetDatabase observed changes in script compilation related files
[Licensing::Client] Successfully resolved entitlement details
Starting: C:\Program Files\Unity\Hub\Editor\6000.6.0f1\Editor\Data\Tools\BuildPipeline\bee_backend.exe --ipc --defer-dag-verification --dagfile="Library/Bee/1900b0aE.dag" --continue-on-failure --profile="Library/Bee/backend1.traceevents" ScriptAssemblies
WorkingDir: C:/Users/kimji/Ingenieria_MisionKonstruir
ExitCode: 0 Duration: 4s257ms
[746/958    0s] ILPP-Configuration Library/ilpp-configuration.nevergeneratedoutput
[954/958    2s] Csc Library/Bee/artifacts/1900b0aE.dag/Assembly-CSharp.dll (+2 others)
Assets\Scripts\Core\GameManager.cs(20,39): warning CS0414: The field 'GameManager.grietaReparada' is assigned but its value is never used
[955/958    0s] ILPostProcess Library/Bee/artifacts/1900b0aE.dag/post-processed/Assembly-CSharp.dll (+pdb)
Processing assembly Library/Bee/artifacts/1900b0aE.dag/Assembly-CSharp.dll, with 150 defines and 350 references

processors: Unity.Jobs.CodeGen.JobsILPostProcessor, zzzUnity.Burst.CodeGen.BurstILPostProcessor

1 processor(s) skipped this assembly

running Unity.Jobs.CodeGen.JobsILPostProcessor
[956/958    0s] CopyFiles Library/ScriptAssemblies/Assembly-CSharp.pdb
[957/958    0s] CopyFiles Library/ScriptAssemblies/Assembly-CSharp.dll
*** Tundra build success (4.09 seconds), 5 items updated, 958 evaluated
Assets\Scripts\Core\GameManager.cs(20,39): warning CS0414: The field 'GameManager.grietaReparada' is assigned but its value is never used
Reloading assemblies after forced synchronous recompile.
Begin MonoManager ReloadAssembly
Total cache size 267849644
Total cache size after purge 267849644, took 00:00:02.6589259
Assembly reference Packages/com.unity.cinemachine/Editor/Samples/ExposeHDRPInternals/HDRP-Editor-ref.asmref has no target assembly definition
Refreshing native plugins compatible for Editor in 23.32 ms, found 5 plugins.
Native extension for WindowsStandalone target not found
Native extension for WebGL target not found
[main 2026-10-03T01:08:16.457Z] [perf] profiling STARTED c10c7092-6ad0-4c5f-8b52-3420f047de92
[MODES] ModeService[none].Initialize
[MODES] ModeService[none].LoadModes
ScheduleIndexationOnStartup MainProcess:True IndexOnStartup:True
[main 2026-10-03T01:08:21.730Z] [perf] profiling DONE c10c7092-6ad0-4c5f-8b52-3420f047de92
[main 2026-10-03T01:08:23.416Z] [perf] profiling STARTED c10c7092-6ad0-4c5f-8b52-3420f047de92
Scripting: successfully reloaded assembly
- Finished resetting the current domain, in 12.265 seconds
Domain Reload Profiling: 22067ms
	BeginReloadAssembly (5377ms)
		DisableScriptedObjects (1516ms)
		CreateAndSetChildDomain (1873ms)
	RebuildCommonClasses (62ms)
	RebuildNativeTypeToScriptingClass (90ms)
	initialDomainReloadingComplete (920ms)
	LoadAllAssembliesAndSetupDomain (3350ms)
		LoadAssemblies (1535ms)
		TypeCache.Refresh (185ms)
			TypeCache.ScanAssembly (3ms)
		AnalyzeDomain (1257ms)
			BuildScriptInfoCaches (1157ms)
			ResolveRequiredComponents (43ms)
	FinalizeReload (12268ms)
		SetupLoadedEditorAssemblies (0ms)
			LogAssemblyErrors (21ms)
			InitializePlatformSupportModulesInManaged (13ms)
			BeforeProcessingInitializeOnLoad (1907ms)
			ProcessInitializeOnLoadAttributes (2703ms)
			ProcessInitializeOnLoadMethodAttributes (365ms)
			AfterProcessingInitializeOnLoad (71ms)
			EditorAssembliesLoaded (11ms)
		AwakeInstancesAfterBackupRestoration (4172ms)
Refreshing native plugins compatible for Editor in 15.83 ms, found 5 plugins.

Asset Pipeline Refresh (id=5c00bfaaa40d8f24b88d23546a55e149): Total: 31.401 seconds - Initiated by RefreshV2(AllowForceSynchronousImport)
	(Values over 0.05ms)
	Summary:
		Imports: total=0 (actual=0, local cache=0, cache server=0)
		Asset DB Process Time: managed=0 ms, native=12956 ms
		Asset DB Callback time: managed=319 ms, native=107 ms
		Scripting: domain reloads=1, domain reload time=10442 ms, compile time=7575 ms, other=0 ms
		Project Asset Count: scripts=1208, non-scripts=1939
		Asset File Changes: new=0, changed=1, moved=0, deleted=0
		Scan Filter Count: 0
	InvokePackagesCallback: 15.866ms
	ApplyChangesToAssetFolders: 3.094ms
	Scan: 71.142ms
	Collect global state as custom dependencies: 13.624ms
	OnSourceAssetsModified: 11.699ms
	CategorizeScriptCompilationAssets: 0.143ms
	ProcessAssetsWithTransientArtifactChanges: 21.513ms
	CategorizeAssets: 194.345ms
	CompileScripts: 7575.263ms
	ImportOutOfDateAssets: 12322.566ms (12309.346ms without children)
		CollectScriptTypesHashes: 0.632ms
		ReloadNativeAssets: 0.051ms
		UnloadImportedAssets: 0.450ms
		EnsureUptoDateAssetsAreRegisteredWithGuidPM: 3.545ms
		ImportSchedulerStart: 8.748ms
	PostProcessAllAssets: 320.034ms
		XRBuildSystem.XRAssetImported 4.371ms
		PostProcessCallbackCreateDeferredMaterials 0.844ms
		ShaderAssetModifiedCallback 0.544ms
		SpriteAtlasDatabase.OnAssetPostprocessCallback 0.355ms
		MonoPostProcessAllAssets: 309.365ms
			SyncVS.PostprocessSyncProject 48.069ms
			WindowAssetPostprocessingWatcher.OnPostprocessAllAssets 40.504ms
			BuilderAssetPostprocessor.OnPostprocessAllAssets 33.454ms
			AssetChangedListener.OnPostprocessAllAssets 27.731ms
			AssetPostprocessor.OnPostprocessAllAssets 23.335ms
			SpriteSlicePostprocessor.OnPostprocessAllAssets 13.496ms
			RetainedModeAssetPostprocessor.OnPostprocessAllAssets 6.430ms
			EditModeScopePostprocessor.OnPostprocessAllAssets 5.016ms
			ProjectSettingsPostprocessor.OnPostprocessAllAssets 4.234ms
			SpeedTree9Postprocessor.OnPostprocessAllAssets 3.989ms
			SpriteEditorTexturePostprocessor.OnPostprocessAllAssets 2.916ms
			TMPro_TexturePostProcessor.OnPostprocessAllAssets 2.907ms
			ArtifactBrowserPostProcessor.OnPostprocessAllAssets 2.693ms
			SpriteShapeAssetPostProcessor.OnPostprocessAllAssets 2.176ms
			CinemachineSettings.OnPostprocessAllAssets 2.033ms
			AudioMixerPostprocessor.OnPostprocessAllAssets 1.855ms
			InputActionAssetPostprocessor.OnPostprocessAllAssets 1.835ms
			StyleCatalogPostProcessor.OnPostprocessAllAssets 1.635ms
			UVCSAssetPostprocessor.OnPostprocessAllAssets 1.594ms
			TextAssetPostProcessor.OnPostprocessAllAssets 1.583ms
			ReferencedClipsPostProcessor.OnPostprocessAllAssets 1.561ms
			InputActionJsonNameModifierAssetProcessor.OnPostprocessAllAssets 1.514ms
			AssetEvents.OnPostprocessAllAssets 1.439ms
			SpriteLibraryAssetPostprocessor.OnPostprocessAllAssets 1.138ms
			DomainReloadProcessor.OnPostprocessAllAssets 1.112ms
			TerrainToolbarOverlayPostProcessor.OnPostprocessAllAssets 0.819ms
			AssetDatabaseCallbacks.OnPostprocessAllAssets 0.815ms
			SamplePostprocessor.OnPostprocessAllAssets 0.806ms
			ThemePostprocessor.OnPostprocessAllAssets 0.763ms
			ConfigAssetsTracker.OnPostprocessAllAssets 0.762ms
			ScenarioDriftAssetsTracker.OnPostprocessAllAssets 0.742ms
			SpeedTreePostProcessor.OnPostprocessAllAssets 0.730ms
			PSDImportPostProcessor.OnPostprocessAllAssets 0.653ms
			AssetReloadNotifier.OnPostprocessAllAssets 0.567ms
			AudioContainerPostProcessor.OnPostprocessAllAssets 0.440ms
			PSDImporterAssetPostProcessor.OnPostprocessAllAssets 0.436ms
			RenderPipelineGlobalSettingsPostprocessor.OnPostprocessAllAssets 0.364ms
			AssetProcessor.OnPostprocessAllAssets 0.342ms
	PostAssetChangesProfiler: 91.138ms
	GatherAllCurrentPrimaryImportResultRevisions: 16.128ms
	PersistCurrentRevisions: 0.296ms
	GenerateScriptTypeHashes: 5.421ms
	GenerateScriptTypeSerializationHashes: 9.153ms
	Untracked: 10679.201ms

[Licensing::Client] Successfully resolved entitlement details
[Licensing::Client] Successfully resolved entitlement details
[main 2026-10-03T01:08:28.520Z] [perf] profiling DONE c10c7092-6ad0-4c5f-8b52-3420f047de92
[main 2026-10-03T01:08:30.138Z] [perf] profiling STARTED c10c7092-6ad0-4c5f-8b52-3420f047de92
[Licensing::Client] Successfully resolved entitlement details
[main 2026-10-03T01:08:35.242Z] [perf] profiling DONE c10c7092-6ad0-4c5f-8b52-3420f047de92
Asset Pipeline Refresh (id=adbd2551bd343b54cb31c417fbe656a0): Total: 0.015 seconds - Initiated by RefreshV2(AllowForceSynchronousImport)
Asset Pipeline Refresh (id=1ae7549a23602cb4594299371ddf118e): Total: 0.030 seconds - Initiated by RefreshV2(AllowForceSynchronousImport)
Asset Pipeline Refresh (id=ce005810d353b18418fa196499aba5f4): Total: 0.012 seconds - Initiated by RefreshV2(AllowForceSynchronousImport)
[Worker0] Imported GUID: 4894376b7702cb947983b5d89189d6bf - Path: Assets/Scripts/Environment/GrietaReparacion.cs - Importer: ScriptedImporter/UnityEditor.QuickSearchModule:UnityEditor.Search:ASIAI0B -> (ImportResultId: 'b5b83186c8d58b0c1b2e27f440526c01') in 0.8340724 seconds
Assembly reference Packages/com.unity.cinemachine/Editor/Samples/ExposeHDRPInternals/HDRP-Editor-ref.asmref has no target assembly definition
[ScriptCompilation] Requested script compilation because: AssetDatabase observed changes in script compilation related files
[Licensing::Client] Successfully resolved entitlement details
Refreshing native plugins compatible for Editor in 12.39 ms, found 5 plugins.

Asset Pipeline Refresh (id=d4c7087e57d003e45a7e5ddf872a4923): Total: 1.844 seconds - Initiated by StopAssetImportingV2(NoUpdateAssetOptions)
	(Values over 0.05ms)
	Summary:
		Imports: total=0 (actual=0, local cache=0, cache server=0)
		Asset DB Process Time: managed=0 ms, native=397 ms
		Asset DB Callback time: managed=1421 ms, native=22 ms
		Scripting: domain reloads=0, domain reload time=0 ms, compile time=2 ms, other=0 ms
		Project Asset Count: scripts=1208, non-scripts=1939
		Asset File Changes: new=1, changed=1, moved=0, deleted=0
		Scan Filter Count: 4
	ApplyChangesToAssetFolders: 0.414ms
	Scan: 119.928ms
	Collect global state as custom dependencies: 0.871ms
	OnSourceAssetsModified: 2.878ms
	CategorizeScriptCompilationAssets: 0.284ms
	ProcessAssetsWithTransientArtifactChanges: 5.237ms
	CategorizeAssets: 9.260ms
	CompileScripts: 2.061ms
	ImportOutOfDateAssets: 7.662ms (0.396ms without children)
		ReloadNativeAssets: 0.122ms
		UnloadImportedAssets: 0.467ms
		EnsureUptoDateAssetsAreRegisteredWithGuidPM: 1.231ms
		ImportSchedulerStart: 5.438ms
	PostProcessAllAssets: 1367.755ms
		XRBuildSystem.XRAssetImported 5.131ms
		PostProcessCallbackCreateDeferredMaterials 0.958ms
		VersionControlSettings.HiddenFilePostprocess 0.180ms
		ObjectImages.AssetImported 0.147ms
		ShaderAssetModifiedCallback 0.055ms
		MonoPostProcessAllAssets: 1360.154ms
			SyncVS.PostprocessSyncProject 1351.134ms
			ConfigAssetsTracker.OnPostprocessAllAssets 3.242ms
			AssetChangedListener.OnPostprocessAllAssets 1.408ms
			AssetPostprocessor.OnPostprocessAllAssets 0.769ms
			SpriteEditorTexturePostprocessor.OnPostprocessAllAssets 0.430ms
			SpriteShapeAssetPostProcessor.OnPostprocessAllAssets 0.256ms
			WindowAssetPostprocessingWatcher.OnPostprocessAllAssets 0.243ms
			PSDImporterAssetPostProcessor.OnPostprocessAllAssets 0.154ms
			ArtifactBrowserPostProcessor.OnPostprocessAllAssets 0.136ms
			AssetDatabaseCallbacks.OnPostprocessAllAssets 0.134ms
			PSDImportPostProcessor.OnPostprocessAllAssets 0.117ms
			SpriteSlicePostprocessor.OnPostprocessAllAssets 0.106ms
			SamplePostprocessor.OnPostprocessAllAssets 0.097ms
			ProjectSettingsPostprocessor.OnPostprocessAllAssets 0.095ms
			TMPro_TexturePostProcessor.OnPostprocessAllAssets 0.095ms
			AudioMixerPostprocessor.OnPostprocessAllAssets 0.091ms
			StyleCatalogPostProcessor.OnPostprocessAllAssets 0.085ms
			AudioContainerPostProcessor.OnPostprocessAllAssets 0.080ms
			TextAssetPostProcessor.OnPostprocessAllAssets 0.075ms
			InputActionAssetPostprocessor.OnPostprocessAllAssets 0.074ms
			InputActionJsonNameModifierAssetProcessor.OnPostprocessAllAssets 0.070ms
			TerrainToolbarOverlayPostProcessor.OnPostprocessAllAssets 0.060ms
	PostAssetChangesProfiler: 72.974ms
	GatherAllCurrentPrimaryImportResultRevisions: 1.998ms
	PersistCurrentRevisions: 0.293ms
	Untracked: 251.992ms

[Worker0] Imported GUID: 7ed4d4ae50e264c48bc457dd2c39faf2 - Path: Assets/Scripts/Core/TimerManager.cs - Importer: ScriptedImporter/UnityEditor.QuickSearchModule:UnityEditor.Search:ASIAI0B -> (ImportResultId: 'c987e4d40bc1f779b5933106ab87fd96') in 0.0219596 seconds
[Worker0] Imported GUID: 7ed4d4ae50e264c48bc457dd2c39faf2 - Path: Assets/Scripts/Core/TimerManager.cs - Importer: PreviewImporter -> (ImportResultId: 'bc2acdcef58031649b5d0dd4cf645d73') in 0.0081103 seconds
Starting: C:\Program Files\Unity\Hub\Editor\6000.6.0f1\Editor\Data\Tools\BuildPipeline\bee_backend.exe --ipc --defer-dag-verification --dagfile="Library/Bee/1900b0aE.dag" --continue-on-failure --profile="Library/Bee/backend1.traceevents" ScriptAssemblies
WorkingDir: C:/Users/kimji/Ingenieria_MisionKonstruir
ExitCode: 4 Duration: 1s659ms
Starting: C:\Program Files\Unity\Hub\Editor\6000.6.0f1\Editor\Data\DotNetSdk\dotnet.exe "C:\Program Files\Unity\Hub\Editor\6000.6.0f1\Editor\Data\Tools\BuildPipeline\ScriptCompilationBuildProgram.exe" "Library/Bee/1900b0aE.dag.json" "Library/Bee/1900b0aE-inputdata.json" "Library\Bee\buildprogram0.traceevents"
[747/958    0s] ILPP-Configuration Library/ilpp-configuration.nevergeneratedoutput
Rebuilding DAG because FileSignature timestamp changed: Library/Bee/1900b0aE-inputdata.json
*** Tundra requires additional run (1.16 seconds), 1 items updated, 805 evaluatedWorkingDir: C:/Users/kimji/Ingenieria_MisionKonstruir

ExitCode: 0 Duration: 6s658ms
Starting: C:\Program Files\Unity\Hub\Editor\6000.6.0f1\Editor\Data\Tools\BuildPipeline\bee_backend.exe --ipc --defer-dag-verification --dagfile="Library/Bee/1900b0aE.dag" --continue-on-failure --dagfilejson="Library\Bee\1900b0aE.dag.json" --profile="Library/Bee/backend2.traceevents" ScriptAssemblies
WorkingDir: C:/Users/kimji/Ingenieria_MisionKonstruir
ExitCode: 0 Duration: 4s476ms
Finished compiling graph: 961 nodes, 18367 flattened edges (15745 ToBuild, 146 ToUse), maximum node priority 1020
[532/958    0s] WriteText Library/Bee/artifacts/1900b0aE.dag/Assembly-CSharp.rsp
[746/958    0s] ILPP-Configuration Library/ilpp-configuration.nevergeneratedoutput
[954/958    1s] Csc Library/Bee/artifacts/1900b0aE.dag/Assembly-CSharp.dll (+2 others)
Assets\Scripts\Core\GameManager.cs(20,39): warning CS0414: The field 'GameManager.grietaReparada' is assigned but its value is never used
[955/958    0s] ILPostProcess Library/Bee/artifacts/1900b0aE.dag/post-processed/Assembly-CSharp.dll (+pdb)
Processing assembly Library/Bee/artifacts/1900b0aE.dag/Assembly-CSharp.dll, with 150 defines and 350 references

processors: Unity.Jobs.CodeGen.JobsILPostProcessor, zzzUnity.Burst.CodeGen.BurstILPostProcessor

1 processor(s) skipped this assembly

running Unity.Jobs.CodeGen.JobsILPostProcessor
[956/958    0s] CopyFiles Library/ScriptAssemblies/Assembly-CSharp.pdb
[957/958    0s] CopyFiles Library/ScriptAssemblies/Assembly-CSharp.dll
*** Tundra build success (4.29 seconds), 6 items updated, 958 evaluated
Assets\Scripts\Core\GameManager.cs(20,39): warning CS0414: The field 'GameManager.grietaReparada' is assigned but its value is never used
Reloading assemblies after forced synchronous recompile.
Begin MonoManager ReloadAssembly
Total cache size 267849644
Total cache size after purge 267849644, took 00:00:04.2530582
Assembly reference Packages/com.unity.cinemachine/Editor/Samples/ExposeHDRPInternals/HDRP-Editor-ref.asmref has no target assembly definition
Refreshing native plugins compatible for Editor in 29.39 ms, found 5 plugins.
Native extension for WindowsStandalone target not found
Native extension for WebGL target not found
[MODES] ModeService[none].Initialize
[MODES] ModeService[none].LoadModes
ScheduleIndexationOnStartup MainProcess:True IndexOnStartup:True
Scripting: successfully reloaded assembly
- Finished resetting the current domain, in 10.783 seconds
Domain Reload Profiling: 23574ms
	BeginReloadAssembly (8808ms)
		ExecutionOrderSort (5ms)
		DisableScriptedObjects (1983ms)
		CreateAndSetChildDomain (4651ms)
	RebuildCommonClasses (50ms)
	RebuildNativeTypeToScriptingClass (87ms)
	initialDomainReloadingComplete (617ms)
	LoadAllAssembliesAndSetupDomain (3223ms)
		LoadAssemblies (1344ms)
		TypeCache.Refresh (123ms)
			TypeCache.ScanAssembly (3ms)
		AnalyzeDomain (1481ms)
			BuildScriptInfoCaches (1344ms)
			ResolveRequiredComponents (49ms)
	FinalizeReload (10789ms)
		SetupLoadedEditorAssemblies (0ms)
			LogAssemblyErrors (14ms)
			InitializePlatformSupportModulesInManaged (12ms)
			BeforeProcessingInitializeOnLoad (1553ms)
			ProcessInitializeOnLoadAttributes (2666ms)
			ProcessInitializeOnLoadMethodAttributes (399ms)
			AfterProcessingInitializeOnLoad (46ms)
			EditorAssembliesLoaded (13ms)
		AwakeInstancesAfterBackupRestoration (3668ms)
Refreshing native plugins compatible for Editor in 10.49 ms, found 5 plugins.

Asset Pipeline Refresh (id=b04c1baf7d73587448b9579b329540ea): Total: 29.449 seconds - Initiated by RefreshV2(AllowForceSynchronousImport)
	(Values over 0.05ms)
	Summary:
		Imports: total=0 (actual=0, local cache=0, cache server=0)
		Asset DB Process Time: managed=0 ms, native=11369 ms
		Asset DB Callback time: managed=238 ms, native=271 ms
		Scripting: domain reloads=1, domain reload time=13377 ms, compile time=4192 ms, other=0 ms
		Project Asset Count: scripts=1208, non-scripts=1939
		Asset File Changes: new=0, changed=0, moved=0, deleted=0
		Scan Filter Count: 0
	InvokePackagesCallback: 12.515ms
	ApplyChangesToAssetFolders: 1.109ms
	Scan: 60.905ms
	Collect global state as custom dependencies: 6.195ms
	ProcessAssetsWithTransientArtifactChanges: 22.594ms
	CategorizeAssets: 197.808ms
	CompileScripts: 4191.905ms
	ImportOutOfDateAssets: 10846.271ms (10836.821ms without children)
		CollectScriptTypesHashes: 0.956ms
		UnloadImportedAssets: 0.231ms
		EnsureUptoDateAssetsAreRegisteredWithGuidPM: 1.621ms
		ImportSchedulerStart: 6.965ms
	PostProcessAllAssets: 247.651ms
		XRBuildSystem.XRAssetImported 2.140ms
		PostProcessCallbackCreateDeferredMaterials 1.993ms
		SpriteAtlasDatabase.OnAssetPostprocessCallback 0.359ms
		ShaderAssetModifiedCallback 0.271ms
		VCAutoAddAssetPostprocess 0.170ms
		MonoPostProcessAllAssets: 238.393ms
			SyncVS.PostprocessSyncProject 44.835ms
			AssetChangedListener.OnPostprocessAllAssets 28.913ms
			BuilderAssetPostprocessor.OnPostprocessAllAssets 28.277ms
			WindowAssetPostprocessingWatcher.OnPostprocessAllAssets 24.385ms
			AssetPostprocessor.OnPostprocessAllAssets 18.210ms
			SpriteSlicePostprocessor.OnPostprocessAllAssets 13.530ms
			RetainedModeAssetPostprocessor.OnPostprocessAllAssets 6.801ms
			SpeedTree9Postprocessor.OnPostprocessAllAssets 3.972ms
			ProjectSettingsPostprocessor.OnPostprocessAllAssets 3.870ms
			SpriteShapeAssetPostProcessor.OnPostprocessAllAssets 2.988ms
			SpriteEditorTexturePostprocessor.OnPostprocessAllAssets 2.787ms
			InputActionAssetPostprocessor.OnPostprocessAllAssets 2.212ms
			ArtifactBrowserPostProcessor.OnPostprocessAllAssets 2.196ms
			EditModeScopePostprocessor.OnPostprocessAllAssets 2.138ms
			AudioMixerPostprocessor.OnPostprocessAllAssets 1.632ms
			InputActionJsonNameModifierAssetProcessor.OnPostprocessAllAssets 1.574ms
			TextAssetPostProcessor.OnPostprocessAllAssets 1.548ms
			AssetEvents.OnPostprocessAllAssets 1.317ms
			UVCSAssetPostprocessor.OnPostprocessAllAssets 1.299ms
			StyleCatalogPostProcessor.OnPostprocessAllAssets 1.256ms
			TMPro_TexturePostProcessor.OnPostprocessAllAssets 1.238ms
			ReferencedClipsPostProcessor.OnPostprocessAllAssets 1.227ms
			CinemachineSettings.OnPostprocessAllAssets 1.147ms
			SpriteLibraryAssetPostprocessor.OnPostprocessAllAssets 1.005ms
			TerrainToolbarOverlayPostProcessor.OnPostprocessAllAssets 0.881ms
			PSDImportPostProcessor.OnPostprocessAllAssets 0.776ms
			SamplePostprocessor.OnPostprocessAllAssets 0.759ms
			SpeedTreePostProcessor.OnPostprocessAllAssets 0.736ms
			ThemePostprocessor.OnPostprocessAllAssets 0.728ms
			AssetDatabaseCallbacks.OnPostprocessAllAssets 0.664ms
			PSDImporterAssetPostProcessor.OnPostprocessAllAssets 0.651ms
			DomainReloadProcessor.OnPostprocessAllAssets 0.563ms
			ScenarioDriftAssetsTracker.OnPostprocessAllAssets 0.546ms
			ConfigAssetsTracker.OnPostprocessAllAssets 0.502ms
			AudioContainerPostProcessor.OnPostprocessAllAssets 0.406ms
			AssetReloadNotifier.OnPostprocessAllAssets 0.383ms
			AssetProcessor.OnPostprocessAllAssets 0.364ms
			RenderPipelineGlobalSettingsPostprocessor.OnPostprocessAllAssets 0.305ms
	PostAssetChangesProfiler: 259.769ms
	GatherAllCurrentPrimaryImportResultRevisions: 0.705ms
	PersistCurrentRevisions: 0.175ms
	GenerateScriptTypeHashes: 5.633ms
	GenerateScriptTypeSerializationHashes: 10.770ms
	Untracked: 13552.190ms

[Licensing::Client] Successfully resolved entitlement details
[Licensing::Client] Successfully resolved entitlement details
[Licensing::Client] Successfully resolved entitlement details

[ScriptCompilation] Requested script compilation because: AssetDatabase observed changes in script compilation related files
[Licensing::Client] Successfully resolved entitlement details
Starting: C:\Program Files\Unity\Hub\Editor\6000.6.0f1\Editor\Data\Tools\BuildPipeline\bee_backend.exe --ipc --defer-dag-verification --dagfile="Library/Bee/1900b0aE.dag" --continue-on-failure --profile="Library/Bee/backend1.traceevents" ScriptAssemblies
WorkingDir: C:/Users/kimji/Ingenieria_MisionKonstruir
ExitCode: 0 Duration: 6s468ms
[746/958    0s] ILPP-Configuration Library/ilpp-configuration.nevergeneratedoutput
[954/958    2s] Csc Library/Bee/artifacts/1900b0aE.dag/Assembly-CSharp.dll (+2 others)
Assets\Scripts\Core\GameManager.cs(20,39): warning CS0414: The field 'GameManager.grietaReparada' is assigned but its value is never used
[955/958    1s] ILPostProcess Library/Bee/artifacts/1900b0aE.dag/post-processed/Assembly-CSharp.dll (+pdb)
Processing assembly Library/Bee/artifacts/1900b0aE.dag/Assembly-CSharp.dll, with 150 defines and 350 references

processors: Unity.Jobs.CodeGen.JobsILPostProcessor, zzzUnity.Burst.CodeGen.BurstILPostProcessor

1 processor(s) skipped this assembly

running Unity.Jobs.CodeGen.JobsILPostProcessor
[956/958    0s] CopyFiles Library/ScriptAssemblies/Assembly-CSharp.pdb
[957/958    0s] CopyFiles Library/ScriptAssemblies/Assembly-CSharp.dll
*** Tundra build success (6.22 seconds), 5 items updated, 958 evaluated
Assets\Scripts\Core\GameManager.cs(20,39): warning CS0414: The field 'GameManager.grietaReparada' is assigned but its value is never used
Reloading assemblies after forced synchronous recompile.
Begin MonoManager ReloadAssembly
Total cache size 267849644
Total cache size after purge 267849644, took 00:00:03.1686856
Assembly reference Packages/com.unity.cinemachine/Editor/Samples/ExposeHDRPInternals/HDRP-Editor-ref.asmref has no target assembly definition
Refreshing native plugins compatible for Editor in 11.48 ms, found 5 plugins.
Native extension for WindowsStandalone target not found
Native extension for WebGL target not found
[MODES] ModeService[none].Initialize
[MODES] ModeService[none].LoadModes
ScheduleIndexationOnStartup MainProcess:True IndexOnStartup:True
Scripting: successfully reloaded assembly
- Finished resetting the current domain, in 13.546 seconds
Domain Reload Profiling: 24807ms
	BeginReloadAssembly (7212ms)
		ExecutionOrderSort (5ms)
		DisableScriptedObjects (1969ms)
		ReleaseScriptingObjects (3ms)
		CreateAndSetChildDomain (3001ms)
	RebuildCommonClasses (105ms)
	RebuildNativeTypeToScriptingClass (95ms)
	initialDomainReloadingComplete (488ms)
	LoadAllAssembliesAndSetupDomain (3357ms)
		LoadAssemblies (1248ms)
		TypeCache.Refresh (112ms)
			TypeCache.ScanAssembly (5ms)
		AnalyzeDomain (1456ms)
			BuildScriptInfoCaches (1387ms)
			ResolveRequiredComponents (38ms)
	FinalizeReload (13549ms)
		SetupLoadedEditorAssemblies (0ms)
			LogAssemblyErrors (25ms)
			InitializePlatformSupportModulesInManaged (24ms)
			BeforeProcessingInitializeOnLoad (2179ms)
			ProcessInitializeOnLoadAttributes (3529ms)
			ProcessInitializeOnLoadMethodAttributes (458ms)
			AfterProcessingInitializeOnLoad (86ms)
			EditorAssembliesLoaded (13ms)
		AwakeInstancesAfterBackupRestoration (4256ms)
Refreshing native plugins compatible for Editor in 11.09 ms, found 5 plugins.

Asset Pipeline Refresh (id=72bc8242dcddc0842b41e2e152ef8aad): Total: 37.265 seconds - Initiated by RefreshV2(AllowForceSynchronousImport)
	(Values over 0.05ms)
	Summary:
		Imports: total=0 (actual=0, local cache=0, cache server=0)
		Asset DB Process Time: managed=0 ms, native=14680 ms
		Asset DB Callback time: managed=299 ms, native=425 ms
		Scripting: domain reloads=1, domain reload time=12035 ms, compile time=9823 ms, other=0 ms
		Project Asset Count: scripts=1208, non-scripts=1939
		Asset File Changes: new=0, changed=1, moved=0, deleted=0
		Scan Filter Count: 0
	InvokePackagesCallback: 14.956ms
	ApplyChangesToAssetFolders: 2.606ms
	Scan: 254.092ms
	Collect global state as custom dependencies: 13.885ms
	OnSourceAssetsModified: 9.991ms
	CategorizeScriptCompilationAssets: 0.754ms
	ProcessAssetsWithTransientArtifactChanges: 18.407ms
	CategorizeAssets: 387.807ms
	CompileScripts: 9823.274ms
	ImportOutOfDateAssets: 13588.062ms (13578.846ms without children)
		CollectScriptTypesHashes: 2.036ms
		ReloadNativeAssets: 0.736ms
		UnloadImportedAssets: 0.316ms
		EnsureUptoDateAssetsAreRegisteredWithGuidPM: 2.732ms
		ImportSchedulerStart: 5.106ms
	PostProcessAllAssets: 306.303ms
		XRBuildSystem.XRAssetImported 4.205ms
		PostProcessCallbackCreateDeferredMaterials 3.258ms
		ShaderAssetModifiedCallback 0.538ms
		VCAutoAddAssetPostprocess 0.504ms
		SpriteAtlasDatabase.OnAssetPostprocessCallback 0.471ms
		AssemblyValidation.PostprocessAllAssets 0.209ms
		Canvas.OnAllAssetImport 0.203ms
		RaytracingShaderImportPostprocess 0.066ms
		MonoPostProcessAllAssets: 291.239ms
			SyncVS.PostprocessSyncProject 43.910ms
			WindowAssetPostprocessingWatcher.OnPostprocessAllAssets 42.448ms
			AssetChangedListener.OnPostprocessAllAssets 27.798ms
			BuilderAssetPostprocessor.OnPostprocessAllAssets 27.507ms
			AssetPostprocessor.OnPostprocessAllAssets 18.843ms
			SpriteSlicePostprocessor.OnPostprocessAllAssets 14.122ms
			RetainedModeAssetPostprocessor.OnPostprocessAllAssets 5.203ms
			ProjectSettingsPostprocessor.OnPostprocessAllAssets 4.851ms
			EditModeScopePostprocessor.OnPostprocessAllAssets 4.519ms
			SpeedTree9Postprocessor.OnPostprocessAllAssets 4.266ms
			TMPro_TexturePostProcessor.OnPostprocessAllAssets 3.341ms
			SpriteShapeAssetPostProcessor.OnPostprocessAllAssets 3.019ms
			SpriteEditorTexturePostprocessor.OnPostprocessAllAssets 2.908ms
			InputActionAssetPostprocessor.OnPostprocessAllAssets 1.929ms
			InputActionJsonNameModifierAssetProcessor.OnPostprocessAllAssets 1.881ms
			ArtifactBrowserPostProcessor.OnPostprocessAllAssets 1.830ms
			CinemachineSettings.OnPostprocessAllAssets 1.821ms
			AudioMixerPostprocessor.OnPostprocessAllAssets 1.778ms
			TextAssetPostProcessor.OnPostprocessAllAssets 1.691ms
			ReferencedClipsPostProcessor.OnPostprocessAllAssets 1.565ms
			StyleCatalogPostProcessor.OnPostprocessAllAssets 1.438ms
			UVCSAssetPostprocessor.OnPostprocessAllAssets 1.374ms
			AssetEvents.OnPostprocessAllAssets 1.173ms
			SpriteLibraryAssetPostprocessor.OnPostprocessAllAssets 1.114ms
			DomainReloadProcessor.OnPostprocessAllAssets 0.956ms
			SamplePostprocessor.OnPostprocessAllAssets 0.832ms
			SpeedTreePostProcessor.OnPostprocessAllAssets 0.789ms
			ThemePostprocessor.OnPostprocessAllAssets 0.751ms
			TerrainToolbarOverlayPostProcessor.OnPostprocessAllAssets 0.748ms
			PSDImportPostProcessor.OnPostprocessAllAssets 0.677ms
			AssetDatabaseCallbacks.OnPostprocessAllAssets 0.596ms
			PSDImporterAssetPostProcessor.OnPostprocessAllAssets 0.542ms
			ConfigAssetsTracker.OnPostprocessAllAssets 0.540ms
			ScenarioDriftAssetsTracker.OnPostprocessAllAssets 0.535ms
			AssetReloadNotifier.OnPostprocessAllAssets 0.469ms
			AudioContainerPostProcessor.OnPostprocessAllAssets 0.414ms
			AssetProcessor.OnPostprocessAllAssets 0.402ms
			RenderPipelineGlobalSettingsPostprocessor.OnPostprocessAllAssets 0.347ms
	PostAssetChangesProfiler: 403.188ms
	GatherAllCurrentPrimaryImportResultRevisions: 10.442ms
	UnloadStreamsBegin: 0.234ms
	PersistCurrentRevisions: 0.306ms
	GenerateScriptTypeHashes: 4.079ms
	GenerateScriptTypeSerializationHashes: 6.838ms
	Untracked: 12360.363ms

[Licensing::Client] Successfully resolved entitlement details
[Licensing::Client] Successfully resolved entitlement details
[Licensing::Client] Successfully resolved entitlement details
SpriteAtlasPacking completed in 0.046346 sec
Reloading assemblies for play mode.
Reloading assemblies after forced synchronous recompile.
Begin MonoManager ReloadAssembly
Assembly reference Packages/com.unity.cinemachine/Editor/Samples/ExposeHDRPInternals/HDRP-Editor-ref.asmref has no target assembly definition
Refreshing native plugins compatible for Editor in 13.42 ms, found 5 plugins.
Native extension for WindowsStandalone target not found
Native extension for WebGL target not found
ScheduleIndexationOnStartup MainProcess:True IndexOnStartup:True
[MODES] ModeService[none].Initialize
[MODES] ModeService[none].LoadModes
Scripting: successfully reloaded assembly
- Finished resetting the current domain, in 12.756 seconds
Domain Reload Profiling: 18515ms
	BeginReloadAssembly (3307ms)
		DisableScriptedObjects (816ms)
		CreateAndSetChildDomain (1232ms)
	RebuildCommonClasses (71ms)
	RebuildNativeTypeToScriptingClass (107ms)
	initialDomainReloadingComplete (709ms)
	LoadAllAssembliesAndSetupDomain (1559ms)
		LoadAssemblies (1155ms)
		TypeCache.Refresh (29ms)
		AnalyzeDomain (62ms)
			ResolveRequiredComponents (37ms)
	FinalizeReload (12762ms)
		SetupLoadedEditorAssemblies (0ms)
			LogAssemblyErrors (12ms)
			InitializePlatformSupportModulesInManaged (11ms)
			BeforeProcessingInitializeOnLoad (914ms)
			ProcessInitializeOnLoadAttributes (3373ms)
			ProcessInitializeOnLoadMethodAttributes (436ms)
			AfterProcessingInitializeOnLoad (45ms)
			EditorAssembliesLoaded (6ms)
		AwakeInstancesAfterBackupRestoration (4922ms)

Asset Pipeline Refresh (id=105731b5f45a8624bb8f611c3177f7e7): Total: 19.693 seconds - Initiated by StopAssetImportingV2(ForceSynchronousImport | ForceDomainReload)
	(Values over 0.05ms)
	Summary:
		Imports: total=0 (actual=0, local cache=0, cache server=0)
		Asset DB Process Time: managed=0 ms, native=13283 ms
		Asset DB Callback time: managed=197 ms, native=2 ms
		Scripting: domain reloads=1, domain reload time=6190 ms, compile time=18 ms, other=0 ms
		Project Asset Count: scripts=1208, non-scripts=1939
		Asset File Changes: new=0, changed=0, moved=0, deleted=0
		Scan Filter Count: 0
	InvokePackagesCallback: 10.999ms
	ApplyChangesToAssetFolders: 1.626ms
	Collect global state as custom dependencies: 8.367ms
	ProcessAssetsWithTransientArtifactChanges: 1.059ms
	CategorizeAssets: 155.272ms
	CompileScripts: 18.258ms
	ImportOutOfDateAssets: 12801.317ms (12793.880ms without children)
		ReloadNativeAssets: 0.051ms
		UnloadImportedAssets: 0.913ms
		EnsureUptoDateAssetsAreRegisteredWithGuidPM: 2.907ms
		PostProcessAllAssetNotificationsAddChangedAssets: 0.128ms
		ImportSchedulerStart: 3.376ms
	PostProcessAllAssets: 197.392ms
		MonoPostProcessAllAssets: 197.377ms
			SyncVS.PostprocessSyncProject 71.124ms
			WindowAssetPostprocessingWatcher.OnPostprocessAllAssets 42.214ms
			AssetChangedListener.OnPostprocessAllAssets 27.798ms
			BuilderAssetPostprocessor.OnPostprocessAllAssets 27.507ms
			AssetPostprocessor.OnPostprocessAllAssets 18.843ms
			SpriteSlicePostprocessor.OnPostprocessAllAssets 14.122ms
			SpeedTree9Postprocessor.OnPostprocessAllAssets 5.992ms
			RetainedModeAssetPostprocessor.OnPostprocessAllAssets 5.203ms
			ProjectSettingsPostprocessor.OnPostprocessAllAssets 4.903ms
			TMPro_TexturePostProcessor.OnPostprocessAllAssets 3.341ms
			SpriteShapeAssetPostProcessor.OnPostprocessAllAssets 3.019ms
			SpriteEditorTexturePostprocessor.OnPostprocessAllAssets 2.908ms
			CinemachineSettings.OnPostprocessAllAssets 2.257ms
			ReferencedClipsPostProcessor.OnPostprocessAllAssets 2.035ms
			InputActionAssetPostprocessor.OnPostprocessAllAssets 1.970ms
			EditModeScopePostprocessor.OnPostprocessAllAssets 1.899ms
			InputActionJsonNameModifierAssetProcessor.OnPostprocessAllAssets 1.881ms
			ArtifactBrowserPostProcessor.OnPostprocessAllAssets 1.830ms
			AudioMixerPostprocessor.OnPostprocessAllAssets 1.778ms
			TextAssetPostProcessor.OnPostprocessAllAssets 1.691ms
			StyleCatalogPostProcessor.OnPostprocessAllAssets 1.438ms
			UVCSAssetPostprocessor.OnPostprocessAllAssets 1.374ms
			DomainReloadProcessor.OnPostprocessAllAssets 1.257ms
			AssetDatabaseCallbacks.OnPostprocessAllAssets 1.228ms
			AssetEvents.OnPostprocessAllAssets 1.173ms
			SpriteLibraryAssetPostprocessor.OnPostprocessAllAssets 1.114ms
			TerrainToolbarOverlayPostProcessor.OnPostprocessAllAssets 1.092ms
			SamplePostprocessor.OnPostprocessAllAssets 0.832ms
			SpeedTreePostProcessor.OnPostprocessAllAssets 0.789ms
			ThemePostprocessor.OnPostprocessAllAssets 0.751ms
			RenderPipelineGlobalSettingsPostprocessor.OnPostprocessAllAssets 0.694ms
			PSDImportPostProcessor.OnPostprocessAllAssets 0.677ms
			PSDImporterAssetPostProcessor.OnPostprocessAllAssets 0.542ms
			ConfigAssetsTracker.OnPostprocessAllAssets 0.540ms
			ScenarioDriftAssetsTracker.OnPostprocessAllAssets 0.535ms
			AssetReloadNotifier.OnPostprocessAllAssets 0.469ms
			AudioContainerPostProcessor.OnPostprocessAllAssets 0.414ms
			AssetProcessor.OnPostprocessAllAssets 0.402ms
	GatherAllCurrentPrimaryImportResultRevisions: 0.401ms
	UnloadStreamsBegin: 0.296ms
	PersistCurrentRevisions: 0.334ms
	GenerateScriptTypeHashes: 7.469ms
	GenerateScriptTypeSerializationHashes: 13.150ms
	Untracked: 6369.865ms

Loaded scene 'Temp/__Backupscenes/0.backup'
	Deserialize:            28.921 ms
	Integration:            5967.047 ms
	Integration of assets:  0.068 ms
	Thread Wait Time:       -0.017 ms
	Total Operation Time:   5996.020 ms
<color=red>[GAME OVER]</color> Motivo: Salud Agotada por impactos de piedras.
UnityEngine.Debug:ExtractStackTraceNoAlloc (byte*,int,string)
UnityEngine.StackTraceUtility:ExtractStackTrace ()
UnityEngine.DebugLogHandler:Internal_Log (UnityEngine.LogType,UnityEngine.LogOption,string,UnityEngine.Object)
UnityEngine.DebugLogHandler:LogFormat (UnityEngine.LogType,UnityEngine.Object,string,object[])
UnityEngine.Logger:Log (UnityEngine.LogType,object)
UnityEngine.Debug:Log (object)
IngenieriaMisionConstruir.Core.GameManager:EjecutarGameOver (string) (at Assets/Scripts/Core/GameManager.cs:111)
IngenieriaMisionConstruir.Player.PlayerHealth:TakeDamage (single) (at Assets/Scripts/Player/PlayerHealth.cs:45)
IngenieriaMisionConstruir.Player.PlayerHealth:OnTriggerEnter2D (UnityEngine.Collider2D) (at Assets/Scripts/Player/PlayerHealth.cs:84)

(Filename: Assets/Scripts/Core/GameManager.cs Line: 111)

[Licensing::Client] Successfully resolved entitlement details
[Licensing::Client] Successfully resolved entitlement details
[Licensing::Client] Successfully resolved entitlement details
Unloading 2 Unused Serialized files (Serialized files now loaded: 0)
Loaded scene 'Temp/__Backupscenes/0.backup'
	Deserialize:            11.658 ms
	Integration:            126.093 ms
	Integration of assets:  0.038 ms
	Thread Wait Time:       -0.003 ms
	Total Operation Time:   137.786 ms
Unloading 43 unused Assets / (95.7 KB). Loaded Objects now: 8033.
Memory consumption went from 0.90 GB to 0.90 GB.
Total: 135.820800 ms (FindLiveObjects: 2.443200 ms CreateObjectMapping: 1.078000 ms MarkObjects: 125.433300 ms  DeleteObjects: 5.933200 ms)

[Licensing::Client] Successfully resolved entitlement details
Asset Pipeline Refresh (id=46f03eea9b711764fabfdf8895e7aa57): Total: 0.097 seconds - Initiated by RefreshV2(AllowForceSynchronousImport)
SpriteAtlasPacking completed in 0.049171 sec
Reloading assemblies for play mode.
Reloading assemblies after forced synchronous recompile.
[Licensing::Client] Successfully resolved entitlement details
Begin MonoManager ReloadAssembly
Assembly reference Packages/com.unity.cinemachine/Editor/Samples/ExposeHDRPInternals/HDRP-Editor-ref.asmref has no target assembly definition
Refreshing native plugins compatible for Editor in 23.99 ms, found 5 plugins.
Native extension for WindowsStandalone target not found
Native extension for WebGL target not found
ScheduleIndexationOnStartup MainProcess:True IndexOnStartup:True
[MODES] ModeService[none].Initialize
[MODES] ModeService[none].LoadModes
Scripting: successfully reloaded assembly
- Finished resetting the current domain, in  9.991 seconds
Domain Reload Profiling: 16003ms
	BeginReloadAssembly (3840ms)
		DisableScriptedObjects (828ms)
		CreateAndSetChildDomain (1777ms)
	RebuildCommonClasses (61ms)
	RebuildNativeTypeToScriptingClass (100ms)
	initialDomainReloadingComplete (591ms)
	LoadAllAssembliesAndSetupDomain (1416ms)
		LoadAssemblies (1064ms)
		TypeCache.Refresh (43ms)
		AnalyzeDomain (70ms)
			ResolveRequiredComponents (27ms)
	FinalizeReload (9995ms)
		SetupLoadedEditorAssemblies (0ms)
			LogAssemblyErrors (15ms)
			InitializePlatformSupportModulesInManaged (9ms)
			BeforeProcessingInitializeOnLoad (577ms)
			ProcessInitializeOnLoadAttributes (2539ms)
			ProcessInitializeOnLoadMethodAttributes (412ms)
			AfterProcessingInitializeOnLoad (67ms)
			EditorAssembliesLoaded (8ms)
		AwakeInstancesAfterBackupRestoration (3879ms)

Asset Pipeline Refresh (id=5456b0035e8704d4aa3e02f211c33641): Total: 17.199 seconds - Initiated by StopAssetImportingV2(ForceSynchronousImport | ForceDomainReload)
	(Values over 0.05ms)
	Summary:
		Imports: total=0 (actual=0, local cache=0, cache server=0)
		Asset DB Process Time: managed=0 ms, native=10519 ms
		Asset DB Callback time: managed=139 ms, native=1 ms
		Scripting: domain reloads=1, domain reload time=6528 ms, compile time=11 ms, other=0 ms
		Project Asset Count: scripts=1208, non-scripts=1939
		Asset File Changes: new=0, changed=0, moved=0, deleted=0
		Scan Filter Count: 0
	InvokePackagesCallback: 7.260ms
	ApplyChangesToAssetFolders: 0.883ms
	Collect global state as custom dependencies: 4.877ms
	ProcessAssetsWithTransientArtifactChanges: 0.608ms
	CategorizeAssets: 131.582ms
	CompileScripts: 10.916ms
	ImportOutOfDateAssets: 10070.269ms (10060.918ms without children)
		CollectScriptTypesHashes: 0.180ms
		ReloadNativeAssets: 0.051ms
		UnloadImportedAssets: 0.775ms
		EnsureUptoDateAssetsAreRegisteredWithGuidPM: 2.882ms
		ImportSchedulerStart: 5.472ms
	PostProcessAllAssets: 139.120ms
		MonoPostProcessAllAssets: 139.107ms
			SyncVS.PostprocessSyncProject 39.626ms
			WindowAssetPostprocessingWatcher.OnPostprocessAllAssets 33.479ms
			AssetChangedListener.OnPostprocessAllAssets 27.798ms
			BuilderAssetPostprocessor.OnPostprocessAllAssets 27.507ms
			AssetPostprocessor.OnPostprocessAllAssets 18.843ms
			SpriteSlicePostprocessor.OnPostprocessAllAssets 14.122ms
			RetainedModeAssetPostprocessor.OnPostprocessAllAssets 5.203ms
			ProjectSettingsPostprocessor.OnPostprocessAllAssets 3.935ms
			SpeedTree9Postprocessor.OnPostprocessAllAssets 3.691ms
			TMPro_TexturePostProcessor.OnPostprocessAllAssets 3.341ms
			SpriteShapeAssetPostProcessor.OnPostprocessAllAssets 3.019ms
			SpriteEditorTexturePostprocessor.OnPostprocessAllAssets 2.908ms
			InputActionJsonNameModifierAssetProcessor.OnPostprocessAllAssets 1.881ms
			ArtifactBrowserPostProcessor.OnPostprocessAllAssets 1.830ms
			AudioMixerPostprocessor.OnPostprocessAllAssets 1.778ms
			TextAssetPostProcessor.OnPostprocessAllAssets 1.691ms
			CinemachineSettings.OnPostprocessAllAssets 1.544ms
			StyleCatalogPostProcessor.OnPostprocessAllAssets 1.438ms
			InputActionAssetPostprocessor.OnPostprocessAllAssets 1.416ms
			ReferencedClipsPostProcessor.OnPostprocessAllAssets 1.396ms
			UVCSAssetPostprocessor.OnPostprocessAllAssets 1.374ms
			EditModeScopePostprocessor.OnPostprocessAllAssets 1.292ms
			AssetEvents.OnPostprocessAllAssets 1.173ms
			SpriteLibraryAssetPostprocessor.OnPostprocessAllAssets 1.114ms
			DomainReloadProcessor.OnPostprocessAllAssets 0.868ms
			SamplePostprocessor.OnPostprocessAllAssets 0.832ms
			SpeedTreePostProcessor.OnPostprocessAllAssets 0.789ms
			ThemePostprocessor.OnPostprocessAllAssets 0.751ms
			AssetDatabaseCallbacks.OnPostprocessAllAssets 0.722ms
			TerrainToolbarOverlayPostProcessor.OnPostprocessAllAssets 0.681ms
			PSDImportPostProcessor.OnPostprocessAllAssets 0.677ms
			PSDImporterAssetPostProcessor.OnPostprocessAllAssets 0.542ms
			ConfigAssetsTracker.OnPostprocessAllAssets 0.540ms
			ScenarioDriftAssetsTracker.OnPostprocessAllAssets 0.535ms
			AssetReloadNotifier.OnPostprocessAllAssets 0.469ms
			AudioContainerPostProcessor.OnPostprocessAllAssets 0.414ms
			AssetProcessor.OnPostprocessAllAssets 0.402ms
			RenderPipelineGlobalSettingsPostprocessor.OnPostprocessAllAssets 0.393ms
	GatherAllCurrentPrimaryImportResultRevisions: 0.234ms
	UnloadStreamsBegin: 0.054ms
	PersistCurrentRevisions: 0.593ms
	GenerateScriptTypeHashes: 5.065ms
	GenerateScriptTypeSerializationHashes: 7.988ms
	Untracked: 6756.884ms

Loaded scene 'Temp/__Backupscenes/0.backup'
	Deserialize:            12.091 ms
	Integration:            3764.919 ms
	Integration of assets:  0.056 ms
	Thread Wait Time:       -0.028 ms
	Total Operation Time:   3777.038 ms
<color=red>[GAME OVER]</color> Motivo: Salud Agotada por impactos de piedras.
UnityEngine.Debug:ExtractStackTraceNoAlloc (byte*,int,string)
UnityEngine.StackTraceUtility:ExtractStackTrace ()
UnityEngine.DebugLogHandler:Internal_Log (UnityEngine.LogType,UnityEngine.LogOption,string,UnityEngine.Object)
UnityEngine.DebugLogHandler:LogFormat (UnityEngine.LogType,UnityEngine.Object,string,object[])
UnityEngine.Logger:Log (UnityEngine.LogType,object)
UnityEngine.Debug:Log (object)
IngenieriaMisionConstruir.Core.GameManager:EjecutarGameOver (string) (at Assets/Scripts/Core/GameManager.cs:111)
IngenieriaMisionConstruir.Player.PlayerHealth:TakeDamage (single) (at Assets/Scripts/Player/PlayerHealth.cs:45)
IngenieriaMisionConstruir.Player.PlayerHealth:OnTriggerEnter2D (UnityEngine.Collider2D) (at Assets/Scripts/Player/PlayerHealth.cs:84)

(Filename: Assets/Scripts/Core/GameManager.cs Line: 111)

[Licensing::Client] Successfully resolved entitlement details
[Licensing::Client] Successfully resolved entitlement details
[Licensing::Client] Successfully resolved entitlement details
Unloading 2 Unused Serialized files (Serialized files now loaded: 0)
Loaded scene 'Temp/__Backupscenes/0.backup'
	Deserialize:            17.453 ms
	Integration:            146.935 ms
	Integration of assets:  0.049 ms
	Thread Wait Time:       -0.019 ms
	Total Operation Time:   164.417 ms
Unloading 19 unused Assets / (24.7 KB). Loaded Objects now: 8037.
Memory consumption went from 0.91 GB to 0.91 GB.
Total: 115.905700 ms (FindLiveObjects: 2.872900 ms CreateObjectMapping: 0.566900 ms MarkObjects: 109.884200 ms  DeleteObjects: 1.675100 ms)

[Licensing::Client] Successfully resolved entitlement details
Asset Pipeline Refresh (id=9ff88ae576c551543afb507c627c8b12): Total: 0.120 seconds - Initiated by RefreshV2(AllowForceSynchronousImport)
Asset Pipeline Refresh (id=d3f86b9683819f241b7340b2e86ff7a7): Total: 0.017 seconds - Initiated by RefreshV2(AllowForceSynchronousImport)
Asset Pipeline Refresh (id=627fc568a32001d41aced28ad104ad33): Total: 0.014 seconds - Initiated by RefreshV2(AllowForceSynchronousImport)
Launched and connected shader compiler UnityShaderCompiler.exe after 0.10 seconds
Launched and connected shader compiler UnityShaderCompiler.exe after 0.05 seconds
Asset Pipeline Refresh (id=e656f2b72e57b404da895d2bd8385842): Total: 0.032 seconds - Initiated by RefreshV2(AllowForceSynchronousImport)
Asset Pipeline Refresh (id=3aa73b6c0ec0e3b4890724148cff1072): Total: 0.010 seconds - Initiated by RefreshV2(AllowForceSynchronousImport)
[Licensing::Client] Successfully resolved entitlement details
Asset Pipeline Refresh (id=b59057596d9a00948bd547b488cbf91b): Total: 0.022 seconds - Initiated by RefreshV2(AllowForceSynchronousImport)
Asset Pipeline Refresh (id=5805e6448832fe040b7443d1c1f3ecc8): Total: 0.036 seconds - Initiated by RefreshV2(AllowForceSynchronousImport)
Asset Pipeline Refresh (id=18d33e7e93a130e41bdb400a4eb0a90d): Total: 0.013 seconds - Initiated by RefreshV2(AllowForceSynchronousImport)
[main 2026-10-03T01:46:22.796Z] update#setState checking for updates
[main 2026-10-03T01:46:23.686Z] update#setState idle
Asset Pipeline Refresh (id=0b952a46e9e32754bb39eb838bb8eac0): Total: 0.018 seconds - Initiated by RefreshV2(AllowForceSynchronousImport)
Asset Pipeline Refresh (id=d12b60807bbff48449d9da87c003717f): Total: 0.010 seconds - Initiated by RefreshV2(AllowForceSynchronousImport)
Asset Pipeline Refresh (id=315b394d330aa0e49a53119d1983c3e3): Total: 0.009 seconds - Initiated by RefreshV2(AllowForceSynchronousImport)
Asset Pipeline Refresh (id=088e28701cc0ac74db22ed0d98b85861): Total: 0.012 seconds - Initiated by RefreshV2(AllowForceSynchronousImport)
Asset Pipeline Refresh (id=ba07571a7f8108642a64bd3368db9a2c): Total: 0.040 seconds - Initiated by RefreshV2(AllowForceSynchronousImport)
Asset Pipeline Refresh (id=ef5198ff212c7a04abe0cf8918d8fb53): Total: 0.016 seconds - Initiated by RefreshV2(AllowForceSynchronousImport)
Asset Pipeline Refresh (id=4a2e6365cec5c7e4d8534a80cde3ef11): Total: 0.016 seconds - Initiated by RefreshV2(AllowForceSynchronousImport)
Asset Pipeline Refresh (id=4a5b978acbcbeca4e9e3931b992b12e4): Total: 0.029 seconds - Initiated by RefreshV2(AllowForceSynchronousImport)
Asset Pipeline Refresh (id=ab7999472da76f84cb68b8afe9bb4083): Total: 0.013 seconds - Initiated by RefreshV2(AllowForceSynchronousImport)
Asset Pipeline Refresh (id=b653be770a23c4844b71273ab8470e90): Total: 0.022 seconds - Initiated by RefreshV2(AllowForceSynchronousImport)
Asset Pipeline Refresh (id=7aebb104099015b41af9ca6bfba064d2): Total: 0.016 seconds - Initiated by RefreshV2(AllowForceSynchronousImport)
Asset Pipeline Refresh (id=0bb716e58fb596d47aca2aa600c4cb0b): Total: 0.011 seconds - Initiated by RefreshV2(AllowForceSynchronousImport)
Asset Pipeline Refresh (id=4c5d09621c6dc4c4991275ea283f6d10): Total: 0.018 seconds - Initiated by RefreshV2(AllowForceSynchronousImport)
Asset Pipeline Refresh (id=5affa583c6f1a2644834992f791462d8): Total: 0.027 seconds - Initiated by RefreshV2(AllowForceSynchronousImport)
Asset Pipeline Refresh (id=34388d2ab1d8cb440b1db334bd8ae965): Total: 0.030 seconds - Initiated by RefreshV2(AllowForceSynchronousImport)
Asset Pipeline Refresh (id=c23b8f6a6b20a4c479a2890feb9cc72a): Total: 0.023 seconds - Initiated by RefreshV2(AllowForceSynchronousImport)
[Licensing::Client] Successfully resolved entitlement details
Asset Pipeline Refresh (id=9bc1c19ebaed6b242b6de2d0babacf34): Total: 0.017 seconds - Initiated by RefreshV2(AllowForceSynchronousImport)
Asset Pipeline Refresh (id=419fbe4565f7e794fb8f80379717de2f): Total: 0.018 seconds - Initiated by RefreshV2(AllowForceSynchronousImport)
Asset Pipeline Refresh (id=cc8674bcce1339f488465369babc55f9): Total: 0.021 seconds - Initiated by RefreshV2(AllowForceSynchronousImport)
[Licensing::Client] Successfully updated the access token
[Licensing::Module] Successfully updated access token: "bd231o-n"... (expires: 2026-10-03T04:44:51Z)
Project ID request failed, Reason: The requested URL returned error: 401 (401).
Unknown Unity Connect error (400). Please contact support at support@unity.com while processing request "https://services.unity.com/api/unity/legacy/v1/projects/568c27f6-37e2-4d04-a3cc-cd50cd05e909", HTTP error code 401
.UPID Received '568c27f6-37e2-4d04-a3cc-cd50cd05e909'.
[Licensing::Client] Successfully resolved entitlement details
[main 2026-10-03T02:46:22.981Z] update#setState checking for updates
[main 2026-10-03T02:46:24.044Z] update#setState idle
Asset Pipeline Refresh (id=044c7c1853125f94598ae3cab96cd511): Total: 0.018 seconds - Initiated by RefreshV2(AllowForceSynchronousImport)
EndLayoutGroup: BeginLayoutGroup must be called first.
UnityEngine.Debug:ExtractStackTraceNoAlloc (byte*,int,string)
UnityEngine.StackTraceUtility:ExtractStackTrace ()
UnityEngine.DebugLogHandler:Internal_Log (UnityEngine.LogType,UnityEngine.LogOption,string,UnityEngine.Object)
UnityEngine.DebugLogHandler:LogFormat (UnityEngine.LogType,UnityEngine.Object,string,object[])
UnityEngine.Logger:Log (UnityEngine.LogType,object)
UnityEngine.Debug:LogError (object)
UnityEngine.GUILayoutUtility:EndLayoutGroup ()
UnityEngine.GUILayout:EndVertical ()
TMPro.TMP_PackageResourceImporter:OnGUI () (at ./Library/PackageCache/com.unity.ugui@23caec89ae27/Runtime/TMP/TMP_PackageResourceImporter.cs:99)
TMPro.TMP_PackageResourceImporterWindow:OnGUI () (at ./Library/PackageCache/com.unity.ugui@23caec89ae27/Runtime/TMP/TMP_PackageResourceImporter.cs:268)
UnityEditor.HostView:InvokeOnGUI (UnityEngine.Rect)
UnityEditor.DockArea:DrawView (UnityEngine.Rect)
UnityEditor.DockArea:OldOnGUI ()
UnityEngine.UIElements.IMGUIContainer:DoOnGUI (UnityEngine.Event,UnityEngine.Matrix4x4,UnityEngine.Rect,bool,UnityEngine.Rect,System.Action,bool)
UnityEngine.UIElements.IMGUIContainer:HandleIMGUIEvent (UnityEngine.Event,UnityEngine.Matrix4x4,UnityEngine.Rect,System.Action,bool)
UnityEngine.UIElements.IMGUIContainer:HandleIMGUIEvent (UnityEngine.Event,System.Action,bool)
UnityEngine.UIElements.IMGUIContainer:HandleIMGUIEvent (UnityEngine.Event,bool)
UnityEngine.UIElements.IMGUIContainer:SendEventToIMGUIRaw (UnityEngine.UIElements.EventBase,bool,bool)
UnityEngine.UIElements.IMGUIContainer:SendEventToIMGUI (UnityEngine.UIElements.EventBase,bool,bool)
UnityEngine.UIElements.IMGUIContainer:HandleEventBubbleUp (UnityEngine.UIElements.EventBase)
UnityEngine.UIElements.EventDispatchUtilities:HandleEventAcrossPropagationPathWithCompatibilityEvent (UnityEngine.UIElements.EventBase,UnityEngine.UIElements.EventBase,UnityEngine.UIElements.BaseVisualElementPanel,UnityEngine.UIElements.VisualElement,bool)
UnityEngine.UIElements.EventDispatchUtilities:DispatchToCapturingElementOrElementUnderPointer (UnityEngine.UIElements.EventBase,UnityEngine.UIElements.BaseVisualElementPanel,int,UnityEngine.Vector2)
UnityEngine.UIElements.PointerUpEvent:Dispatch (UnityEngine.UIElements.BaseVisualElementPanel)
UnityEngine.UIElements.EventDispatcher:ProcessEvent (UnityEngine.UIElements.EventBase,UnityEngine.UIElements.BaseVisualElementPanel)
UnityEngine.UIElements.EventDispatcher:Dispatch (UnityEngine.UIElements.EventBase,UnityEngine.UIElements.BaseVisualElementPanel,UnityEngine.UIElements.DispatchMode)
UnityEngine.UIElements.BaseVisualElementPanel:SendEvent (UnityEngine.UIElements.EventBase,UnityEngine.UIElements.DispatchMode)
UnityEditor.UIElements.EditorEventDispatchUtility:DoDispatch (UnityEngine.UIElements.BaseVisualElementPanel,UnityEngine.Event)
UnityEditor.UIElements.DefaultWindowBackend:ProcessEvent (UnityEngine.Event)
UnityEditor.GUIView:ProcessEvent (UnityEngine.EntityId,intptr,bool&)

(Filename: ./Library/PackageCache/com.unity.ugui@23caec89ae27/Runtime/TMP/TMP_PackageResourceImporter.cs Line: 99)

EndLayoutGroup: BeginLayoutGroup must be called first.
UnityEngine.Debug:ExtractStackTraceNoAlloc (byte*,int,string)
UnityEngine.StackTraceUtility:ExtractStackTrace ()
UnityEngine.DebugLogHandler:Internal_Log (UnityEngine.LogType,UnityEngine.LogOption,string,UnityEngine.Object)
UnityEngine.DebugLogHandler:LogFormat (UnityEngine.LogType,UnityEngine.Object,string,object[])
UnityEngine.Logger:Log (UnityEngine.LogType,object)
UnityEngine.Debug:LogError (object)
UnityEngine.GUILayoutUtility:EndLayoutGroup ()
UnityEditor.GUIView:EndOffsetArea ()
UnityEditor.HostView:InvokeOnGUI (UnityEngine.Rect)
UnityEditor.DockArea:DrawView (UnityEngine.Rect)
UnityEditor.DockArea:OldOnGUI ()
UnityEngine.UIElements.IMGUIContainer:DoOnGUI (UnityEngine.Event,UnityEngine.Matrix4x4,UnityEngine.Rect,bool,UnityEngine.Rect,System.Action,bool)
UnityEngine.UIElements.IMGUIContainer:HandleIMGUIEvent (UnityEngine.Event,UnityEngine.Matrix4x4,UnityEngine.Rect,System.Action,bool)
UnityEngine.UIElements.IMGUIContainer:HandleIMGUIEvent (UnityEngine.Event,System.Action,bool)
UnityEngine.UIElements.IMGUIContainer:HandleIMGUIEvent (UnityEngine.Event,bool)
UnityEngine.UIElements.IMGUIContainer:SendEventToIMGUIRaw (UnityEngine.UIElements.EventBase,bool,bool)
UnityEngine.UIElements.IMGUIContainer:SendEventToIMGUI (UnityEngine.UIElements.EventBase,bool,bool)
UnityEngine.UIElements.IMGUIContainer:HandleEventBubbleUp (UnityEngine.UIElements.EventBase)
UnityEngine.UIElements.EventDispatchUtilities:HandleEventAcrossPropagationPathWithCompatibilityEvent (UnityEngine.UIElements.EventBase,UnityEngine.UIElements.EventBase,UnityEngine.UIElements.BaseVisualElementPanel,UnityEngine.UIElements.VisualElement,bool)
UnityEngine.UIElements.EventDispatchUtilities:DispatchToCapturingElementOrElementUnderPointer (UnityEngine.UIElements.EventBase,UnityEngine.UIElements.BaseVisualElementPanel,int,UnityEngine.Vector2)
UnityEngine.UIElements.PointerUpEvent:Dispatch (UnityEngine.UIElements.BaseVisualElementPanel)
UnityEngine.UIElements.EventDispatcher:ProcessEvent (UnityEngine.UIElements.EventBase,UnityEngine.UIElements.BaseVisualElementPanel)
UnityEngine.UIElements.EventDispatcher:Dispatch (UnityEngine.UIElements.EventBase,UnityEngine.UIElements.BaseVisualElementPanel,UnityEngine.UIElements.DispatchMode)
UnityEngine.UIElements.BaseVisualElementPanel:SendEvent (UnityEngine.UIElements.EventBase,UnityEngine.UIElements.DispatchMode)
UnityEditor.UIElements.EditorEventDispatchUtility:DoDispatch (UnityEngine.UIElements.BaseVisualElementPanel,UnityEngine.Event)
UnityEditor.UIElements.DefaultWindowBackend:ProcessEvent (UnityEngine.Event)
UnityEditor.GUIView:ProcessEvent (UnityEngine.EntityId,intptr,bool&)

Importing 'GUID: f54d1bd14bd3ca042bd867b519fee8cc - Path: Assets/TextMesh Pro' with importer (DefaultImporter)
Imported 'GUID: f54d1bd14bd3ca042bd867b519fee8cc' -> (Import Result ID: '8712daf9d3b95c72f186e30662b78988') in 0.596 seconds [static dependencies only]. Details - ImportResultOutputID=07d54fd0b42542d364c57c8100cd7673 DependenciesID=81e348e08cfbf683260fce8968e354dc StaticDependenciesID=141731b302ee35f3505a729e05f04825 
Importing 'GUID: 243e06394e614e5d99fab26083b707fa - Path: Assets/TextMesh Pro/Resources' with importer (DefaultImporter)
Imported 'GUID: 243e06394e614e5d99fab26083b707fa' -> (Import Result ID: 'dba7fb4c2c9724c420a5231d03295920') in 0.013 seconds [static dependencies only]. Details - ImportResultOutputID=337f7928f0a9e6d09ca17b3d2cadb9ff DependenciesID=34bb55da82317cbac54bff677ae4878c StaticDependenciesID=3af243cbefaac330f75f021e99720af8 
Importing 'GUID: e9f693669af91aa45ad615fc681ed29f - Path: Assets/TextMesh Pro/Shaders' with importer (DefaultImporter)
Imported 'GUID: e9f693669af91aa45ad615fc681ed29f' -> (Import Result ID: '8fcfbf574434906d6d183d24c485e008') in 0.008 seconds [static dependencies only]. Details - ImportResultOutputID=e1a435da0e5a5132786c0692b655407b DependenciesID=0b779fab10f1da1f9c506a0e3ecf95bd StaticDependenciesID=212a099e704a75a37522cb1bf52f8800 
Importing 'GUID: 6ab70aee4d56447429c680537fbf93ed - Path: Assets/TextMesh Pro/Fonts' with importer (DefaultImporter)
Imported 'GUID: 6ab70aee4d56447429c680537fbf93ed' -> (Import Result ID: 'dfa207cbd2e4fc08f2fce45ce3fbe99f') in 0.009 seconds [static dependencies only]. Details - ImportResultOutputID=31a627b057c18a7022d98fc12eca437c DependenciesID=23756c0753be09958db7288b25e21b61 StaticDependenciesID=0ce0e8244de9f62eb32ae67cd1fdab53 
Importing 'GUID: 731f1baa9d144a9897cb1d341c2092b8 - Path: Assets/TextMesh Pro/Resources/Fonts & Materials' with importer (DefaultImporter)
Imported 'GUID: 731f1baa9d144a9897cb1d341c2092b8' -> (Import Result ID: 'e8c3b288ed6b269d0dc4d3be481fc93f') in 0.012 seconds [static dependencies only]. Details - ImportResultOutputID=be71128b6e507064624e3531fc1104be DependenciesID=4772e1d0687cb4bfea2c68d6962b0f1d StaticDependenciesID=dbf992900be276aa47360e1afab0bad9 
Importing 'GUID: 4aecb92fff08436c8303b10eab8da368 - Path: Assets/TextMesh Pro/Resources/Style Sheets' with importer (DefaultImporter)
Imported 'GUID: 4aecb92fff08436c8303b10eab8da368' -> (Import Result ID: 'a91670a3ee9aa5653f7eb418413d0be1') in 0.010 seconds [static dependencies only]. Details - ImportResultOutputID=654d6535d746c387e871080dd73d0049 DependenciesID=2bb88bdd738d6c036d0d42aa021852a4 StaticDependenciesID=ccf1d065662f39f93ebc99c8b6bdad8b 
Importing 'GUID: 124c112a6e8f1a54e8b0870e881b56d8 - Path: Assets/TextMesh Pro/Shaders/TMP_SDF-URP Unlit.shadergraph' with importer (DefaultImporter)
Imported 'GUID: 124c112a6e8f1a54e8b0870e881b56d8' -> (Import Result ID: '28e568ecb42907084bbf9900c7c96c19') in 0.293 seconds [static dependencies only]. Details - ImportResultOutputID=d52dda2cf8cd31d5260d58e380b0622c DependenciesID=60b089250b617bca3906f0501118e8f0 StaticDependenciesID=7bfb1fca272ef508e22987e33b43c98e 
Importing 'GUID: a3d800b099a06e0478fb790c5e79057a - Path: Assets/TextMesh Pro/Shaders/TMP_SDF-URP Lit.shadergraph' with importer (DefaultImporter)
Imported 'GUID: a3d800b099a06e0478fb790c5e79057a' -> (Import Result ID: '580d4e90ec27b7d27f9fde2266a4fd8b') in 0.007 seconds [static dependencies only]. Details - ImportResultOutputID=ccba059cdad1982524903ff52716e2ba DependenciesID=d57918061f5bb9e004846763a5fbc979 StaticDependenciesID=13f32c4dc88987f22ff9af9aff4e8403 
Importing 'GUID: f63d574838ccfb44f84acc05fed0af48 - Path: Assets/TextMesh Pro/Shaders/TMP_SDF-HDRP UNLIT.shadergraph' with importer (DefaultImporter)
Imported 'GUID: f63d574838ccfb44f84acc05fed0af48' -> (Import Result ID: 'df1a3a4b1b1d29cf88965c15a54e1897') in 0.006 seconds [static dependencies only]. Details - ImportResultOutputID=12e329debfff8666436068c8e3864686 DependenciesID=d1ee2663738300e69048ef2a228c4d48 StaticDependenciesID=69df792f388b7a47f6403abbd73bc671 
Importing 'GUID: ca2ed216f98028c4dae6c5224a952b3c - Path: Assets/TextMesh Pro/Shaders/TMP_SDF-HDRP LIT.shadergraph' with importer (DefaultImporter)
Imported 'GUID: ca2ed216f98028c4dae6c5224a952b3c' -> (Import Result ID: 'c49146837e859027a1b1312ad167740d') in 0.005 seconds [static dependencies only]. Details - ImportResultOutputID=8e177b64f8e157241622e8b42ad4cf50 DependenciesID=93012f0b23799fb1b01faf1e88958564 StaticDependenciesID=70f9d0349ce01a9942d00bf2c45bf435 
Importing 'GUID: 407bc68d299748449bbf7f48ee690f8d - Path: Assets/TextMesh Pro/Shaders/TMPro.cginc' with importer (ShaderIncludeImporter)
Imported 'GUID: 407bc68d299748449bbf7f48ee690f8d' -> (Import Result ID: 'd227f2dd508ce61a689b34921e048c35') in 0.009 seconds [static dependencies only]. Details - ImportResultOutputID=46a1927eb95741484c2d104891d14e5e DependenciesID=b4ff306b5e1616d41a9fb0ccb124ba0b StaticDependenciesID=eec1547f024763f4eab6bf4290b5a3da 
Importing 'GUID: c334973cef89a9840b0b0c507e0377ab - Path: Assets/TextMesh Pro/Shaders/TMPro_Mobile.cginc' with importer (ShaderIncludeImporter)
Imported 'GUID: c334973cef89a9840b0b0c507e0377ab' -> (Import Result ID: '941ca3ab0f2c9c9712307cd2f3bf3666') in 0.007 seconds [static dependencies only]. Details - ImportResultOutputID=927d0fffe06b84ba422840e2831f6165 DependenciesID=75024ca808231fb9c3256a9b4e6aa291 StaticDependenciesID=d219936ba5ad2c559469fd2392b77617 
Importing 'GUID: 96de908384869cd409c75efa351d5edf - Path: Assets/TextMesh Pro/Shaders/SDFFunctions.hlsl' with importer (ShaderIncludeImporter)
Imported 'GUID: 96de908384869cd409c75efa351d5edf' -> (Import Result ID: '15df072eca481a43676de02417dbfb62') in 0.009 seconds [static dependencies only]. Details - ImportResultOutputID=d6f60797eddd41edf5a61b71d05d4077 DependenciesID=40917bbbe07273cba94539cbe8ce7da7 StaticDependenciesID=3f1fab26afef6012d4f96bbc8ac78196 
Importing 'GUID: 3997e2241185407d80309a82f9148466 - Path: Assets/TextMesh Pro/Shaders/TMPro_Properties.cginc' with importer (ShaderIncludeImporter)
Imported 'GUID: 3997e2241185407d80309a82f9148466' -> (Import Result ID: '6fe094437061bd298fd555aade7610c3') in 0.006 seconds [static dependencies only]. Details - ImportResultOutputID=c25f0464bdc49b204f1022ec115aee10 DependenciesID=8275019b884c6de5fced4d68339c67f9 StaticDependenciesID=d762073601b2acefe9900f689fc2f9a3 
Importing 'GUID: d930090c0cd643c7b55f19a38538c162 - Path: Assets/TextMesh Pro/Shaders/TMPro_Surface.cginc' with importer (ShaderIncludeImporter)
Imported 'GUID: d930090c0cd643c7b55f19a38538c162' -> (Import Result ID: '3cb6cfc362a63fcfa483ba7595f09283') in 0.007 seconds [static dependencies only]. Details - ImportResultOutputID=dfcddd3eeb30280548e7170739efda9b DependenciesID=6ec92dc8079733725bf7308024edd48c StaticDependenciesID=efce7f45d5ff52a2617d5a5a68bed86e 
Importing 'GUID: a02a7d8c237544f1962732b55a9aebf1 - Path: Assets/TextMesh Pro/Shaders/TMP_SDF-Mobile Overlay.shader' with importer (ShaderImporter)
Imported 'GUID: a02a7d8c237544f1962732b55a9aebf1' -> (Import Result ID: '617718b13e88095a219b494dcb2c76fd') in 0.209 seconds [static and dynamic dependencies]. Details - ImportResultOutputID=9da4d99d64ee918f939dd52f68d68a92 DependenciesID=6b6db631e6c49f8e14ca7a82c409f1ee StaticDependenciesID=aba77a95c07a63c3eb5d7edd7ecbb2e4 
Importing 'GUID: 0178fcb869bafef4690d177d31d17db8 - Path: Assets/TextMesh Pro/Shaders/TMP_SDF-Mobile-2-Pass.shader' with importer (ShaderImporter)
Imported 'GUID: 0178fcb869bafef4690d177d31d17db8' -> (Import Result ID: '9e78cac253667ac6dc8d8c8d838ee5c8') in 0.035 seconds [static and dynamic dependencies]. Details - ImportResultOutputID=62f4ea8677021feb82c75c34d858f4ff DependenciesID=d1d040f5d52105844ceac06e8418f450 StaticDependenciesID=b395f17e22b97e232decd98d1446bb37 
Importing 'GUID: 128e987d567d4e2c824d754223b3f3b0 - Path: Assets/TextMesh Pro/Shaders/TMP_Bitmap.shader' with importer (ShaderImporter)
Imported 'GUID: 128e987d567d4e2c824d754223b3f3b0' -> (Import Result ID: '76f3a659a19a0cf625d077dd8beaa0dc') in 0.022 seconds [static and dynamic dependencies]. Details - ImportResultOutputID=e197bf0ef6881c359f093776a069e9f6 DependenciesID=632a9c1b0cb52f2191a9199e389a3005 StaticDependenciesID=a6bdefdff2bc423c1ea0bb27b11a69f4 
Importing 'GUID: 14eb328de4b8eb245bb7cea29e4ac00b - Path: Assets/TextMesh Pro/Shaders/TMP_SDF SSD.shader' with importer (ShaderImporter)
Imported 'GUID: 14eb328de4b8eb245bb7cea29e4ac00b' -> (Import Result ID: '9d1c034cd60eb20500bd81e9c2a33f72') in 0.025 seconds [static and dynamic dependencies]. Details - ImportResultOutputID=24e814dc0e0557731ff9963a59dc337e DependenciesID=af591f02aad7070493dd98214f469613 StaticDependenciesID=0dc21b5bf94efb15c2ef9e7d861fcd75 
Importing 'GUID: 85187c2149c549c5b33f0cdb02836b17 - Path: Assets/TextMesh Pro/Shaders/TMP_SDF-Surface-Mobile.shader' with importer (ShaderImporter)
Imported 'GUID: 85187c2149c549c5b33f0cdb02836b17' -> (Import Result ID: '1a12ba43fe7531631d67a087864947d4') in 1.392 seconds [static and dynamic dependencies]. Details - ImportResultOutputID=9b926ee88c9f56485fa35fed374e7b79 DependenciesID=afaec5ff4a78f7d0c8b9e7a994c23ac2 StaticDependenciesID=fa4371816394caa72e816ac76871b906 
Importing 'GUID: b5ab6cb89ffa7004ca59c01dddd06493 - Path: Assets/TextMesh Pro/Shaders/TMP_SDF SpaceWarp.shader' with importer (ShaderImporter)
Imported 'GUID: b5ab6cb89ffa7004ca59c01dddd06493' -> (Import Result ID: '15424c5a5a12f9544f348e3c7b5021c4') in 0.040 seconds [static and dynamic dependencies]. Details - ImportResultOutputID=4256d4b398ef916e75c777fbbb041640 DependenciesID=70f9db27bd187285eaf52bbe5561c8e4 StaticDependenciesID=2fde26cb22fc85ccc5f83236b6419736 
Importing 'GUID: f7ada0af4f174f0694ca6a487b8f543d - Path: Assets/TextMesh Pro/Shaders/TMP_SDF-Surface.shader' with importer (ShaderImporter)
Imported 'GUID: f7ada0af4f174f0694ca6a487b8f543d' -> (Import Result ID: 'cd364eb9782b4bc0256cb31dfca3bb02') in 2.438 seconds [static and dynamic dependencies]. Details - ImportResultOutputID=a961bbf4be07caabcd2847046a94400a DependenciesID=6c60fcef4b828c602ad6fa9769a81fe7 StaticDependenciesID=ede61b4875151285d735658afc2beda0 
Importing 'GUID: 48bb5f55d8670e349b6e614913f9d910 - Path: Assets/TextMesh Pro/Shaders/TMP_Bitmap-Custom-Atlas.shader' with importer (ShaderImporter)
Imported 'GUID: 48bb5f55d8670e349b6e614913f9d910' -> (Import Result ID: '53e18e9d40a5267875697e05869c3920') in 0.024 seconds [static and dynamic dependencies]. Details - ImportResultOutputID=237503f7db9b7abc10ec21e6170758a9 DependenciesID=2964a4225bb08a99aaa60dc28c5b899b StaticDependenciesID=70ad083497d642b308f90f2efa474f10 
Importing 'GUID: 68e6db2ebdc24f95958faec2be5558d6 - Path: Assets/TextMesh Pro/Shaders/TMP_SDF.shader' with importer (ShaderImporter)
Imported 'GUID: 68e6db2ebdc24f95958faec2be5558d6' -> (Import Result ID: '941f432a88b96f0d53afad78e31adcbc') in 0.023 seconds [static and dynamic dependencies]. Details - ImportResultOutputID=f8cfd4e4a874e8c54e8729747e2f34b6 DependenciesID=08b23c727455ef452e3f4011befe8726 StaticDependenciesID=e215a09018cd2c721b4761806dddceb5 
Importing 'GUID: c8d12adcee749c344b8117cf7c7eb912 - Path: Assets/TextMesh Pro/Shaders/TMP_SDF-Mobile SSD.shader' with importer (ShaderImporter)
Imported 'GUID: c8d12adcee749c344b8117cf7c7eb912' -> (Import Result ID: 'adecf61f7079c8ee6515a7c8347c9d2e') in 0.024 seconds [static and dynamic dependencies]. Details - ImportResultOutputID=ccb58e7d4a5386aabd38761a30533511 DependenciesID=d95e4a82b25418f777ff38c5ee7c179a StaticDependenciesID=a8ec54940a758547332134bba24516f2 
Importing 'GUID: 2ae3f84ba70f31a448850bf95ca45125 - Path: Assets/TextMesh Pro/Shaders/TMP_SDF-Mobile SpaceWarp.shader' with importer (ShaderImporter)
Imported 'GUID: 2ae3f84ba70f31a448850bf95ca45125' -> (Import Result ID: 'edd9d3254a52a0b927676eb53c3f44d6') in 0.032 seconds [static and dynamic dependencies]. Details - ImportResultOutputID=ff26e6b43ca05c3a1d893efd581d3006 DependenciesID=ee9a14d9a56776ba0b128d84ae8dae59 StaticDependenciesID=bcfd1bb314cd186e83a27cfe1177033b 
Importing 'GUID: 5c6f31a5a80ebc04f8bcfdeed8327fe1 - Path: Assets/TextMesh Pro/Shaders/TMP_SDF SSD SpaceWarp.shader' with importer (ShaderImporter)
Imported 'GUID: 5c6f31a5a80ebc04f8bcfdeed8327fe1' -> (Import Result ID: '7478fa0ce7ab1fda0d3eeebb0dff0b6e') in 0.038 seconds [static and dynamic dependencies]. Details - ImportResultOutputID=6e3cc1be0a24451c37af164d1dd1fe58 DependenciesID=8554903b1f0f79bdc6ff7b23dffd1a35 StaticDependenciesID=52f1d86df3477967f7f0acda294b07fc 
Importing 'GUID: bc1ede39bf3643ee8e493720e4259791 - Path: Assets/TextMesh Pro/Shaders/TMP_SDF-Mobile Masking.shader' with importer (ShaderImporter)
Imported 'GUID: bc1ede39bf3643ee8e493720e4259791' -> (Import Result ID: '479f849cf1f4650efafcdd532fc061a5') in 0.030 seconds [static and dynamic dependencies]. Details - ImportResultOutputID=e170b98ca7f76161218af28c7bb7e2ed DependenciesID=9c4a0190eef41a9570a4eb76c795034b StaticDependenciesID=b7e7b1c769b03bfc0e25022489e2e07e 
Importing 'GUID: dd89cf5b9246416f84610a006f916af7 - Path: Assets/TextMesh Pro/Shaders/TMP_SDF Overlay.shader' with importer (ShaderImporter)
Imported 'GUID: dd89cf5b9246416f84610a006f916af7' -> (Import Result ID: '9422b6eb683c38b20183ecbe1d508f69') in 0.030 seconds [static and dynamic dependencies]. Details - ImportResultOutputID=6f0bf85cd711871e7cd810865d75d69f DependenciesID=d41d6695f2e08e830386a337c4d0e4dd StaticDependenciesID=8a6fb65dd4b0639a26516685b0cd6348 
Importing 'GUID: 1e3b057af24249748ff873be7fafee47 - Path: Assets/TextMesh Pro/Shaders/TMP_Bitmap-Mobile.shader' with importer (ShaderImporter)
Imported 'GUID: 1e3b057af24249748ff873be7fafee47' -> (Import Result ID: '1ea4d4cb5ee38a6dfdbd887881e8a809') in 0.105 seconds [static and dynamic dependencies]. Details - ImportResultOutputID=e24c245dbab5776d092015d4be5153ac DependenciesID=36a14573ccad04e6c07465cd6d1f75ad StaticDependenciesID=b204e391030d8532ffc7155a07de0775 
Importing 'GUID: fe393ace9b354375a9cb14cdbbc28be4 - Path: Assets/TextMesh Pro/Shaders/TMP_SDF-Mobile.shader' with importer (ShaderImporter)
Imported 'GUID: fe393ace9b354375a9cb14cdbbc28be4' -> (Import Result ID: 'e38409babd9fd664d8d164f4d3b54d0a') in 0.020 seconds [static and dynamic dependencies]. Details - ImportResultOutputID=cbffa0f772c7c682a0a4c5536d5d9221 DependenciesID=ec4bddb11325ea6b2b5b55d5981446d3 StaticDependenciesID=b12f5b390634301b2f377017288f8548 
Importing 'GUID: 2f52e8cb070aaf94289b130df84e2882 - Path: Assets/TextMesh Pro/Shaders/TMP_SDF-Mobile SSD SpaceWarp.shader' with importer (ShaderImporter)
Imported 'GUID: 2f52e8cb070aaf94289b130df84e2882' -> (Import Result ID: 'ed79d139e7a92c731d940880ea7ccc4b') in 0.028 seconds [static and dynamic dependencies]. Details - ImportResultOutputID=7a29f4a80523c4188fdc8db4715ba863 DependenciesID=654a37a8fe47d8bd4a2741e676b0cb2f StaticDependenciesID=d7da0684559f65d10f01c883c3580ed8 
Importing 'GUID: cf81c85f95fe47e1a27f6ae460cf182c - Path: Assets/TextMesh Pro/Shaders/TMP_Sprite.shader' with importer (ShaderImporter)
Imported 'GUID: cf81c85f95fe47e1a27f6ae460cf182c' -> (Import Result ID: 'd1b045d22a21c74b7c8623968e614d19') in 0.020 seconds [static and dynamic dependencies]. Details - ImportResultOutputID=3375e2ed83fc1770e59c778527622495 DependenciesID=92349f513a7c11f7dd32433780fa6a1c StaticDependenciesID=0a2b64f4bb1ca0ce9dbb24e73b8ef954 
Importing 'GUID: e73a58f6e2794ae7b1b7e50b7fb811b0 - Path: Assets/TextMesh Pro/Resources/Fonts & Materials/LiberationSans SDF - Drop Shadow.mat' with importer (NativeFormatImporter)
Imported 'GUID: e73a58f6e2794ae7b1b7e50b7fb811b0' -> (Import Result ID: '22351b6fe615ff23095778099322d553') in 0.021 seconds [static dependencies only]. Details - ImportResultOutputID=c428cf535d72a5be5785afed635f9e54 DependenciesID=dcbdaa5568a5a5e02c3699aa51c51fad StaticDependenciesID=b2f246f6eeb574b51ca16791cd3972f5 
Importing 'GUID: 79459efec17a4d00a321bdcc27bbc385 - Path: Assets/TextMesh Pro/Resources/Fonts & Materials/LiberationSans SDF - Outline.mat' with importer (NativeFormatImporter)
Imported 'GUID: 79459efec17a4d00a321bdcc27bbc385' -> (Import Result ID: 'ba50dd45a61d873a1b376c7fa2c4af4f') in 0.008 seconds [static dependencies only]. Details - ImportResultOutputID=2682b122d46e1a6b6bf23e29c4026251 DependenciesID=380f614febc0662e12e88e0f917496d3 StaticDependenciesID=41b6999c542dd9794842c3aefa332423 
Serialized file "Assets/TextMesh Pro/Fonts/LiberationSans.ttf.meta" contains a TrueTypeFontImporter object at version 2, below the supported minimum (4). Open and re-save the file to upgrade.
Importing 'GUID: e3265ab4bf004d28a9537516768c1c75 - Path: Assets/TextMesh Pro/Fonts/LiberationSans.ttf' with importer (TrueTypeFontImporter)
Imported 'GUID: e3265ab4bf004d28a9537516768c1c75' -> (Import Result ID: '2899436c3a2655ce5a753723fee7aef5') in 1.682 seconds [static and dynamic dependencies]. Details - ImportResultOutputID=287058275687a0cb6586b2960b964c63 DependenciesID=286f7725f5a108b686e13e1390035ced StaticDependenciesID=9cb9c18831ae635933df6326b5ae3140 
Importing 'GUID: f952c082cb03451daed3ee968ac6c63e - Path: Assets/TextMesh Pro/Resources/Style Sheets/Default Style Sheet.asset' with importer (NativeFormatImporter)
Imported 'GUID: f952c082cb03451daed3ee968ac6c63e' -> (Import Result ID: 'ac651d7984c68288d0e69f56e30e8f0f') in 0.022 seconds [static dependencies only]. Details - ImportResultOutputID=a0ece0a9c498454841a18af31b0b9a41 DependenciesID=8d596c754299580c48537dd80955af32 StaticDependenciesID=24a632da1a35e992125fdb41a5f62bad 
Importing 'GUID: 2e498d1c8094910479dc3e1b768306a4 - Path: Assets/TextMesh Pro/Resources/Fonts & Materials/LiberationSans SDF - Fallback.asset' with importer (NativeFormatImporter)
Imported 'GUID: 2e498d1c8094910479dc3e1b768306a4' -> (Import Result ID: '594767e065be67de7511a036a7f9e94d') in 0.153 seconds [static dependencies only]. Details - ImportResultOutputID=15c8c079d336d28f621b2cb41a27d1c5 DependenciesID=2a1087a6e13911eb3b7149f35fd2a528 StaticDependenciesID=b39e9398ebabaead3374994a6a0f6822 
Importing 'GUID: 3f5b5dff67a942289a9defa416b206f3 - Path: Assets/TextMesh Pro/Resources/TMP Settings.asset' with importer (NativeFormatImporter)
Imported 'GUID: 3f5b5dff67a942289a9defa416b206f3' -> (Import Result ID: '8ebe0fb86c15ad9d1e3fe8fe34aad3a5') in 0.078 seconds [static dependencies only]. Details - ImportResultOutputID=603efaa7f5869716d3b798bcf98e4051 DependenciesID=bb34636286dc8c40060ed25abb654566 StaticDependenciesID=44806fb80757889a50693f4eb230ac07 
Importing 'GUID: 8f586378b4e144a9851e7b34d9b748ee - Path: Assets/TextMesh Pro/Resources/Fonts & Materials/LiberationSans SDF.asset' with importer (NativeFormatImporter)
Imported 'GUID: 8f586378b4e144a9851e7b34d9b748ee' -> (Import Result ID: '1299350bea1bf08c888bdf4449f30694') in 0.007 seconds [static dependencies only]. Details - ImportResultOutputID=cbfa3f1a3614d2631609046721426d07 DependenciesID=50ba76ff15b26facb63710723173c22d StaticDependenciesID=1473ac5895a2f6d44b30ac155258162f 
Importing 'GUID: d82c1b31c7e74239bff1220585707d2b - Path: Assets/TextMesh Pro/Resources/LineBreaking Leading Characters.txt' with importer (TextScriptImporter)
Imported 'GUID: d82c1b31c7e74239bff1220585707d2b' -> (Import Result ID: 'ae47c18b96fcb81aa9c2ce84d6069478') in 0.011 seconds [static dependencies only]. Details - ImportResultOutputID=accbd916521184ba52956bf5a3d569e8 DependenciesID=be87e060d2bf568c99219215b0d15428 StaticDependenciesID=eab78316816044ef656b5d8cdaf1f3fa 
Importing 'GUID: fade42e8bc714b018fac513c043d323b - Path: Assets/TextMesh Pro/Resources/LineBreaking Following Characters.txt' with importer (TextScriptImporter)
Imported 'GUID: fade42e8bc714b018fac513c043d323b' -> (Import Result ID: 'e70f5531d92f367a097dfb0a0a2f59e0') in 0.008 seconds [static dependencies only]. Details - ImportResultOutputID=c8e4cb8494a571806026f46ac8e51867 DependenciesID=b68b3a300b7b57863a818365947d2d80 StaticDependenciesID=e2cd1f8fe0c327e1314ed548f89a1e0a 
Importing 'GUID: 6e59c59b81ab47f9b6ec5781fa725d2c - Path: Assets/TextMesh Pro/Fonts/LiberationSans - OFL.txt' with importer (TextScriptImporter)
Imported 'GUID: 6e59c59b81ab47f9b6ec5781fa725d2c' -> (Import Result ID: 'f4cfd38c40ddfe40e1882ffbe2b82743') in 0.007 seconds [static dependencies only]. Details - ImportResultOutputID=a7cf72e10b5334f76bceabe6ce29cc32 DependenciesID=ee3690583f4188d956a910e55c119296 StaticDependenciesID=cc9d7fc8aa195c5d30db41d4d39ad4d3 
Launched and connected shader compiler UnityShaderCompiler.exe after 0.18 seconds
Launched and connected shader compiler UnityShaderCompiler.exe after 0.04 seconds
Launched and connected shader compiler UnityShaderCompiler.exe after 0.13 seconds
Launched and connected shader compiler UnityShaderCompiler.exe after 0.37 seconds
Launched and connected shader compiler UnityShaderCompiler.exe after 0.96 seconds
[Licensing::Client] Successfully resolved entitlement details
[main 2026-10-03T02:48:45.411Z] [perf] profiling STARTED 0530e911-d92d-4ec7-a822-ba869f4e23c6
Refreshing native plugins compatible for Editor in 15.01 ms, found 5 plugins.

Asset Pipeline Refresh (id=b4c4d3e4621f57546beee3d57e3dc3d8): Total: 15.786 seconds - Initiated by RefreshV2(ForceSynchronousImport)
	(Values over 0.05ms)
	Summary:
		Imports: total=43 (actual=43, local cache=0, cache server=0)
		Asset DB Process Time: managed=364 ms, native=8066 ms
		Asset DB Callback time: managed=5915 ms, native=1438 ms
		Scripting: domain reloads=0, domain reload time=0 ms, compile time=0 ms, other=0 ms
		Project Asset Count: scripts=1214, non-scripts=1976
		Asset File Changes: new=43, changed=43, moved=0, deleted=0
		Scan Filter Count: 0
	InvokePackagesCallback: 3.930ms
	ApplyChangesToAssetFolders: 0.792ms
	Scan: 477.188ms
	Collect global state as custom dependencies: 1.306ms
	OnSourceAssetsModified: 165.675ms
	CategorizeScriptCompilationAssets: 0.104ms
	ProcessAssetsWithTransientArtifactChanges: 10.918ms
	CategorizeAssets: 42.401ms
	ImportOutOfDateAssets: 7734.992ms (10.916ms without children)
		ImportManagerImport: 7701.181ms (28.017ms without children)
			UpdateCategorizedAssets: 1.480ms
		ReloadNativeAssets: 0.524ms
		UnloadImportedAssets: 1.814ms
		EnsureUptoDateAssetsAreRegisteredWithGuidPM: 2.443ms
		ImportSchedulerStart: 18.058ms
	PostProcessAllAssets: 7124.780ms
		ShaderAssetModifiedCallback 1087.230ms
		XRBuildSystem.XRAssetImported 55.211ms
		SpriteAtlasDatabase.OnAssetPostprocessCallback 16.450ms
		VersionControlSettings.HiddenFilePostprocess 9.512ms
		SpeedTreeImporter.PostprocessAllAssets 1.879ms
		ObjectImages.AssetImported 1.277ms
		PostProcessCallbackCreateDeferredMaterials 0.863ms
		PostprocessAssetsUpdateCachedIcon 0.771ms
		ComputeShaderImportPostprocess 0.558ms
		VCAutoAddAssetPostprocess 0.533ms
		LocalizationDatabase.AssetDatabasePostprocessCallback 0.462ms
		AssemblyValidation.PostprocessAllAssets 0.438ms
		RaytracingShaderImportPostprocess 0.357ms
		WindowTitlePostprocess 0.229ms
		BlockShaderImporter.PostprocessAllAssets 0.168ms
		MonoPostProcessAllAssets: 5871.692ms
			SyncVS.PostprocessSyncProject 3650.931ms
			TMPro_TexturePostProcessor.OnPostprocessAllAssets 360.754ms
			AssetChangedListener.OnPostprocessAllAssets 261.478ms
			BuilderAssetPostprocessor.OnPostprocessAllAssets 197.859ms
			AssetPostprocessor.OnPostprocessAllAssets 194.055ms
			UVCSAssetPostprocessor.OnPostprocessAllAssets 56.761ms
			RetainedModeAssetPostprocessor.OnPostprocessAllAssets 50.529ms
			ArtifactBrowserPostProcessor.OnPostprocessAllAssets 39.247ms
			SpriteEditorTexturePostprocessor.OnPostprocessAllAssets 36.383ms
			TextAssetPostProcessor.OnPostprocessAllAssets 34.897ms
			ConfigAssetsTracker.OnPostprocessAllAssets 25.631ms
			SpriteShapeAssetPostProcessor.OnPostprocessAllAssets 23.141ms
			SpriteSlicePostprocessor.OnPostprocessAllAssets 17.952ms
			AudioMixerPostprocessor.OnPostprocessAllAssets 15.504ms
			InputActionJsonNameModifierAssetProcessor.OnPostprocessAllAssets 14.953ms
			SpriteLibraryAssetPostprocessor.OnPostprocessAllAssets 12.386ms
			StyleCatalogPostProcessor.OnPostprocessAllAssets 11.570ms
			AssetEvents.OnPostprocessAllAssets 11.358ms
			AssetReloadNotifier.OnPostprocessAllAssets 10.767ms
			SamplePostprocessor.OnPostprocessAllAssets 8.799ms
			ScenarioDriftAssetsTracker.OnPostprocessAllAssets 8.214ms
			SpeedTreePostProcessor.OnPostprocessAllAssets 7.643ms
			PSDImportPostProcessor.OnPostprocessAllAssets 6.082ms
			ThemePostprocessor.OnPostprocessAllAssets 5.373ms
			AudioContainerPostProcessor.OnPostprocessAllAssets 4.142ms
			InputActionAssetPostprocessor.OnPostprocessAllAssets 3.984ms
			AssetProcessor.OnPostprocessAllAssets 3.676ms
			EditModeScopePostprocessor.OnPostprocessAllAssets 3.428ms
			PSDImporterAssetPostProcessor.OnPostprocessAllAssets 2.099ms
			ProjectSettingsPostprocessor.OnPostprocessAllAssets 0.664ms
			ReferencedClipsPostProcessor.OnPostprocessAllAssets 0.609ms
			CinemachineSettings.OnPostprocessAllAssets 0.421ms
			WindowAssetPostprocessingWatcher.OnPostprocessAllAssets 0.320ms
			SpeedTree9Postprocessor.OnPostprocessAllAssets 0.268ms
			TerrainToolbarOverlayPostProcessor.OnPostprocessAllAssets 0.220ms
			RenderPipelineGlobalSettingsPostprocessor.OnPostprocessAllAssets 0.149ms
			DomainReloadProcessor.OnPostprocessAllAssets 0.093ms
	PostAssetChangesProfiler: 61.846ms
	GatherAllCurrentPrimaryImportResultRevisions: 4.100ms
	UnloadStreamsBegin: 8.018ms
	PersistCurrentRevisions: 2.538ms
	Untracked: 147.295ms

Asset Pipeline Refresh (id=bd450f28126b9504d997b5dee54fe128): Total: 0.057 seconds - Initiated by RefreshV2(ForceSynchronousImport)
[TMP Essential Resources] have been imported.
UnityEngine.Debug:ExtractStackTraceNoAlloc (byte*,int,string)
UnityEngine.StackTraceUtility:ExtractStackTrace ()
UnityEngine.DebugLogHandler:Internal_Log (UnityEngine.LogType,UnityEngine.LogOption,string,UnityEngine.Object)
UnityEngine.DebugLogHandler:LogFormat (UnityEngine.LogType,UnityEngine.Object,string,object[])
UnityEngine.Logger:Log (UnityEngine.LogType,object)
UnityEngine.Debug:Log (object)
TMPro.TMP_PackageResourceImporter:ImportCallback (string) (at ./Library/PackageCache/com.unity.ugui@23caec89ae27/Runtime/TMP/TMP_PackageResourceImporter.cs:160)
UnityEditor.AssetDatabase:Internal_CallImportPackageCompleted (string)

(Filename: ./Library/PackageCache/com.unity.ugui@23caec89ae27/Runtime/TMP/TMP_PackageResourceImporter.cs Line: 160)

[main 2026-10-03T02:48:50.778Z] [perf] profiling DONE 0530e911-d92d-4ec7-a822-ba869f4e23c6
[main 2026-10-03T02:48:54.735Z] [perf] profiling STARTED 0530e911-d92d-4ec7-a822-ba869f4e23c6
[main 2026-10-03T02:48:59.827Z] [perf] profiling DONE 0530e911-d92d-4ec7-a822-ba869f4e23c6
[main 2026-10-03T02:49:00.702Z] [perf] profiling STARTED 0530e911-d92d-4ec7-a822-ba869f4e23c6
[main 2026-10-03T02:49:05.799Z] [perf] profiling DONE 0530e911-d92d-4ec7-a822-ba869f4e23c6
Asset Pipeline Refresh (id=e9823fdd61af1c14296b4ed1a8f0b25c): Total: 0.077 seconds - Initiated by RefreshV2(AllowForceSynchronousImport)
Asset Pipeline Refresh (id=48d05aa2c79a1944cbe27511b1be9763): Total: 0.018 seconds - Initiated by RefreshV2(AllowForceSynchronousImport)
Asset Pipeline Refresh (id=56ba472751a805a4ba8a8bd635aa0dba): Total: 0.018 seconds - Initiated by RefreshV2(AllowForceSynchronousImport)
[Worker0] Imported GUID: 7243f69f1eb897e499e831ed058b53ff - Path: Assets/Scripts/Core/GameEvents.cs - Importer: PreviewImporter -> (ImportResultId: '4323c2d1f5249aca91bd4c49c8e9120c') in 0.5355087 seconds
Asset Pipeline Refresh (id=40aa6b8e990be8743a23877d375eb2ab): Total: 0.012 seconds - Initiated by RefreshV2(AllowForceSynchronousImport)
Asset Pipeline Refresh (id=c7d7fe63bcc034840ac10362390cf311): Total: 0.017 seconds - Initiated by RefreshV2(AllowForceSynchronousImport)
Asset Pipeline Refresh (id=7dc9eecccdb04e54baed14375815912f): Total: 0.025 seconds - Initiated by RefreshV2(AllowForceSynchronousImport)
Asset Pipeline Refresh (id=4b0f3871c584a4542b47907152a45bb7): Total: 0.016 seconds - Initiated by RefreshV2(AllowForceSynchronousImport)
Asset Pipeline Refresh (id=732780b7565a1e74a956d864ff4c62f1): Total: 0.017 seconds - Initiated by RefreshV2(AllowForceSynchronousImport)
Asset Pipeline Refresh (id=64e80ec1b75de1a4fa1e96dfecc1d667): Total: 0.017 seconds - Initiated by RefreshV2(AllowForceSynchronousImport)
Asset Pipeline Refresh (id=47b3ff5f0b5505f42a03fc4351245f3a): Total: 0.011 seconds - Initiated by RefreshV2(AllowForceSynchronousImport)
Importing 'GUID: 1e40d3baecb2d0a428f06b0aa53ed173 - Path: Assets/Scenes/Nivel_1.unity' with importer (DefaultImporter)
Imported 'GUID: 1e40d3baecb2d0a428f06b0aa53ed173' -> (Import Result ID: '23863c995198dd50616b14bce572d3b4') in 0.017 seconds [static dependencies only]. Details - ImportResultOutputID=5bc3971975471fcdb989b951ef1e7e5d DependenciesID=915f9195463b7f33a20ebc49e741f5fc StaticDependenciesID=76930700114dadeb875c7ce2f16fba6a 
Refreshing native plugins compatible for Editor in 56.61 ms, found 5 plugins.

Asset Pipeline Refresh (id=3448cd235adcf6a4694ceda6c3fb149b): Total: 0.375 seconds - Initiated by StopAssetImportingV2(NoUpdateAssetOptions)
	(Values over 0.05ms)
	Summary:
		Imports: total=1 (actual=1, local cache=0, cache server=0)
		Asset DB Process Time: managed=3 ms, native=210 ms
		Asset DB Callback time: managed=85 ms, native=75 ms
		Scripting: domain reloads=0, domain reload time=0 ms, compile time=0 ms, other=0 ms
		Project Asset Count: scripts=1214, non-scripts=1976
		Asset File Changes: new=0, changed=1, moved=0, deleted=0
		Scan Filter Count: 3
	ApplyChangesToAssetFolders: 0.321ms
	Scan: 99.315ms
	Collect global state as custom dependencies: 1.106ms
	OnSourceAssetsModified: 1.279ms
	CategorizeScriptCompilationAssets: 0.204ms
	ProcessAssetsWithTransientArtifactChanges: 5.666ms
	CategorizeAssets: 31.829ms
	ImportOutOfDateAssets: 41.912ms (0.639ms without children)
		ImportManagerImport: 25.532ms (1.970ms without children)
		ReloadNativeAssets: 0.150ms
		UnloadImportedAssets: 0.696ms
		EnsureUptoDateAssetsAreRegisteredWithGuidPM: 2.069ms
		ImportSchedulerStart: 12.762ms
	PostProcessAllAssets: 97.667ms
		XRBuildSystem.XRAssetImported 10.670ms
		ObjectImages.AssetImported 0.388ms
		PostProcessCallbackCreateDeferredMaterials 0.299ms
		MonoPostProcessAllAssets: 84.328ms
			SyncVS.PostprocessSyncProject 18.484ms
			AssetChangedListener.OnPostprocessAllAssets 12.552ms
			ConfigAssetsTracker.OnPostprocessAllAssets 6.080ms
			AssetPostprocessor.OnPostprocessAllAssets 4.641ms
			InputActionAssetPostprocessor.OnPostprocessAllAssets 1.145ms
			SpriteEditorTexturePostprocessor.OnPostprocessAllAssets 1.096ms
			RetainedModeAssetPostprocessor.OnPostprocessAllAssets 1.044ms
			EditModeScopePostprocessor.OnPostprocessAllAssets 1.007ms
			TMPro_TexturePostProcessor.OnPostprocessAllAssets 0.885ms
			WindowAssetPostprocessingWatcher.OnPostprocessAllAssets 0.826ms
			StyleCatalogPostProcessor.OnPostprocessAllAssets 0.742ms
			AssetProcessor.OnPostprocessAllAssets 0.650ms
			SpeedTreePostProcessor.OnPostprocessAllAssets 0.635ms
			DomainReloadProcessor.OnPostprocessAllAssets 0.617ms
			UVCSAssetPostprocessor.OnPostprocessAllAssets 0.523ms
			SamplePostprocessor.OnPostprocessAllAssets 0.474ms
			AssetReloadNotifier.OnPostprocessAllAssets 0.472ms
			AssetEvents.OnPostprocessAllAssets 0.465ms
			ArtifactBrowserPostProcessor.OnPostprocessAllAssets 0.458ms
			SpriteSlicePostprocessor.OnPostprocessAllAssets 0.444ms
			AudioMixerPostprocessor.OnPostprocessAllAssets 0.417ms
			SpriteShapeAssetPostProcessor.OnPostprocessAllAssets 0.410ms
			CinemachineSettings.OnPostprocessAllAssets 0.408ms
			PSDImporterAssetPostProcessor.OnPostprocessAllAssets 0.406ms
			SpriteLibraryAssetPostprocessor.OnPostprocessAllAssets 0.391ms
			TextAssetPostProcessor.OnPostprocessAllAssets 0.282ms
			BuilderAssetPostprocessor.OnPostprocessAllAssets 0.152ms
			TerrainToolbarOverlayPostProcessor.OnPostprocessAllAssets 0.147ms
			ProjectSettingsPostprocessor.OnPostprocessAllAssets 0.082ms
			AssetDatabaseCallbacks.OnPostprocessAllAssets 0.079ms
			AudioContainerPostProcessor.OnPostprocessAllAssets 0.074ms
			InputActionJsonNameModifierAssetProcessor.OnPostprocessAllAssets 0.059ms
	PostAssetChangesProfiler: 62.166ms
	GatherAllCurrentPrimaryImportResultRevisions: 0.308ms
	PersistCurrentRevisions: 0.651ms
	Untracked: 31.994ms

Asset Pipeline Refresh (id=3b37e543f41433a4d80c86cf42228df9): Total: 0.057 seconds - Initiated by RefreshV2(AllowForceSynchronousImport)
Asset Pipeline Refresh (id=e70ad3382d63dea44b9c0ba55fcd5f01): Total: 0.018 seconds - Initiated by RefreshV2(AllowForceSynchronousImport)
Request Asset Garbage Collect because used heap size increased from 0.91 GB to 1.16 GB, exceeding the threshold of 256.0 MB.
Unloading 0 Unused Serialized files (Serialized files now loaded: 0)
Unloading 69 unused Assets / (8.1 KB). Loaded Objects now: 8344.
Memory consumption went from 1.16 GB to 1.16 GB.
Total: 844.529700 ms (FindLiveObjects: 11.474800 ms CreateObjectMapping: 0.382800 ms MarkObjects: 826.370500 ms  DeleteObjects: 5.636700 ms)

Asset Pipeline Refresh (id=d2adcd737fa40a241a12493c3b68442e): Total: 0.025 seconds - Initiated by RefreshV2(AllowForceSynchronousImport)
Asset Pipeline Refresh (id=b7207935dc71176428f0e1a18d6ae822): Total: 0.010 seconds - Initiated by RefreshV2(AllowForceSynchronousImport)
Asset Pipeline Refresh (id=d3d9355033c604f45afdea16cb68942c): Total: 0.016 seconds - Initiated by RefreshV2(AllowForceSynchronousImport)
Asset Pipeline Refresh (id=142f087657e9f8742b40356b891320ca): Total: 0.011 seconds - Initiated by RefreshV2(AllowForceSynchronousImport)
[Licensing::Client] Successfully resolved entitlement details
Asset Pipeline Refresh (id=6d906f703910df54e8d842d730cc69b8): Total: 0.043 seconds - Initiated by RefreshV2(AllowForceSynchronousImport)
Asset Pipeline Refresh (id=6940c871bb76c0946b74bf05ffa7a707): Total: 0.024 seconds - Initiated by RefreshV2(AllowForceSynchronousImport)
Asset Pipeline Refresh (id=2b89df68f616a2e4cae96fa5a684f888): Total: 0.016 seconds - Initiated by RefreshV2(AllowForceSynchronousImport)
[main 2026-10-03T03:46:23.090Z] update#setState checking for updates
[main 2026-10-03T03:46:24.068Z] update#setState idle
Asset Pipeline Refresh (id=a6fedef7acc42a14a89a2302dfc76fce): Total: 0.025 seconds - Initiated by RefreshV2(AllowForceSynchronousImport)
Asset Pipeline Refresh (id=0f5fcde0ad2478943b4703e1e1b272b2): Total: 0.013 seconds - Initiated by RefreshV2(AllowForceSynchronousImport)
Asset Pipeline Refresh (id=10261c724218a7141ae9a6216dbd79b5): Total: 0.011 seconds - Initiated by RefreshV2(AllowForceSynchronousImport)
Asset Pipeline Refresh (id=57c200058ef9a9d4185573fb5f37e352): Total: 0.015 seconds - Initiated by RefreshV2(AllowForceSynchronousImport)
Asset Pipeline Refresh (id=9f1f85ec8c720ce4ab088a69340413cf): Total: 0.012 seconds - Initiated by RefreshV2(AllowForceSynchronousImport)
Asset Pipeline Refresh (id=4b30cab0124283c40a0e635ed3cf80df): Total: 0.017 seconds - Initiated by RefreshV2(AllowForceSynchronousImport)
Asset Pipeline Refresh (id=dbcd8bd63b7e96b429afd97346948bc1): Total: 0.022 seconds - Initiated by RefreshV2(AllowForceSynchronousImport)
Scanning for USB devices : 5.441ms
Scanning for USB devices : 10.277ms
Asset Pipeline Refresh (id=b78c0be695207204889c3b48343c3adc): Total: 0.021 seconds - Initiated by RefreshV2(AllowForceSynchronousImport)
Asset Pipeline Refresh (id=88a3dfe9c96969144b2cf300c4455f04): Total: 0.096 seconds - Initiated by RefreshV2(AllowForceSynchronousImport)
[Licensing::Client] Successfully resolved entitlement details
Asset Pipeline Refresh (id=befa6c73055070c4c87ca5c9ccc2900b): Total: 0.014 seconds - Initiated by RefreshV2(AllowForceSynchronousImport)
Assembly reference Packages/com.unity.cinemachine/Editor/Samples/ExposeHDRPInternals/HDRP-Editor-ref.asmref has no target assembly definition
[ScriptCompilation] Requested script compilation because: AssetDatabase observed changes in script compilation related files
AssetDatabase: script compilation time: 0.013348s
[Licensing::Client] Successfully resolved entitlement details
Refreshing native plugins compatible for Editor in 35.02 ms, found 5 plugins.

Asset Pipeline Refresh (id=045c26e76888d9d4d9c714dc8ac977e8): Total: 8.529 seconds - Initiated by StopAssetImportingV2(NoUpdateAssetOptions)
	(Values over 0.05ms)
	Summary:
		Imports: total=0 (actual=0, local cache=0, cache server=0)
		Asset DB Process Time: managed=0 ms, native=2157 ms
		Asset DB Callback time: managed=5985 ms, native=373 ms
		Scripting: domain reloads=0, domain reload time=0 ms, compile time=13 ms, other=0 ms
		Project Asset Count: scripts=1214, non-scripts=1976
		Asset File Changes: new=1, changed=1, moved=0, deleted=0
		Scan Filter Count: 4
	ApplyChangesToAssetFolders: 0.556ms
	Scan: 1472.697ms
	Collect global state as custom dependencies: 2.295ms
	OnSourceAssetsModified: 4.628ms
	CategorizeScriptCompilationAssets: 1.347ms
	ProcessAssetsWithTransientArtifactChanges: 12.433ms
	CategorizeAssets: 32.555ms
	CompileScripts: 13.481ms
	ImportOutOfDateAssets: 14.827ms (1.831ms without children)
		ReloadNativeAssets: 0.424ms
		UnloadImportedAssets: 1.700ms
		EnsureUptoDateAssetsAreRegisteredWithGuidPM: 2.099ms
		ImportSchedulerStart: 8.758ms
	PostProcessAllAssets: 5956.494ms
		XRBuildSystem.XRAssetImported 267.163ms
		PostProcessCallbackCreateDeferredMaterials 8.085ms
		ObjectImages.AssetImported 1.398ms
		ShaderAssetModifiedCallback 0.338ms
		SpriteAtlasDatabase.OnAssetPostprocessCallback 0.298ms
		VersionControlSettings.HiddenFilePostprocess 0.278ms
		VCAutoAddAssetPostprocess 0.213ms
		LocalizationDatabase.AssetDatabasePostprocessCallback 0.061ms
		MonoPostProcessAllAssets: 5673.971ms
			SyncVS.PostprocessSyncProject 5618.409ms
			ConfigAssetsTracker.OnPostprocessAllAssets 7.607ms
			AssetPostprocessor.OnPostprocessAllAssets 3.813ms
			AssetChangedListener.OnPostprocessAllAssets 3.391ms
			AssetReloadNotifier.OnPostprocessAllAssets 3.227ms
			EditModeScopePostprocessor.OnPostprocessAllAssets 2.176ms
			TMPro_TexturePostProcessor.OnPostprocessAllAssets 1.883ms
			CinemachineSettings.OnPostprocessAllAssets 1.499ms
			SpriteEditorTexturePostprocessor.OnPostprocessAllAssets 1.421ms
			SamplePostprocessor.OnPostprocessAllAssets 1.234ms
			SpriteSlicePostprocessor.OnPostprocessAllAssets 1.127ms
			TerrainToolbarOverlayPostProcessor.OnPostprocessAllAssets 1.108ms
			SpriteShapeAssetPostProcessor.OnPostprocessAllAssets 1.073ms
			ProjectSettingsPostprocessor.OnPostprocessAllAssets 1.058ms
			InputActionAssetPostprocessor.OnPostprocessAllAssets 1.054ms
			WindowAssetPostprocessingWatcher.OnPostprocessAllAssets 1.041ms
			RetainedModeAssetPostprocessor.OnPostprocessAllAssets 0.713ms
			UVCSAssetPostprocessor.OnPostprocessAllAssets 0.649ms
			PSDImporterAssetPostProcessor.OnPostprocessAllAssets 0.634ms
			ScenarioDriftAssetsTracker.OnPostprocessAllAssets 0.604ms
			AssetDatabaseCallbacks.OnPostprocessAllAssets 0.569ms
			BuilderAssetPostprocessor.OnPostprocessAllAssets 0.475ms
			AssetProcessor.OnPostprocessAllAssets 0.424ms
			SpriteLibraryAssetPostprocessor.OnPostprocessAllAssets 0.331ms
			AssetEvents.OnPostprocessAllAssets 0.319ms
			AudioMixerPostprocessor.OnPostprocessAllAssets 0.281ms
			StyleCatalogPostProcessor.OnPostprocessAllAssets 0.271ms
			DomainReloadProcessor.OnPostprocessAllAssets 0.270ms
			TextAssetPostProcessor.OnPostprocessAllAssets 0.160ms
			ArtifactBrowserPostProcessor.OnPostprocessAllAssets 0.099ms
			ReferencedClipsPostProcessor.OnPostprocessAllAssets 0.089ms
			ThemePostprocessor.OnPostprocessAllAssets 0.086ms
			InputActionJsonNameModifierAssetProcessor.OnPostprocessAllAssets 0.073ms
			SpeedTreePostProcessor.OnPostprocessAllAssets 0.064ms
			AudioContainerPostProcessor.OnPostprocessAllAssets 0.063ms
			RenderPipelineGlobalSettingsPostprocessor.OnPostprocessAllAssets 0.060ms
			SpeedTree9Postprocessor.OnPostprocessAllAssets 0.056ms
	PostAssetChangesProfiler: 398.025ms
	GatherAllCurrentPrimaryImportResultRevisions: 0.361ms
	PersistCurrentRevisions: 0.370ms
	Untracked: 619.120ms

Starting: C:\Program Files\Unity\Hub\Editor\6000.6.0f1\Editor\Data\Tools\BuildPipeline\bee_backend.exe --ipc --defer-dag-verification --dagfile="Library/Bee/1900b0aE.dag" --continue-on-failure --profile="Library/Bee/backend1.traceevents" ScriptAssemblies
WorkingDir: C:/Users/kimji/Ingenieria_MisionKonstruir
ExitCode: 4 Duration: 2s790ms
[747/958    0s] ILPP-Configuration Library/ilpp-configuration.nevergeneratedoutput
Rebuilding DAG because FileSignature timestamp changed: Library/Bee/1900b0aE-inputdata.json
*** Tundra requires additional run (2.23 seconds), 1 items updated, 958 evaluated
Starting: C:\Program Files\Unity\Hub\Editor\6000.6.0f1\Editor\Data\DotNetSdk\dotnet.exe "C:\Program Files\Unity\Hub\Editor\6000.6.0f1\Editor\Data\Tools\BuildPipeline\ScriptCompilationBuildProgram.exe" "Library/Bee/1900b0aE.dag.json" "Library/Bee/1900b0aE-inputdata.json" "Library\Bee\buildprogram0.traceevents"
WorkingDir: C:/Users/kimji/Ingenieria_MisionKonstruir
[Worker0] Imported GUID: 124c112a6e8f1a54e8b0870e881b56d8 - Path: Assets/TextMesh Pro/Shaders/TMP_SDF-URP Unlit.shadergraph - Importer: ScriptedImporter/UnityEditor.QuickSearchModule:UnityEditor.Search:ASIAI0B -> (ImportResultId: '2d4abf4984adec57e4d0786b4be32ddc') in 0.0606715 seconds
[Worker0] Imported GUID: bc1ede39bf3643ee8e493720e4259791 - Path: Assets/TextMesh Pro/Shaders/TMP_SDF-Mobile Masking.shader - Importer: ScriptedImporter/UnityEditor.QuickSearchModule:UnityEditor.Search:ASIAI0B -> (ImportResultId: 'fdf2f8c47729c588a3023a5deac9c00d') in 0.102629 seconds
[Worker0] Imported GUID: 85187c2149c549c5b33f0cdb02836b17 - Path: Assets/TextMesh Pro/Shaders/TMP_SDF-Surface-Mobile.shader - Importer: ScriptedImporter/UnityEditor.QuickSearchModule:UnityEditor.Search:ASIAI0B -> (ImportResultId: '281f65707712ac1d85c29e20d8e40bab') in 0.0214819 seconds
[Worker0] Imported GUID: 5c6f31a5a80ebc04f8bcfdeed8327fe1 - Path: Assets/TextMesh Pro/Shaders/TMP_SDF SSD SpaceWarp.shader - Importer: ScriptedImporter/UnityEditor.QuickSearchModule:UnityEditor.Search:ASIAI0B -> (ImportResultId: '1fb6464c4399c88e3804eed182b13a66') in 0.0367006 seconds
[Worker0] Imported GUID: fade42e8bc714b018fac513c043d323b - Path: Assets/TextMesh Pro/Resources/LineBreaking Following Characters.txt - Importer: ScriptedImporter/UnityEditor.QuickSearchModule:UnityEditor.Search:ASIAI0B -> (ImportResultId: '1de2ab000d328c3e03c401380451a404') in 0.0286667 seconds
[Worker1] Imported GUID: e73a58f6e2794ae7b1b7e50b7fb811b0 - Path: Assets/TextMesh Pro/Resources/Fonts & Materials/LiberationSans SDF - Drop Shadow.mat - Importer: ScriptedImporter/UnityEditor.QuickSearchModule:UnityEditor.Search:ASIAI0B -> (ImportResultId: 'f04aea0eb335c5a539d947a4dc8a8192') in 1.4138111 seconds
[Worker1] Imported GUID: b5ab6cb89ffa7004ca59c01dddd06493 - Path: Assets/TextMesh Pro/Shaders/TMP_SDF SpaceWarp.shader - Importer: ScriptedImporter/UnityEditor.QuickSearchModule:UnityEditor.Search:ASIAI0B -> (ImportResultId: '29674ab48b368adb41561c531225b2d1') in 0.1705262 seconds
[Worker1] Imported GUID: a3d800b099a06e0478fb790c5e79057a - Path: Assets/TextMesh Pro/Shaders/TMP_SDF-URP Lit.shadergraph - Importer: ScriptedImporter/UnityEditor.QuickSearchModule:UnityEditor.Search:ASIAI0B -> (ImportResultId: 'abd57e0c9527a05c4ee23da368734c3c') in 0.0273793 seconds
[Worker1] Imported GUID: a02a7d8c237544f1962732b55a9aebf1 - Path: Assets/TextMesh Pro/Shaders/TMP_SDF-Mobile Overlay.shader - Importer: ScriptedImporter/UnityEditor.QuickSearchModule:UnityEditor.Search:ASIAI0B -> (ImportResultId: '9d841689c56e331c9bfa459acf8e2ff6') in 0.0340427 seconds
[Worker1] Imported GUID: 48bb5f55d8670e349b6e614913f9d910 - Path: Assets/TextMesh Pro/Shaders/TMP_Bitmap-Custom-Atlas.shader - Importer: ScriptedImporter/UnityEditor.QuickSearchModule:UnityEditor.Search:ASIAI0B -> (ImportResultId: '8dade37198ba7e4bd2f66fbf4caf7cb3') in 0.0154226 seconds
[Worker1] Imported GUID: 2ae3f84ba70f31a448850bf95ca45125 - Path: Assets/TextMesh Pro/Shaders/TMP_SDF-Mobile SpaceWarp.shader - Importer: ScriptedImporter/UnityEditor.QuickSearchModule:UnityEditor.Search:ASIAI0B -> (ImportResultId: '066ae847987fae9979dcee3ecf6c3e07') in 0.0163975 seconds
[Worker1] Imported GUID: 4aecb92fff08436c8303b10eab8da368 - Path: Assets/TextMesh Pro/Resources/Style Sheets - Importer: ScriptedImporter/UnityEditor.QuickSearchModule:UnityEditor.Search:ASIAI0B -> (ImportResultId: '9fddb22bdcd1d195caefc4272a59e873') in 0.0135467 seconds
[Worker1] Imported GUID: 96de908384869cd409c75efa351d5edf - Path: Assets/TextMesh Pro/Shaders/SDFFunctions.hlsl - Importer: ScriptedImporter/UnityEditor.QuickSearchModule:UnityEditor.Search:ASIAI0B -> (ImportResultId: 'e6f48c4171564a0e12b273c42355f0ac') in 0.0137052 seconds
[Worker1] Imported GUID: 731f1baa9d144a9897cb1d341c2092b8 - Path: Assets/TextMesh Pro/Resources/Fonts & Materials - Importer: ScriptedImporter/UnityEditor.QuickSearchModule:UnityEditor.Search:ASIAI0B -> (ImportResultId: '2062866391e439b853626dfb70b0a2c8') in 0.0124317 seconds
[Worker1] Imported GUID: f63d574838ccfb44f84acc05fed0af48 - Path: Assets/TextMesh Pro/Shaders/TMP_SDF-HDRP UNLIT.shadergraph - Importer: ScriptedImporter/UnityEditor.QuickSearchModule:UnityEditor.Search:ASIAI0B -> (ImportResultId: '8158be03114a99729352be6c8429b7de') in 0.0366777 seconds
[Worker1] Imported GUID: 0178fcb869bafef4690d177d31d17db8 - Path: Assets/TextMesh Pro/Shaders/TMP_SDF-Mobile-2-Pass.shader - Importer: ScriptedImporter/UnityEditor.QuickSearchModule:UnityEditor.Search:ASIAI0B -> (ImportResultId: 'dfdb90f61fa6eb3f913b52c03aba7252') in 0.0341727 seconds
[Worker1] Imported GUID: ca2ed216f98028c4dae6c5224a952b3c - Path: Assets/TextMesh Pro/Shaders/TMP_SDF-HDRP LIT.shadergraph - Importer: ScriptedImporter/UnityEditor.QuickSearchModule:UnityEditor.Search:ASIAI0B -> (ImportResultId: 'eaab5c33d1680bca70134441e872661b') in 0.0185029 seconds
[Worker0] Imported GUID: e3265ab4bf004d28a9537516768c1c75 - Path: Assets/TextMesh Pro/Fonts/LiberationSans.ttf - Importer: ScriptedImporter/UnityEditor.QuickSearchModule:UnityEditor.Search:ASIAI0B -> (ImportResultId: 'eefb452f46f59537343f21b7d44c6ef7') in 0.6773455 seconds
[Worker1] Imported GUID: cf81c85f95fe47e1a27f6ae460cf182c - Path: Assets/TextMesh Pro/Shaders/TMP_Sprite.shader - Importer: ScriptedImporter/UnityEditor.QuickSearchModule:UnityEditor.Search:ASIAI0B -> (ImportResultId: '8dc5a61817b0f090d6133db338a80b1e') in 0.041056 seconds
[Worker0] Imported GUID: 2f52e8cb070aaf94289b130df84e2882 - Path: Assets/TextMesh Pro/Shaders/TMP_SDF-Mobile SSD SpaceWarp.shader - Importer: ScriptedImporter/UnityEditor.QuickSearchModule:UnityEditor.Search:ASIAI0B -> (ImportResultId: '9b16a6b2e7d8c39ae6f8fa052c1a2a8a') in 0.0559199 seconds
[Worker1] Imported GUID: 1e3b057af24249748ff873be7fafee47 - Path: Assets/TextMesh Pro/Shaders/TMP_Bitmap-Mobile.shader - Importer: ScriptedImporter/UnityEditor.QuickSearchModule:UnityEditor.Search:ASIAI0B -> (ImportResultId: '96a4211b7fa8d81e192c7a9bc5c3c0a8') in 0.0302044 seconds
[Worker0] Imported GUID: 407bc68d299748449bbf7f48ee690f8d - Path: Assets/TextMesh Pro/Shaders/TMPro.cginc - Importer: ScriptedImporter/UnityEditor.QuickSearchModule:UnityEditor.Search:ASIAI0B -> (ImportResultId: 'f8c6cc00904eabbbd190829c749e2725') in 0.0204979 seconds
[Worker1] Imported GUID: dd89cf5b9246416f84610a006f916af7 - Path: Assets/TextMesh Pro/Shaders/TMP_SDF Overlay.shader - Importer: ScriptedImporter/UnityEditor.QuickSearchModule:UnityEditor.Search:ASIAI0B -> (ImportResultId: '99fe38141123397f94b6a5c956a09055') in 0.0293571 seconds
[Worker0] Imported GUID: 68e6db2ebdc24f95958faec2be5558d6 - Path: Assets/TextMesh Pro/Shaders/TMP_SDF.shader - Importer: ScriptedImporter/UnityEditor.QuickSearchModule:UnityEditor.Search:ASIAI0B -> (ImportResultId: '89f8aa9ef401d86905a8363c23654695') in 0.0285269 seconds
[Worker1] Imported GUID: 243e06394e614e5d99fab26083b707fa - Path: Assets/TextMesh Pro/Resources - Importer: ScriptedImporter/UnityEditor.QuickSearchModule:UnityEditor.Search:ASIAI0B -> (ImportResultId: 'd304bcdf58246f0450150e0b2f4bba73') in 0.0174711 seconds
[Worker0] Imported GUID: 3997e2241185407d80309a82f9148466 - Path: Assets/TextMesh Pro/Shaders/TMPro_Properties.cginc - Importer: ScriptedImporter/UnityEditor.QuickSearchModule:UnityEditor.Search:ASIAI0B -> (ImportResultId: '0a24cbe3757d3a963539e40c4a59a8b8') in 0.0166365 seconds
[Worker1] Imported GUID: c334973cef89a9840b0b0c507e0377ab - Path: Assets/TextMesh Pro/Shaders/TMPro_Mobile.cginc - Importer: ScriptedImporter/UnityEditor.QuickSearchModule:UnityEditor.Search:ASIAI0B -> (ImportResultId: '7e258679c7254b09cd980cbaa80cfebf') in 0.0159296 seconds
[Worker1] Imported GUID: 6e59c59b81ab47f9b6ec5781fa725d2c - Path: Assets/TextMesh Pro/Fonts/LiberationSans - OFL.txt - Importer: ScriptedImporter/UnityEditor.QuickSearchModule:UnityEditor.Search:ASIAI0B -> (ImportResultId: 'ef05ebb0fe4902c125af3ee585fdeff4') in 0.0098251 seconds
[Worker1] Imported GUID: c8d12adcee749c344b8117cf7c7eb912 - Path: Assets/TextMesh Pro/Shaders/TMP_SDF-Mobile SSD.shader - Importer: ScriptedImporter/UnityEditor.QuickSearchModule:UnityEditor.Search:ASIAI0B -> (ImportResultId: 'ec9babbace2c7b78d4df1506ac5ba218') in 0.0166282 seconds
[Worker1] Imported GUID: e9f693669af91aa45ad615fc681ed29f - Path: Assets/TextMesh Pro/Shaders - Importer: ScriptedImporter/UnityEditor.QuickSearchModule:UnityEditor.Search:ASIAI0B -> (ImportResultId: '8b2dc13ca65ba7ae7d448b4b5659a098') in 0.0126014 seconds
[Worker1] Imported GUID: 2e498d1c8094910479dc3e1b768306a4 - Path: Assets/TextMesh Pro/Resources/Fonts & Materials/LiberationSans SDF - Fallback.asset - Importer: ScriptedImporter/UnityEditor.QuickSearchModule:UnityEditor.Search:ASIAI0B -> (ImportResultId: 'f9d1042529a10e7bb459dfef167cd577') in 2.0486089 seconds
[Worker0] Imported GUID: 8f586378b4e144a9851e7b34d9b748ee - Path: Assets/TextMesh Pro/Resources/Fonts & Materials/LiberationSans SDF.asset - Importer: ScriptedImporter/UnityEditor.QuickSearchModule:UnityEditor.Search:ASIAI0B -> (ImportResultId: '7e274c36f61f356ed9fdc442a8da16ef') in 2.1088799 seconds
[Worker1] Imported GUID: f952c082cb03451daed3ee968ac6c63e - Path: Assets/TextMesh Pro/Resources/Style Sheets/Default Style Sheet.asset - Importer: ScriptedImporter/UnityEditor.QuickSearchModule:UnityEditor.Search:ASIAI0B -> (ImportResultId: 'a613495f7f5d7a20720762514b57e98c') in 0.065723 seconds
[Worker0] Imported GUID: f7ada0af4f174f0694ca6a487b8f543d - Path: Assets/TextMesh Pro/Shaders/TMP_SDF-Surface.shader - Importer: ScriptedImporter/UnityEditor.QuickSearchModule:UnityEditor.Search:ASIAI0B -> (ImportResultId: '6032b9c94addf4269e8ce161a3bdc027') in 0.0627325 seconds
[Worker1] Imported GUID: f54d1bd14bd3ca042bd867b519fee8cc - Path: Assets/TextMesh Pro - Importer: ScriptedImporter/UnityEditor.QuickSearchModule:UnityEditor.Search:ASIAI0B -> (ImportResultId: '7c8c8ad1e7f7c1232cbb57c9b73d15ed') in 0.0206116 seconds
[Worker1] Imported GUID: d930090c0cd643c7b55f19a38538c162 - Path: Assets/TextMesh Pro/Shaders/TMPro_Surface.cginc - Importer: ScriptedImporter/UnityEditor.QuickSearchModule:UnityEditor.Search:ASIAI0B -> (ImportResultId: '7c699872e23708201935c3370353ec7c') in 0.0230914 seconds
[Worker1] Imported GUID: d82c1b31c7e74239bff1220585707d2b - Path: Assets/TextMesh Pro/Resources/LineBreaking Leading Characters.txt - Importer: ScriptedImporter/UnityEditor.QuickSearchModule:UnityEditor.Search:ASIAI0B -> (ImportResultId: '2d228f6d27db3cac4f9426dcac1fe2f0') in 0.0141099 seconds
[Worker1] Imported GUID: fe393ace9b354375a9cb14cdbbc28be4 - Path: Assets/TextMesh Pro/Shaders/TMP_SDF-Mobile.shader - Importer: ScriptedImporter/UnityEditor.QuickSearchModule:UnityEditor.Search:ASIAI0B -> (ImportResultId: 'edffb8638d3a0bd07c2919f77d2c331c') in 0.0278296 seconds
[Worker1] Imported GUID: 6ab70aee4d56447429c680537fbf93ed - Path: Assets/TextMesh Pro/Fonts - Importer: ScriptedImporter/UnityEditor.QuickSearchModule:UnityEditor.Search:ASIAI0B -> (ImportResultId: 'cac1fa81fa92fa759a7cf5978f8b4aad') in 0.0260598 seconds
[Worker0] Imported GUID: 79459efec17a4d00a321bdcc27bbc385 - Path: Assets/TextMesh Pro/Resources/Fonts & Materials/LiberationSans SDF - Outline.mat - Importer: ScriptedImporter/UnityEditor.QuickSearchModule:UnityEditor.Search:ASIAI0B -> (ImportResultId: 'c2ae722d80f370f817b85026b35738b0') in 0.201941 seconds
[Worker0] Imported GUID: 2baa854f183de5a43afd0b925dd82dea - Path: Assets/Scripts/UI/VignetteController.cs - Importer: PreviewImporter -> (ImportResultId: 'b97289296ddfbce98dbda7dc45cf62dc') in 0.0198468 seconds
[Worker1] Imported GUID: 1e40d3baecb2d0a428f06b0aa53ed173 - Path: Assets/Scenes/Nivel_1.unity - Importer: ScriptedImporter/UnityEditor.QuickSearchModule:UnityEditor.Search:ASIAI0B -> (ImportResultId: '5aea9f3e867c7586822c705f71c1d794') in 0.1473441 seconds
[Worker0] Imported GUID: 14eb328de4b8eb245bb7cea29e4ac00b - Path: Assets/TextMesh Pro/Shaders/TMP_SDF SSD.shader - Importer: ScriptedImporter/UnityEditor.QuickSearchModule:UnityEditor.Search:ASIAI0B -> (ImportResultId: '15f6a4238369bca71382e2e751315152') in 0.0370653 seconds
[Worker0] Imported GUID: 7ed4d4ae50e264c48bc457dd2c39faf2 - Path: Assets/Scripts/Core/TimerManager.cs - Importer: ScriptedImporter/UnityEditor.QuickSearchModule:UnityEditor.Search:ASIAI0B -> (ImportResultId: '822f173e5ac38d77ba44fd2c823a07d5') in 0.0577137 seconds
[Worker0] Imported GUID: 128e987d567d4e2c824d754223b3f3b0 - Path: Assets/TextMesh Pro/Shaders/TMP_Bitmap.shader - Importer: ScriptedImporter/UnityEditor.QuickSearchModule:UnityEditor.Search:ASIAI0B -> (ImportResultId: 'd55d9148d0749da6170de70b6e1e21a6') in 0.0268856 seconds
[Worker1] Imported GUID: 3f5b5dff67a942289a9defa416b206f3 - Path: Assets/TextMesh Pro/Resources/TMP Settings.asset - Importer: ScriptedImporter/UnityEditor.QuickSearchModule:UnityEditor.Search:ASIAI0B -> (ImportResultId: 'adaf24e0e3708abd6b8b644be32a996f') in 0.2677894 seconds
[Worker0] Imported GUID: 2baa854f183de5a43afd0b925dd82dea - Path: Assets/Scripts/UI/VignetteController.cs - Importer: ScriptedImporter/UnityEditor.QuickSearchModule:UnityEditor.Search:ASIAI0B -> (ImportResultId: 'd5329204147d05e09292a70b32b7c706') in 0.0565823 seconds
ExitCode: 0 Duration: 13s
Starting: C:\Program Files\Unity\Hub\Editor\6000.6.0f1\Editor\Data\Tools\BuildPipeline\bee_backend.exe --ipc --defer-dag-verification --dagfile="Library/Bee/1900b0aE.dag" --continue-on-failure --dagfilejson="Library\Bee\1900b0aE.dag.json" --profile="Library/Bee/backend2.traceevents" ScriptAssemblies
WorkingDir: C:/Users/kimji/Ingenieria_MisionKonstruir
ExitCode: 0 Duration: 55s
Finished compiling graph: 961 nodes, 18367 flattened edges (15745 ToBuild, 146 ToUse), maximum node priority 1020
[526/958    0s] WriteText Library/Bee/artifacts/1900b0aE.dag/Assembly-CSharp.rsp
[746/958    0s] ILPP-Configuration Library/ilpp-configuration.nevergeneratedoutput
[BUSY       6s] Csc Library/Bee/artifacts/1900b0aE.dag/Assembly-CSharp.dll (+2 others)
[BUSY      16s] Csc Library/Bee/artifacts/1900b0aE.dag/Assembly-CSharp.dll (+2 others)
[BUSY      26s] Csc Library/Bee/artifacts/1900b0aE.dag/Assembly-CSharp.dll (+2 others)
[BUSY      36s] Csc Library/Bee/artifacts/1900b0aE.dag/Assembly-CSharp.dll (+2 others)
[BUSY      46s] Csc Library/Bee/artifacts/1900b0aE.dag/Assembly-CSharp.dll (+2 others)
[954/958   52s] Csc Library/Bee/artifacts/1900b0aE.dag/Assembly-CSharp.dll (+2 others)
Assets\Scripts\Core\GameManager.cs(20,39): warning CS0414: The field 'GameManager.grietaReparada' is assigned but its value is never used
[955/958    0s] ILPostProcess Library/Bee/artifacts/1900b0aE.dag/post-processed/Assembly-CSharp.dll (+pdb)
Processing assembly Library/Bee/artifacts/1900b0aE.dag/Assembly-CSharp.dll, with 150 defines and 350 references

processors: Unity.Jobs.CodeGen.JobsILPostProcessor, zzzUnity.Burst.CodeGen.BurstILPostProcessor

1 processor(s) skipped this assembly

running Unity.Jobs.CodeGen.JobsILPostProcessor
[956/958    0s] CopyFiles Library/ScriptAssemblies/Assembly-CSharp.pdb
[957/958    0s] CopyFiles Library/ScriptAssemblies/Assembly-CSharp.dll
*** Tundra build success (55.14 seconds), 6 items updated, 958 evaluated
Assets\Scripts\Core\GameManager.cs(20,39): warning CS0414: The field 'GameManager.grietaReparada' is assigned but its value is never used
Total cache size 267849644
Total cache size after purge 267849644, took 00:00:04.2826559
Reloading assemblies after forced synchronous recompile.
[Licensing::Client] Successfully resolved entitlement details
Begin MonoManager ReloadAssembly
Assembly reference Packages/com.unity.cinemachine/Editor/Samples/ExposeHDRPInternals/HDRP-Editor-ref.asmref has no target assembly definition
Refreshing native plugins compatible for Editor in 23.23 ms, found 5 plugins.
Native extension for WindowsStandalone target not found
Native extension for WebGL target not found
[MODES] ModeService[none].Initialize
[MODES] ModeService[none].LoadModes
ScheduleIndexationOnStartup MainProcess:True IndexOnStartup:True
Scripting: successfully reloaded assembly
- Finished resetting the current domain, in 11.700 seconds
Domain Reload Profiling: 33649ms
	BeginReloadAssembly (14677ms)
		ExecutionOrderSort (7ms)
		DisableScriptedObjects (1821ms)
		ReleaseScriptingObjects (5ms)
		CreateAndSetChildDomain (10367ms)
	RebuildCommonClasses (72ms)
	RebuildNativeTypeToScriptingClass (105ms)
	initialDomainReloadingComplete (1466ms)
	LoadAllAssembliesAndSetupDomain (5624ms)
		LoadAssemblies (3162ms)
		TypeCache.Refresh (128ms)
			TypeCache.ScanAssembly (3ms)
		AnalyzeDomain (2089ms)
			BuildScriptInfoCaches (1983ms)
			ResolveRequiredComponents (41ms)
	FinalizeReload (11705ms)
		SetupLoadedEditorAssemblies (0ms)
			LogAssemblyErrors (18ms)
			InitializePlatformSupportModulesInManaged (7ms)
			BeforeProcessingInitializeOnLoad (1039ms)
			ProcessInitializeOnLoadAttributes (2819ms)
			ProcessInitializeOnLoadMethodAttributes (525ms)
			AfterProcessingInitializeOnLoad (52ms)
			EditorAssembliesLoaded (11ms)
		AwakeInstancesAfterBackupRestoration (4814ms)
Refreshing native plugins compatible for Editor in 13.75 ms, found 5 plugins.

Asset Pipeline Refresh (id=8f91aa27a1d3e9344b6a2b7963fc7cac): Total: 123.135 seconds - Initiated by RefreshV2(AllowForceSynchronousImport)
	(Values over 0.05ms)
	Summary:
		Imports: total=0 (actual=0, local cache=0, cache server=0)
		Asset DB Process Time: managed=0 ms, native=12967 ms
		Asset DB Callback time: managed=333 ms, native=317 ms
		Scripting: domain reloads=1, domain reload time=25588 ms, compile time=83927 ms, other=0 ms
		Project Asset Count: scripts=1214, non-scripts=1976
		Asset File Changes: new=0, changed=0, moved=0, deleted=0
		Scan Filter Count: 0
	InvokeCustomDependenciesCallbacks: 0.309ms
	InvokePackagesCallback: 12.713ms
	ApplyChangesToAssetFolders: 5.278ms
	Scan: 53.581ms
	Collect global state as custom dependencies: 10.779ms
	CategorizeScriptCompilationAssets: 0.062ms
	ProcessAssetsWithTransientArtifactChanges: 18.722ms
	CategorizeAssets: 758.500ms
	CompileScripts: 83926.894ms
	ImportOutOfDateAssets: 11773.786ms (11760.225ms without children)
		CollectScriptTypesHashes: 32.102ms
		ReloadNativeAssets: 1.068ms
		UnloadImportedAssets: 2.043ms
		EnsureUptoDateAssetsAreRegisteredWithGuidPM: 2.354ms
		ImportSchedulerStart: 7.903ms
	PostProcessAllAssets: 345.243ms
		XRBuildSystem.XRAssetImported 4.140ms
		PostProcessCallbackCreateDeferredMaterials 1.087ms
		ShaderAssetModifiedCallback 0.246ms
		SpriteAtlasDatabase.OnAssetPostprocessCallback 0.237ms
		VCAutoAddAssetPostprocess 0.205ms
		PostprocessAssetsUpdateCachedIcon 0.073ms
		MonoPostProcessAllAssets: 333.970ms
			SyncVS.PostprocessSyncProject 64.278ms
			WindowAssetPostprocessingWatcher.OnPostprocessAllAssets 41.093ms
			AssetChangedListener.OnPostprocessAllAssets 36.427ms
			BuilderAssetPostprocessor.OnPostprocessAllAssets 34.921ms
			AssetPostprocessor.OnPostprocessAllAssets 25.458ms
			SpriteSlicePostprocessor.OnPostprocessAllAssets 14.470ms
			RetainedModeAssetPostprocessor.OnPostprocessAllAssets 6.719ms
			EditModeScopePostprocessor.OnPostprocessAllAssets 4.988ms
			ProjectSettingsPostprocessor.OnPostprocessAllAssets 4.894ms
			SpeedTree9Postprocessor.OnPostprocessAllAssets 4.529ms
			SpriteEditorTexturePostprocessor.OnPostprocessAllAssets 3.113ms
			TMPro_TexturePostProcessor.OnPostprocessAllAssets 3.031ms
			ArtifactBrowserPostProcessor.OnPostprocessAllAssets 2.573ms
			SpriteShapeAssetPostProcessor.OnPostprocessAllAssets 2.216ms
			InputActionJsonNameModifierAssetProcessor.OnPostprocessAllAssets 1.996ms
			InputActionAssetPostprocessor.OnPostprocessAllAssets 1.906ms
			AudioMixerPostprocessor.OnPostprocessAllAssets 1.868ms
			CinemachineSettings.OnPostprocessAllAssets 1.711ms
			TextAssetPostProcessor.OnPostprocessAllAssets 1.671ms
			UVCSAssetPostprocessor.OnPostprocessAllAssets 1.486ms
			StyleCatalogPostProcessor.OnPostprocessAllAssets 1.482ms
			ReferencedClipsPostProcessor.OnPostprocessAllAssets 1.238ms
			SpriteLibraryAssetPostprocessor.OnPostprocessAllAssets 1.135ms
			AssetEvents.OnPostprocessAllAssets 1.032ms
			PSDImportPostProcessor.OnPostprocessAllAssets 1.005ms
			DomainReloadProcessor.OnPostprocessAllAssets 0.945ms
			SpeedTreePostProcessor.OnPostprocessAllAssets 0.928ms
			ThemePostprocessor.OnPostprocessAllAssets 0.838ms
			TerrainToolbarOverlayPostProcessor.OnPostprocessAllAssets 0.816ms
			SamplePostprocessor.OnPostprocessAllAssets 0.804ms
			AssetDatabaseCallbacks.OnPostprocessAllAssets 0.784ms
			ConfigAssetsTracker.OnPostprocessAllAssets 0.695ms
			ScenarioDriftAssetsTracker.OnPostprocessAllAssets 0.638ms
			PSDImporterAssetPostProcessor.OnPostprocessAllAssets 0.535ms
			AssetReloadNotifier.OnPostprocessAllAssets 0.533ms
			AudioContainerPostProcessor.OnPostprocessAllAssets 0.382ms
			RenderPipelineGlobalSettingsPostprocessor.OnPostprocessAllAssets 0.343ms
			AssetProcessor.OnPostprocessAllAssets 0.340ms
	PostAssetChangesProfiler: 301.466ms
	GatherAllCurrentPrimaryImportResultRevisions: 3.474ms
	PersistCurrentRevisions: 0.294ms
	GenerateScriptTypeHashes: 36.226ms
	GenerateScriptTypeSerializationHashes: 63.861ms
	Untracked: 25835.441ms

[Licensing::Client] Successfully resolved entitlement details
[Licensing::Client] Successfully resolved entitlement details
[Licensing::Client] Successfully resolved entitlement details


[ScriptCompilation] Requested script compilation because: AssetDatabase observed changes in script compilation related files
[Licensing::Client] Successfully resolved entitlement details
Starting: C:\Program Files\Unity\Hub\Editor\6000.6.0f1\Editor\Data\Tools\BuildPipeline\bee_backend.exe --ipc --defer-dag-verification --dagfile="Library/Bee/1900b0aE.dag" --continue-on-failure --profile="Library/Bee/backend1.traceevents" ScriptAssemblies
WorkingDir: C:/Users/kimji/Ingenieria_MisionKonstruir
ExitCode: 0 Duration: 5s173ms
[746/958    0s] ILPP-Configuration Library/ilpp-configuration.nevergeneratedoutput
[954/958    3s] Csc Library/Bee/artifacts/1900b0aE.dag/Assembly-CSharp.dll (+2 others)
Assets\Scripts\Core\GameManager.cs(20,39): warning CS0414: The field 'GameManager.grietaReparada' is assigned but its value is never used
[955/958    0s] ILPostProcess Library/Bee/artifacts/1900b0aE.dag/post-processed/Assembly-CSharp.dll (+pdb)
Processing assembly Library/Bee/artifacts/1900b0aE.dag/Assembly-CSharp.dll, with 150 defines and 350 references

processors: Unity.Jobs.CodeGen.JobsILPostProcessor, zzzUnity.Burst.CodeGen.BurstILPostProcessor

1 processor(s) skipped this assembly

running Unity.Jobs.CodeGen.JobsILPostProcessor
[956/958    0s] CopyFiles Library/ScriptAssemblies/Assembly-CSharp.pdb
[957/958    0s] CopyFiles Library/ScriptAssemblies/Assembly-CSharp.dll
*** Tundra build success (4.95 seconds), 5 items updated, 958 evaluated
Assets\Scripts\Core\GameManager.cs(20,39): warning CS0414: The field 'GameManager.grietaReparada' is assigned but its value is never used
Reloading assemblies after forced synchronous recompile.
Begin MonoManager ReloadAssembly
Total cache size 267849644
Total cache size after purge 267849644, took 00:00:03.4135543
Assembly reference Packages/com.unity.cinemachine/Editor/Samples/ExposeHDRPInternals/HDRP-Editor-ref.asmref has no target assembly definition
Refreshing native plugins compatible for Editor in 18.89 ms, found 5 plugins.
Native extension for WindowsStandalone target not found
Native extension for WebGL target not found
[MODES] ModeService[none].Initialize
[MODES] ModeService[none].LoadModes
ScheduleIndexationOnStartup MainProcess:True IndexOnStartup:True
Scripting: successfully reloaded assembly
- Finished resetting the current domain, in 24.645 seconds
Domain Reload Profiling: 43174ms
	BeginReloadAssembly (10572ms)
		ExecutionOrderSort (4ms)
		DisableScriptedObjects (1853ms)
		CreateAndSetChildDomain (4969ms)
	RebuildCommonClasses (100ms)
	RebuildNativeTypeToScriptingClass (119ms)
	initialDomainReloadingComplete (1207ms)
	LoadAllAssembliesAndSetupDomain (6524ms)
		LoadAssemblies (2863ms)
		TypeCache.Refresh (252ms)
			TypeCache.ScanAssembly (9ms)
		AnalyzeDomain (2818ms)
			BuildScriptInfoCaches (2631ms)
			ResolveRequiredComponents (112ms)
	FinalizeReload (24651ms)
		SetupLoadedEditorAssemblies (0ms)
			LogAssemblyErrors (20ms)
			InitializePlatformSupportModulesInManaged (16ms)
			BeforeProcessingInitializeOnLoad (2889ms)
			ProcessInitializeOnLoadAttributes (5619ms)
			ProcessInitializeOnLoadMethodAttributes (698ms)
			AfterProcessingInitializeOnLoad (74ms)
			EditorAssembliesLoaded (12ms)
		AwakeInstancesAfterBackupRestoration (9294ms)
Refreshing native plugins compatible for Editor in 25.42 ms, found 5 plugins.

Asset Pipeline Refresh (id=43770f44f1863794d9d7e89ca98aba7f): Total: 56.482 seconds - Initiated by RefreshV2(AllowForceSynchronousImport)
	(Values over 0.05ms)
	Summary:
		Imports: total=0 (actual=0, local cache=0, cache server=0)
		Asset DB Process Time: managed=0 ms, native=27613 ms
		Asset DB Callback time: managed=1348 ms, native=888 ms
		Scripting: domain reloads=1, domain reload time=19198 ms, compile time=7432 ms, other=0 ms
		Project Asset Count: scripts=1214, non-scripts=1976
		Asset File Changes: new=0, changed=1, moved=0, deleted=0
		Scan Filter Count: 0
	InvokeCustomDependenciesCallbacks: 1.331ms
	InvokePackagesCallback: 15.159ms
	ApplyChangesToAssetFolders: 26.173ms
	Scan: 203.315ms
	Collect global state as custom dependencies: 47.864ms
	OnSourceAssetsModified: 8.042ms
	CategorizeScriptCompilationAssets: 0.367ms
	ProcessAssetsWithTransientArtifactChanges: 278.919ms
	CategorizeAssets: 1086.512ms
	CompileScripts: 7431.566ms
	ImportOutOfDateAssets: 24747.160ms (24715.861ms without children)
		CollectScriptTypesHashes: 1.667ms
		ReloadNativeAssets: 2.162ms
		UnloadImportedAssets: 2.532ms
		EnsureUptoDateAssetsAreRegisteredWithGuidPM: 2.905ms
		ImportSchedulerStart: 22.299ms
	PostProcessAllAssets: 1372.643ms
		XRBuildSystem.XRAssetImported 5.843ms
		ShaderAssetModifiedCallback 1.981ms
		PostProcessCallbackCreateDeferredMaterials 1.563ms
		VCAutoAddAssetPostprocess 0.663ms
		SpriteAtlasDatabase.OnAssetPostprocessCallback 0.382ms
		PostprocessAssetsUpdateCachedIcon 0.305ms
		WindowTitlePostprocess 0.207ms
		AssemblyValidation.PostprocessAllAssets 0.198ms
		ComputeShaderImportPostprocess 0.067ms
		RaytracingShaderImportPostprocess 0.054ms
		MonoPostProcessAllAssets: 1345.265ms
			BuilderAssetPostprocessor.OnPostprocessAllAssets 302.700ms
			WindowAssetPostprocessingWatcher.OnPostprocessAllAssets 193.680ms
			SyncVS.PostprocessSyncProject 144.626ms
			AssetChangedListener.OnPostprocessAllAssets 142.367ms
			SpriteSlicePostprocessor.OnPostprocessAllAssets 62.742ms
			RetainedModeAssetPostprocessor.OnPostprocessAllAssets 59.825ms
			AssetPostprocessor.OnPostprocessAllAssets 58.403ms
			SpeedTree9Postprocessor.OnPostprocessAllAssets 17.192ms
			ProjectSettingsPostprocessor.OnPostprocessAllAssets 14.570ms
			EditModeScopePostprocessor.OnPostprocessAllAssets 12.494ms
			TMPro_TexturePostProcessor.OnPostprocessAllAssets 10.347ms
			SpeedTreePostProcessor.OnPostprocessAllAssets 9.885ms
			SpriteShapeAssetPostProcessor.OnPostprocessAllAssets 9.739ms
			SpriteEditorTexturePostprocessor.OnPostprocessAllAssets 8.989ms
			CinemachineSettings.OnPostprocessAllAssets 8.850ms
			PSDImportPostProcessor.OnPostprocessAllAssets 8.422ms
			UVCSAssetPostprocessor.OnPostprocessAllAssets 8.061ms
			AudioMixerPostprocessor.OnPostprocessAllAssets 5.035ms
			DomainReloadProcessor.OnPostprocessAllAssets 4.845ms
			TextAssetPostProcessor.OnPostprocessAllAssets 4.785ms
			ArtifactBrowserPostProcessor.OnPostprocessAllAssets 4.319ms
			ThemePostprocessor.OnPostprocessAllAssets 3.997ms
			InputActionAssetPostprocessor.OnPostprocessAllAssets 3.629ms
			ConfigAssetsTracker.OnPostprocessAllAssets 3.329ms
			TerrainToolbarOverlayPostProcessor.OnPostprocessAllAssets 3.322ms
			InputActionJsonNameModifierAssetProcessor.OnPostprocessAllAssets 3.309ms
			AssetDatabaseCallbacks.OnPostprocessAllAssets 2.546ms
			ReferencedClipsPostProcessor.OnPostprocessAllAssets 2.452ms
			SpriteLibraryAssetPostprocessor.OnPostprocessAllAssets 2.348ms
			StyleCatalogPostProcessor.OnPostprocessAllAssets 2.039ms
			SamplePostprocessor.OnPostprocessAllAssets 2.030ms
			AssetEvents.OnPostprocessAllAssets 1.822ms
			RenderPipelineGlobalSettingsPostprocessor.OnPostprocessAllAssets 1.798ms
			PSDImporterAssetPostProcessor.OnPostprocessAllAssets 1.732ms
			AssetReloadNotifier.OnPostprocessAllAssets 1.213ms
			ScenarioDriftAssetsTracker.OnPostprocessAllAssets 1.114ms
			AssetProcessor.OnPostprocessAllAssets 0.452ms
			AudioContainerPostProcessor.OnPostprocessAllAssets 0.450ms
	PostAssetChangesProfiler: 854.753ms
	GatherAllCurrentPrimaryImportResultRevisions: 3.627ms
	PersistCurrentRevisions: 0.354ms
	GenerateScriptTypeHashes: 8.747ms
	GenerateScriptTypeSerializationHashes: 13.319ms
	Untracked: 20313.713ms

[Licensing::Client] Successfully resolved entitlement details
[Licensing::Client] Successfully resolved entitlement details
[Licensing::Client] Successfully resolved entitlement details
Project ID request failed, Reason: The requested URL returned error: 401 (401).
Unknown Unity Connect error (400). Please contact support at support@unity.com while processing request "https://services.unity.com/api/unity/legacy/v1/projects/568c27f6-37e2-4d04-a3cc-cd50cd05e909", HTTP error code 401
.[Licensing::Client] Successfully updated the access token
[Licensing::Module] Successfully updated access token: "GWuK3zq7"... (expires: 2026-10-03T06:44:29Z)
UPID Received '568c27f6-37e2-4d04-a3cc-cd50cd05e909'.
[Licensing::Client] Successfully resolved entitlement details
Asset Pipeline Refresh (id=29ec54985fab97b47821252b5d4f2519): Total: 0.083 seconds - Initiated by RefreshV2(AllowForceSynchronousImport)
[Worker0] Imported GUID: 2baa854f183de5a43afd0b925dd82dea - Path: Assets/Scripts/UI/VignetteController.cs - Importer: ScriptedImporter/UnityEditor.QuickSearchModule:UnityEditor.Search:ASIAI0B -> (ImportResultId: '9124e668cc99acb2107f4182896ccefb') in 0.5254817 seconds
Assembly reference Packages/com.unity.cinemachine/Editor/Samples/ExposeHDRPInternals/HDRP-Editor-ref.asmref has no target assembly definition
[ScriptCompilation] Requested script compilation because: AssetDatabase observed changes in script compilation related files
[Licensing::Client] Successfully resolved entitlement details
Refreshing native plugins compatible for Editor in 26.31 ms, found 5 plugins.

Asset Pipeline Refresh (id=bf05e9a50bf49454e92147ff3e3fddd4): Total: 5.578 seconds - Initiated by StopAssetImportingV2(NoUpdateAssetOptions)
	(Values over 0.05ms)
	Summary:
		Imports: total=0 (actual=0, local cache=0, cache server=0)
		Asset DB Process Time: managed=0 ms, native=959 ms
		Asset DB Callback time: managed=4549 ms, native=62 ms
		Scripting: domain reloads=0, domain reload time=0 ms, compile time=5 ms, other=0 ms
		Project Asset Count: scripts=1214, non-scripts=1976
		Asset File Changes: new=1, changed=1, moved=0, deleted=0
		Scan Filter Count: 4
	ApplyChangesToAssetFolders: 0.646ms
	Scan: 245.782ms
	Collect global state as custom dependencies: 1.426ms
	OnSourceAssetsModified: 15.256ms
	CategorizeScriptCompilationAssets: 0.933ms
	ProcessAssetsWithTransientArtifactChanges: 10.571ms
	CategorizeAssets: 36.333ms
	CompileScripts: 5.350ms
	ImportOutOfDateAssets: 10.313ms (1.769ms without children)
		ReloadNativeAssets: 0.640ms
		UnloadImportedAssets: 0.595ms
		EnsureUptoDateAssetsAreRegisteredWithGuidPM: 1.927ms
		InitializingProgressBar: 0.171ms
		ImportSchedulerStart: 5.205ms
	PostProcessAllAssets: 4339.625ms
		XRBuildSystem.XRAssetImported 9.488ms
		ObjectImages.AssetImported 1.964ms
		PostProcessCallbackCreateDeferredMaterials 1.961ms
		ShaderAssetModifiedCallback 1.032ms
		SpriteAtlasDatabase.OnAssetPostprocessCallback 0.555ms
		VersionControlSettings.HiddenFilePostprocess 0.332ms
		AssemblyValidation.PostprocessAllAssets 0.310ms
		VCAutoAddAssetPostprocess 0.239ms
		WindowTitlePostprocess 0.209ms
		PostprocessAssetsUpdateCachedIcon 0.051ms
		MonoPostProcessAllAssets: 4318.348ms
			SyncVS.PostprocessSyncProject 4300.295ms
			ConfigAssetsTracker.OnPostprocessAllAssets 7.054ms
			AssetPostprocessor.OnPostprocessAllAssets 1.655ms
			SpriteShapeAssetPostProcessor.OnPostprocessAllAssets 1.536ms
			SpriteLibraryAssetPostprocessor.OnPostprocessAllAssets 0.820ms
			AssetChangedListener.OnPostprocessAllAssets 0.699ms
			InputActionAssetPostprocessor.OnPostprocessAllAssets 0.656ms
			WindowAssetPostprocessingWatcher.OnPostprocessAllAssets 0.557ms
			SpriteEditorTexturePostprocessor.OnPostprocessAllAssets 0.538ms
			SpriteSlicePostprocessor.OnPostprocessAllAssets 0.474ms
			PSDImporterAssetPostProcessor.OnPostprocessAllAssets 0.379ms
			AudioMixerPostprocessor.OnPostprocessAllAssets 0.330ms
			AssetDatabaseCallbacks.OnPostprocessAllAssets 0.272ms
			ProjectSettingsPostprocessor.OnPostprocessAllAssets 0.219ms
			AssetEvents.OnPostprocessAllAssets 0.146ms
			TMPro_TexturePostProcessor.OnPostprocessAllAssets 0.127ms
			RenderPipelineGlobalSettingsPostprocessor.OnPostprocessAllAssets 0.115ms
			TextAssetPostProcessor.OnPostprocessAllAssets 0.097ms
			BuilderAssetPostprocessor.OnPostprocessAllAssets 0.091ms
			TerrainToolbarOverlayPostProcessor.OnPostprocessAllAssets 0.077ms
			RetainedModeAssetPostprocessor.OnPostprocessAllAssets 0.077ms
			CinemachineSettings.OnPostprocessAllAssets 0.071ms
			StyleCatalogPostProcessor.OnPostprocessAllAssets 0.062ms
			SpeedTree9Postprocessor.OnPostprocessAllAssets 0.059ms
			AudioContainerPostProcessor.OnPostprocessAllAssets 0.054ms
			InputActionJsonNameModifierAssetProcessor.OnPostprocessAllAssets 0.054ms
	PostAssetChangesProfiler: 258.048ms
	GatherAllCurrentPrimaryImportResultRevisions: 0.860ms
	PersistCurrentRevisions: 0.335ms
	Untracked: 652.404ms

Starting: C:\Program Files\Unity\Hub\Editor\6000.6.0f1\Editor\Data\Tools\BuildPipeline\bee_backend.exe --ipc --defer-dag-verification --dagfile="Library/Bee/1900b0aE.dag" --continue-on-failure --profile="Library/Bee/backend1.traceevents" ScriptAssemblies
WorkingDir: C:/Users/kimji/Ingenieria_MisionKonstruir
[Worker1] Imported GUID: 4b87c55f0b1d2c549bbcb99178ac8796 - Path: Assets/Scripts/UI/HudController.cs - Importer: ScriptedImporter/UnityEditor.QuickSearchModule:UnityEditor.Search:ASIAI0B -> (ImportResultId: '541acaad5f65e69ef5a10c0b37d50fe8') in 0.73847 seconds
ExitCode: 4 Duration: 4s679ms
[747/958    1s] ILPP-Configuration Library/ilpp-configuration.nevergeneratedoutput
Rebuilding DAG because FileSignature timestamp changed: Library/Bee/1900b0aE-inputdata.json
*** Tundra requires additional run (4.43 seconds), 1 items updated, 958 evaluated
Starting: C:\Program Files\Unity\Hub\Editor\6000.6.0f1\Editor\Data\DotNetSdk\dotnet.exe "C:\Program Files\Unity\Hub\Editor\6000.6.0f1\Editor\Data\Tools\BuildPipeline\ScriptCompilationBuildProgram.exe" "Library/Bee/1900b0aE.dag.json" "Library/Bee/1900b0aE-inputdata.json" "Library\Bee\buildprogram0.traceevents"
WorkingDir: C:/Users/kimji/Ingenieria_MisionKonstruir
ExitCode: 0 Duration: 4s595ms
Starting: C:\Program Files\Unity\Hub\Editor\6000.6.0f1\Editor\Data\Tools\BuildPipeline\bee_backend.exe --ipc --defer-dag-verification --dagfile="Library/Bee/1900b0aE.dag" --continue-on-failure --dagfilejson="Library\Bee\1900b0aE.dag.json" --profile="Library/Bee/backend2.traceevents" ScriptAssemblies
WorkingDir: C:/Users/kimji/Ingenieria_MisionKonstruir
ExitCode: 0 Duration: 4s804ms
Finished compiling graph: 961 nodes, 18367 flattened edges (15745 ToBuild, 146 ToUse), maximum node priority 1020
[531/958    0s] WriteText Library/Bee/artifacts/1900b0aE.dag/Assembly-CSharp.rsp
[746/958    0s] ILPP-Configuration Library/ilpp-configuration.nevergeneratedoutput
[954/958    1s] Csc Library/Bee/artifacts/1900b0aE.dag/Assembly-CSharp.dll (+2 others)
Assets\Scripts\Core\GameManager.cs(20,39): warning CS0414: The field 'GameManager.grietaReparada' is assigned but its value is never used
[955/958    0s] ILPostProcess Library/Bee/artifacts/1900b0aE.dag/post-processed/Assembly-CSharp.dll (+pdb)
Processing assembly Library/Bee/artifacts/1900b0aE.dag/Assembly-CSharp.dll, with 150 defines and 350 references

processors: Unity.Jobs.CodeGen.JobsILPostProcessor, zzzUnity.Burst.CodeGen.BurstILPostProcessor

1 processor(s) skipped this assembly

running Unity.Jobs.CodeGen.JobsILPostProcessor
[956/958    0s] CopyFiles Library/ScriptAssemblies/Assembly-CSharp.pdb
[957/958    0s] CopyFiles Library/ScriptAssemblies/Assembly-CSharp.dll
*** Tundra build success (4.66 seconds), 6 items updated, 958 evaluated
Assets\Scripts\Core\GameManager.cs(20,39): warning CS0414: The field 'GameManager.grietaReparada' is assigned but its value is never used
Reloading assemblies after finishing script compilation.
Reloading assemblies after forced synchronous recompile.
Begin MonoManager ReloadAssembly
Total cache size 267849644
Total cache size after purge 267849644, took 00:00:03.6550941
Assembly reference Packages/com.unity.cinemachine/Editor/Samples/ExposeHDRPInternals/HDRP-Editor-ref.asmref has no target assembly definition
Refreshing native plugins compatible for Editor in 15.97 ms, found 5 plugins.
Native extension for WindowsStandalone target not found
Native extension for WebGL target not found
[main 2026-10-03T04:46:23.197Z] update#setState checking for updates
[MODES] ModeService[none].Initialize
[MODES] ModeService[none].LoadModes
[main 2026-10-03T04:46:24.385Z] update#setState idle
ScheduleIndexationOnStartup MainProcess:True IndexOnStartup:True
Scripting: successfully reloaded assembly
- Finished resetting the current domain, in 15.150 seconds
Domain Reload Profiling: 37534ms
	BeginReloadAssembly (18113ms)
		ExecutionOrderSort (30ms)
		DisableScriptedObjects (3305ms)
		CreateAndSetChildDomain (11703ms)
	RebuildCommonClasses (94ms)
	RebuildNativeTypeToScriptingClass (107ms)
	initialDomainReloadingComplete (682ms)
	LoadAllAssembliesAndSetupDomain (3382ms)
		LoadAssemblies (2008ms)
		TypeCache.Refresh (101ms)
			TypeCache.ScanAssembly (6ms)
		AnalyzeDomain (1577ms)
			BuildScriptInfoCaches (1457ms)
			ResolveRequiredComponents (40ms)
	FinalizeReload (15156ms)
		SetupLoadedEditorAssemblies (0ms)
			LogAssemblyErrors (12ms)
			InitializePlatformSupportModulesInManaged (14ms)
			BeforeProcessingInitializeOnLoad (2796ms)
			ProcessInitializeOnLoadAttributes (3222ms)
			ProcessInitializeOnLoadMethodAttributes (634ms)
			AfterProcessingInitializeOnLoad (57ms)
			EditorAssembliesLoaded (9ms)
		AwakeInstancesAfterBackupRestoration (4955ms)
Refreshing native plugins compatible for Editor in 23.48 ms, found 5 plugins.

Asset Pipeline Refresh (id=1d0c040275bd59948a11af9cdbe9a9ad): Total: 41.076 seconds - Initiated by StopAssetImportingV2(ForceSynchronousImport | ForceDomainReload)
	(Values over 0.05ms)
	Summary:
		Imports: total=0 (actual=0, local cache=0, cache server=0)
		Asset DB Process Time: managed=0 ms, native=16400 ms
		Asset DB Callback time: managed=378 ms, native=822 ms
		Scripting: domain reloads=1, domain reload time=23458 ms, compile time=14 ms, other=0 ms
		Project Asset Count: scripts=1214, non-scripts=1976
		Asset File Changes: new=0, changed=0, moved=0, deleted=0
		Scan Filter Count: 0
	InvokeCustomDependenciesCallbacks: 0.442ms
	InvokePackagesCallback: 14.510ms
	ApplyChangesToAssetFolders: 8.722ms
	Collect global state as custom dependencies: 17.626ms
	ProcessAssetsWithTransientArtifactChanges: 18.919ms
	CategorizeAssets: 257.332ms
	CompileScripts: 14.251ms
	ImportOutOfDateAssets: 15228.474ms (15207.895ms without children)
		CollectScriptTypesHashes: 19.462ms
		ReloadNativeAssets: 1.631ms
		UnloadImportedAssets: 0.923ms
		EnsureUptoDateAssetsAreRegisteredWithGuidPM: 2.366ms
		ImportSchedulerStart: 14.936ms
	PostProcessAllAssets: 398.416ms
		XRBuildSystem.XRAssetImported 3.929ms
		VCAutoAddAssetPostprocess 2.085ms
		PostProcessCallbackCreateDeferredMaterials 0.748ms
		Canvas.OnAllAssetImport 0.239ms
		SpriteAtlasDatabase.OnAssetPostprocessCallback 0.219ms
		AssemblyValidation.PostprocessAllAssets 0.193ms
		ShaderAssetModifiedCallback 0.175ms
		PostprocessAssetsUpdateCachedIcon 0.090ms
		MonoPostProcessAllAssets: 378.857ms
			SyncVS.PostprocessSyncProject 56.295ms
			BuilderAssetPostprocessor.OnPostprocessAllAssets 52.103ms
			WindowAssetPostprocessingWatcher.OnPostprocessAllAssets 48.567ms
			AssetChangedListener.OnPostprocessAllAssets 44.249ms
			SpriteSlicePostprocessor.OnPostprocessAllAssets 27.134ms
			AssetPostprocessor.OnPostprocessAllAssets 25.351ms
			ProjectSettingsPostprocessor.OnPostprocessAllAssets 7.821ms
			RetainedModeAssetPostprocessor.OnPostprocessAllAssets 7.330ms
			SpeedTree9Postprocessor.OnPostprocessAllAssets 4.229ms
			EditModeScopePostprocessor.OnPostprocessAllAssets 3.959ms
			ReferencedClipsPostProcessor.OnPostprocessAllAssets 3.065ms
			SpriteEditorTexturePostprocessor.OnPostprocessAllAssets 2.791ms
			TMPro_TexturePostProcessor.OnPostprocessAllAssets 2.591ms
			ArtifactBrowserPostProcessor.OnPostprocessAllAssets 2.424ms
			InputActionAssetPostprocessor.OnPostprocessAllAssets 2.088ms
			SpriteShapeAssetPostProcessor.OnPostprocessAllAssets 2.001ms
			TextAssetPostProcessor.OnPostprocessAllAssets 1.937ms
			AudioMixerPostprocessor.OnPostprocessAllAssets 1.812ms
			InputActionJsonNameModifierAssetProcessor.OnPostprocessAllAssets 1.625ms
			StyleCatalogPostProcessor.OnPostprocessAllAssets 1.457ms
			CinemachineSettings.OnPostprocessAllAssets 1.449ms
			AssetEvents.OnPostprocessAllAssets 1.444ms
			UVCSAssetPostprocessor.OnPostprocessAllAssets 1.215ms
			ThemePostprocessor.OnPostprocessAllAssets 1.018ms
			SpriteLibraryAssetPostprocessor.OnPostprocessAllAssets 0.984ms
			TerrainToolbarOverlayPostProcessor.OnPostprocessAllAssets 0.878ms
			DomainReloadProcessor.OnPostprocessAllAssets 0.837ms
			SpeedTreePostProcessor.OnPostprocessAllAssets 0.804ms
			PSDImportPostProcessor.OnPostprocessAllAssets 0.743ms
			SamplePostprocessor.OnPostprocessAllAssets 0.673ms
			AssetDatabaseCallbacks.OnPostprocessAllAssets 0.635ms
			AssetReloadNotifier.OnPostprocessAllAssets 0.611ms
			ScenarioDriftAssetsTracker.OnPostprocessAllAssets 0.577ms
			AudioContainerPostProcessor.OnPostprocessAllAssets 0.571ms
			ConfigAssetsTracker.OnPostprocessAllAssets 0.567ms
			PSDImporterAssetPostProcessor.OnPostprocessAllAssets 0.467ms
			RenderPipelineGlobalSettingsPostprocessor.OnPostprocessAllAssets 0.462ms
			AssetProcessor.OnPostprocessAllAssets 0.288ms
	PostAssetChangesProfiler: 797.698ms
	GatherAllCurrentPrimaryImportResultRevisions: 20.028ms
	UnloadStreamsBegin: 0.053ms
	PersistCurrentRevisions: 0.233ms
	GenerateScriptTypeHashes: 8.218ms
	GenerateScriptTypeSerializationHashes: 12.740ms
	Untracked: 24222.252ms

[Licensing::Client] Successfully resolved entitlement details
[Licensing::Client] Successfully resolved entitlement details
[Licensing::Client] Successfully resolved entitlement details
Asset Pipeline Refresh (id=c07f10d39d86e66419ab65c642b2c19d): Total: 0.158 seconds - Initiated by RefreshV2(AllowForceSynchronousImport)
[Licensing::Client] Successfully resolved entitlement details


[ScriptCompilation] Requested script compilation because: AssetDatabase observed changes in script compilation related files
Starting: C:\Program Files\Unity\Hub\Editor\6000.6.0f1\Editor\Data\Tools\BuildPipeline\bee_backend.exe --ipc --defer-dag-verification --dagfile="Library/Bee/1900b0aE.dag" --continue-on-failure --profile="Library/Bee/backend1.traceevents" ScriptAssemblies
WorkingDir: C:/Users/kimji/Ingenieria_MisionKonstruir
ExitCode: 0 Duration: 7s170ms
[746/958    1s] ILPP-Configuration Library/ilpp-configuration.nevergeneratedoutput
[954/958    4s] Csc Library/Bee/artifacts/1900b0aE.dag/Assembly-CSharp.dll (+2 others)
Assets\Scripts\Core\GameManager.cs(20,39): warning CS0414: The field 'GameManager.grietaReparada' is assigned but its value is never used
[955/958    0s] ILPostProcess Library/Bee/artifacts/1900b0aE.dag/post-processed/Assembly-CSharp.dll (+pdb)
Processing assembly Library/Bee/artifacts/1900b0aE.dag/Assembly-CSharp.dll, with 150 defines and 350 references

processors: Unity.Jobs.CodeGen.JobsILPostProcessor, zzzUnity.Burst.CodeGen.BurstILPostProcessor

1 processor(s) skipped this assembly

running Unity.Jobs.CodeGen.JobsILPostProcessor
[956/958    0s] CopyFiles Library/ScriptAssemblies/Assembly-CSharp.pdb
[957/958    0s] CopyFiles Library/ScriptAssemblies/Assembly-CSharp.dll
*** Tundra build success (6.81 seconds), 5 items updated, 958 evaluated
Assets\Scripts\Core\GameManager.cs(20,39): warning CS0414: The field 'GameManager.grietaReparada' is assigned but its value is never used
Reloading assemblies after forced synchronous recompile.
Begin MonoManager ReloadAssembly
Total cache size 267849644
Total cache size after purge 267849644, took 00:00:03.5384666
Assembly reference Packages/com.unity.cinemachine/Editor/Samples/ExposeHDRPInternals/HDRP-Editor-ref.asmref has no target assembly definition
Refreshing native plugins compatible for Editor in 25.79 ms, found 5 plugins.
Native extension for WindowsStandalone target not found
Native extension for WebGL target not found
[MODES] ModeService[none].Initialize
[MODES] ModeService[none].LoadModes
ScheduleIndexationOnStartup MainProcess:True IndexOnStartup:True
Scripting: successfully reloaded assembly
- Finished resetting the current domain, in 14.988 seconds
Domain Reload Profiling: 31466ms
	BeginReloadAssembly (11635ms)
		ExecutionOrderSort (5ms)
		DisableScriptedObjects (3613ms)
		CreateAndSetChildDomain (5326ms)
	RebuildCommonClasses (54ms)
	RebuildNativeTypeToScriptingClass (85ms)
	initialDomainReloadingComplete (742ms)
	LoadAllAssembliesAndSetupDomain (3957ms)
		LoadAssemblies (1688ms)
		TypeCache.Refresh (170ms)
			TypeCache.ScanAssembly (5ms)
		AnalyzeDomain (1571ms)
			BuildScriptInfoCaches (1448ms)
			ResolveRequiredComponents (59ms)
	FinalizeReload (14993ms)
		SetupLoadedEditorAssemblies (0ms)
			LogAssemblyErrors (15ms)
			InitializePlatformSupportModulesInManaged (16ms)
			BeforeProcessingInitializeOnLoad (2743ms)
			ProcessInitializeOnLoadAttributes (3859ms)
			ProcessInitializeOnLoadMethodAttributes (567ms)
			AfterProcessingInitializeOnLoad (79ms)
			EditorAssembliesLoaded (14ms)
		AwakeInstancesAfterBackupRestoration (4606ms)
Refreshing native plugins compatible for Editor in 11.95 ms, found 5 plugins.

Asset Pipeline Refresh (id=df7731c1600c1c147af5ec86efaa54a7): Total: 42.800 seconds - Initiated by RefreshV2(AllowForceSynchronousImport)
	(Values over 0.05ms)
	Summary:
		Imports: total=0 (actual=0, local cache=0, cache server=0)
		Asset DB Process Time: managed=0 ms, native=15977 ms
		Asset DB Callback time: managed=312 ms, native=42 ms
		Scripting: domain reloads=1, domain reload time=17075 ms, compile time=9393 ms, other=0 ms
		Project Asset Count: scripts=1214, non-scripts=1976
		Asset File Changes: new=0, changed=1, moved=0, deleted=0
		Scan Filter Count: 0
	InvokePackagesCallback: 15.027ms
	ApplyChangesToAssetFolders: 1.698ms
	Scan: 87.456ms
	Collect global state as custom dependencies: 9.687ms
	OnSourceAssetsModified: 27.786ms
	CategorizeScriptCompilationAssets: 1.687ms
	ProcessAssetsWithTransientArtifactChanges: 31.540ms
	CategorizeAssets: 364.298ms
	CompileScripts: 9392.845ms
	ImportOutOfDateAssets: 15062.273ms (15049.113ms without children)
		CollectScriptTypesHashes: 1.859ms
		ReloadNativeAssets: 1.166ms
		UnloadImportedAssets: 0.429ms
		EnsureUptoDateAssetsAreRegisteredWithGuidPM: 2.774ms
		ImportSchedulerStart: 8.305ms
	PostProcessAllAssets: 299.499ms
		XRBuildSystem.XRAssetImported 3.228ms
		PostProcessCallbackCreateDeferredMaterials 1.744ms
		VCAutoAddAssetPostprocess 0.622ms
		ShaderAssetModifiedCallback 0.451ms
		SpriteAtlasDatabase.OnAssetPostprocessCallback 0.370ms
		Canvas.OnAllAssetImport 0.269ms
		PostprocessAssetsUpdateCachedIcon 0.254ms
		WindowTitlePostprocess 0.195ms
		AssemblyValidation.PostprocessAllAssets 0.186ms
		MonoPostProcessAllAssets: 286.140ms
			SyncVS.PostprocessSyncProject 43.554ms
			BuilderAssetPostprocessor.OnPostprocessAllAssets 39.367ms
			WindowAssetPostprocessingWatcher.OnPostprocessAllAssets 36.138ms
			AssetChangedListener.OnPostprocessAllAssets 29.762ms
			AssetPostprocessor.OnPostprocessAllAssets 24.720ms
			SpriteSlicePostprocessor.OnPostprocessAllAssets 13.294ms
			RetainedModeAssetPostprocessor.OnPostprocessAllAssets 5.146ms
			EditModeScopePostprocessor.OnPostprocessAllAssets 4.318ms
			SpeedTree9Postprocessor.OnPostprocessAllAssets 3.811ms
			ProjectSettingsPostprocessor.OnPostprocessAllAssets 3.725ms
			UVCSAssetPostprocessor.OnPostprocessAllAssets 3.259ms
			SpriteEditorTexturePostprocessor.OnPostprocessAllAssets 2.694ms
			ArtifactBrowserPostProcessor.OnPostprocessAllAssets 2.574ms
			TMPro_TexturePostProcessor.OnPostprocessAllAssets 2.190ms
			AudioMixerPostprocessor.OnPostprocessAllAssets 1.878ms
			SpriteShapeAssetPostProcessor.OnPostprocessAllAssets 1.790ms
			TextAssetPostProcessor.OnPostprocessAllAssets 1.714ms
			InputActionAssetPostprocessor.OnPostprocessAllAssets 1.622ms
			AssetEvents.OnPostprocessAllAssets 1.545ms
			StyleCatalogPostProcessor.OnPostprocessAllAssets 1.398ms
			ReferencedClipsPostProcessor.OnPostprocessAllAssets 1.374ms
			InputActionJsonNameModifierAssetProcessor.OnPostprocessAllAssets 1.153ms
			CinemachineSettings.OnPostprocessAllAssets 1.147ms
			SpriteLibraryAssetPostprocessor.OnPostprocessAllAssets 0.971ms
			SpeedTreePostProcessor.OnPostprocessAllAssets 0.799ms
			TerrainToolbarOverlayPostProcessor.OnPostprocessAllAssets 0.741ms
			ConfigAssetsTracker.OnPostprocessAllAssets 0.736ms
			DomainReloadProcessor.OnPostprocessAllAssets 0.722ms
			ScenarioDriftAssetsTracker.OnPostprocessAllAssets 0.652ms
			SamplePostprocessor.OnPostprocessAllAssets 0.651ms
			AssetDatabaseCallbacks.OnPostprocessAllAssets 0.634ms
			PSDImportPostProcessor.OnPostprocessAllAssets 0.632ms
			ThemePostprocessor.OnPostprocessAllAssets 0.568ms
			AssetReloadNotifier.OnPostprocessAllAssets 0.489ms
			PSDImporterAssetPostProcessor.OnPostprocessAllAssets 0.471ms
			AudioContainerPostProcessor.OnPostprocessAllAssets 0.429ms
			RenderPipelineGlobalSettingsPostprocessor.OnPostprocessAllAssets 0.326ms
			AssetProcessor.OnPostprocessAllAssets 0.262ms
	PostAssetChangesProfiler: 23.417ms
	GatherAllCurrentPrimaryImportResultRevisions: 5.645ms
	PersistCurrentRevisions: 0.233ms
	GenerateScriptTypeHashes: 7.205ms
	GenerateScriptTypeSerializationHashes: 12.788ms
	Untracked: 17418.620ms

[Licensing::Client] Successfully resolved entitlement details
[Licensing::Client] Successfully resolved entitlement details
[Licensing::Client] Successfully resolved entitlement details
Asset Pipeline Refresh (id=89a8cc9a5c3343f41a79e48e5fddabe7): Total: 0.115 seconds - Initiated by RefreshV2(AllowForceSynchronousImport)
Asset Pipeline Refresh (id=503b6fbd633dddd4699609aba6cd8c44): Total: 0.043 seconds - Initiated by RefreshV2(AllowForceSynchronousImport)
[Worker0] Imported GUID: 4b87c55f0b1d2c549bbcb99178ac8796 - Path: Assets/Scripts/UI/HudController.cs - Importer: PreviewImporter -> (ImportResultId: 'fe8dcc14cb38dfd12b7a1af1755c8898') in 0.3169156 seconds
[Licensing::Client] Successfully resolved entitlement details

[ScriptCompilation] Requested script compilation because: AssetDatabase observed changes in script compilation related files
[Licensing::Client] Successfully resolved entitlement details
Starting: C:\Program Files\Unity\Hub\Editor\6000.6.0f1\Editor\Data\Tools\BuildPipeline\bee_backend.exe --ipc --defer-dag-verification --dagfile="Library/Bee/1900b0aE.dag" --continue-on-failure --profile="Library/Bee/backend1.traceevents" ScriptAssemblies
WorkingDir: C:/Users/kimji/Ingenieria_MisionKonstruir
ExitCode: 0 Duration: 3s600ms
[746/958    0s] ILPP-Configuration Library/ilpp-configuration.nevergeneratedoutput
[954/958    1s] Csc Library/Bee/artifacts/1900b0aE.dag/Assembly-CSharp.dll (+2 others)
Assets\Scripts\Core\GameManager.cs(20,39): warning CS0414: The field 'GameManager.grietaReparada' is assigned but its value is never used
[955/958    0s] ILPostProcess Library/Bee/artifacts/1900b0aE.dag/post-processed/Assembly-CSharp.dll (+pdb)
Processing assembly Library/Bee/artifacts/1900b0aE.dag/Assembly-CSharp.dll, with 150 defines and 350 references

processors: Unity.Jobs.CodeGen.JobsILPostProcessor, zzzUnity.Burst.CodeGen.BurstILPostProcessor

1 processor(s) skipped this assembly

running Unity.Jobs.CodeGen.JobsILPostProcessor
[956/958    0s] CopyFiles Library/ScriptAssemblies/Assembly-CSharp.pdb
[957/958    0s] CopyFiles Library/ScriptAssemblies/Assembly-CSharp.dll
*** Tundra build success (3.40 seconds), 5 items updated, 958 evaluated
Assets\Scripts\Core\GameManager.cs(20,39): warning CS0414: The field 'GameManager.grietaReparada' is assigned but its value is never used
Reloading assemblies after forced synchronous recompile.
Begin MonoManager ReloadAssembly
Total cache size 267849644
Total cache size after purge 267849644, took 00:00:03.1999220
Assembly reference Packages/com.unity.cinemachine/Editor/Samples/ExposeHDRPInternals/HDRP-Editor-ref.asmref has no target assembly definition
Refreshing native plugins compatible for Editor in 11.35 ms, found 5 plugins.
Native extension for WindowsStandalone target not found
Native extension for WebGL target not found
[MODES] ModeService[none].Initialize
[MODES] ModeService[none].LoadModes
ScheduleIndexationOnStartup MainProcess:True IndexOnStartup:True
Scripting: successfully reloaded assembly
- Finished resetting the current domain, in 12.239 seconds
Domain Reload Profiling: 30024ms
	BeginReloadAssembly (14607ms)
		ExecutionOrderSort (9ms)
		DisableScriptedObjects (3330ms)
		CreateAndSetChildDomain (7879ms)
	RebuildCommonClasses (70ms)
	RebuildNativeTypeToScriptingClass (86ms)
	initialDomainReloadingComplete (623ms)
	LoadAllAssembliesAndSetupDomain (2395ms)
		LoadAssemblies (1566ms)
		TypeCache.Refresh (124ms)
			TypeCache.ScanAssembly (7ms)
		AnalyzeDomain (940ms)
			BuildScriptInfoCaches (853ms)
			ResolveRequiredComponents (31ms)
	FinalizeReload (12243ms)
		SetupLoadedEditorAssemblies (0ms)
			LogAssemblyErrors (10ms)
			InitializePlatformSupportModulesInManaged (13ms)
			BeforeProcessingInitializeOnLoad (1346ms)
			ProcessInitializeOnLoadAttributes (3631ms)
			ProcessInitializeOnLoadMethodAttributes (520ms)
			AfterProcessingInitializeOnLoad (71ms)
			EditorAssembliesLoaded (11ms)
		AwakeInstancesAfterBackupRestoration (4497ms)
Refreshing native plugins compatible for Editor in 20.39 ms, found 5 plugins.

Asset Pipeline Refresh (id=9b9b10504f0964d4890e54bc47c29170): Total: 38.218 seconds - Initiated by RefreshV2(AllowForceSynchronousImport)
	(Values over 0.05ms)
	Summary:
		Imports: total=0 (actual=0, local cache=0, cache server=0)
		Asset DB Process Time: managed=0 ms, native=13544 ms
		Asset DB Callback time: managed=312 ms, native=303 ms
		Scripting: domain reloads=1, domain reload time=18456 ms, compile time=5600 ms, other=0 ms
		Project Asset Count: scripts=1214, non-scripts=1976
		Asset File Changes: new=0, changed=1, moved=0, deleted=0
		Scan Filter Count: 0
	InvokePackagesCallback: 10.555ms
	ApplyChangesToAssetFolders: 1.092ms
	Scan: 199.428ms
	Collect global state as custom dependencies: 10.051ms
	OnSourceAssetsModified: 4.663ms
	CategorizeScriptCompilationAssets: 0.713ms
	ProcessAssetsWithTransientArtifactChanges: 23.330ms
	CategorizeAssets: 690.462ms
	CompileScripts: 5599.935ms
	ImportOutOfDateAssets: 12294.794ms (12275.648ms without children)
		CollectScriptTypesHashes: 2.833ms
		ReloadNativeAssets: 1.349ms
		UnloadImportedAssets: 0.906ms
		EnsureUptoDateAssetsAreRegisteredWithGuidPM: 2.564ms
		ImportSchedulerStart: 13.680ms
	PostProcessAllAssets: 326.283ms
		XRBuildSystem.XRAssetImported 4.446ms
		PostProcessCallbackCreateDeferredMaterials 1.671ms
		VCAutoAddAssetPostprocess 0.755ms
		ShaderAssetModifiedCallback 0.710ms
		SpriteAtlasDatabase.OnAssetPostprocessCallback 0.535ms
		Canvas.OnAllAssetImport 0.276ms
		AssemblyValidation.PostprocessAllAssets 0.230ms
		PostprocessAssetsUpdateCachedIcon 0.102ms
		LocalizationDatabase.AssetDatabasePostprocessCallback 0.055ms
		ObjectImages.AssetImported 0.052ms
		MonoPostProcessAllAssets: 309.075ms
			SyncVS.PostprocessSyncProject 49.860ms
			WindowAssetPostprocessingWatcher.OnPostprocessAllAssets 42.963ms
			BuilderAssetPostprocessor.OnPostprocessAllAssets 35.147ms
			AssetChangedListener.OnPostprocessAllAssets 27.987ms
			AssetPostprocessor.OnPostprocessAllAssets 22.382ms
			SpriteSlicePostprocessor.OnPostprocessAllAssets 14.155ms
			RetainedModeAssetPostprocessor.OnPostprocessAllAssets 6.544ms
			SpeedTree9Postprocessor.OnPostprocessAllAssets 3.977ms
			EditModeScopePostprocessor.OnPostprocessAllAssets 3.931ms
			ProjectSettingsPostprocessor.OnPostprocessAllAssets 3.711ms
			TMPro_TexturePostProcessor.OnPostprocessAllAssets 2.746ms
			SpriteEditorTexturePostprocessor.OnPostprocessAllAssets 2.696ms
			ArtifactBrowserPostProcessor.OnPostprocessAllAssets 2.275ms
			InputActionAssetPostprocessor.OnPostprocessAllAssets 1.935ms
			UVCSAssetPostprocessor.OnPostprocessAllAssets 1.824ms
			AudioMixerPostprocessor.OnPostprocessAllAssets 1.783ms
			CinemachineSettings.OnPostprocessAllAssets 1.688ms
			SpriteShapeAssetPostProcessor.OnPostprocessAllAssets 1.688ms
			AssetEvents.OnPostprocessAllAssets 1.670ms
			InputActionJsonNameModifierAssetProcessor.OnPostprocessAllAssets 1.366ms
			TextAssetPostProcessor.OnPostprocessAllAssets 1.352ms
			ReferencedClipsPostProcessor.OnPostprocessAllAssets 1.343ms
			DomainReloadProcessor.OnPostprocessAllAssets 1.297ms
			StyleCatalogPostProcessor.OnPostprocessAllAssets 1.270ms
			SpriteLibraryAssetPostprocessor.OnPostprocessAllAssets 1.021ms
			ConfigAssetsTracker.OnPostprocessAllAssets 0.929ms
			AssetDatabaseCallbacks.OnPostprocessAllAssets 0.872ms
			ScenarioDriftAssetsTracker.OnPostprocessAllAssets 0.789ms
			SamplePostprocessor.OnPostprocessAllAssets 0.675ms
			ThemePostprocessor.OnPostprocessAllAssets 0.633ms
			SpeedTreePostProcessor.OnPostprocessAllAssets 0.616ms
			PSDImportPostProcessor.OnPostprocessAllAssets 0.610ms
			TerrainToolbarOverlayPostProcessor.OnPostprocessAllAssets 0.601ms
			AssetReloadNotifier.OnPostprocessAllAssets 0.578ms
			RenderPipelineGlobalSettingsPostprocessor.OnPostprocessAllAssets 0.454ms
			AudioContainerPostProcessor.OnPostprocessAllAssets 0.429ms
			PSDImporterAssetPostProcessor.OnPostprocessAllAssets 0.419ms
			AssetProcessor.OnPostprocessAllAssets 0.318ms
	PostAssetChangesProfiler: 284.611ms
	GatherAllCurrentPrimaryImportResultRevisions: 4.111ms
	PersistCurrentRevisions: 0.370ms
	GenerateScriptTypeHashes: 5.665ms
	GenerateScriptTypeSerializationHashes: 8.804ms
	Untracked: 18712.738ms

[Licensing::Client] Successfully resolved entitlement details
[Licensing::Client] Successfully resolved entitlement details
[Licensing::Client] Successfully resolved entitlement details
Asset Pipeline Refresh (id=817d943ef606d8b4486f0d60144b4051): Total: 0.057 seconds - Initiated by RefreshV2(AllowForceSynchronousImport)
Asset Pipeline Refresh (id=d849c8434c61dea45ba20f78beb83659): Total: 0.018 seconds - Initiated by RefreshV2(AllowForceSynchronousImport)
Asset Pipeline Refresh (id=46c83c2e266c564418da67f9c3e815b5): Total: 0.028 seconds - Initiated by RefreshV2(AllowForceSynchronousImport)
Asset Pipeline Refresh (id=0a53ac239a1273a46a9fe47d27b53aa6): Total: 0.016 seconds - Initiated by RefreshV2(AllowForceSynchronousImport)
Asset Pipeline Refresh (id=5b4f6431b2739784fb827c9c84aa9bbb): Total: 0.023 seconds - Initiated by RefreshV2(AllowForceSynchronousImport)
[ScriptCompilation] Requested script compilation because: AssetDatabase observed changes in script compilation related files
AssetDatabase: script compilation time: 0.013931s
[Licensing::Client] Successfully resolved entitlement details
Starting: C:\Program Files\Unity\Hub\Editor\6000.6.0f1\Editor\Data\Tools\BuildPipeline\bee_backend.exe --ipc --defer-dag-verification --dagfile="Library/Bee/1900b0aE.dag" --continue-on-failure --profile="Library/Bee/backend1.traceevents" ScriptAssemblies
WorkingDir: C:/Users/kimji/Ingenieria_MisionKonstruir
ExitCode: 0 Duration: 10s
[746/958    0s] ILPP-Configuration Library/ilpp-configuration.nevergeneratedoutput
[BUSY       6s] Csc Library/Bee/artifacts/1900b0aE.dag/Assembly-CSharp.dll (+2 others)
[954/958    8s] Csc Library/Bee/artifacts/1900b0aE.dag/Assembly-CSharp.dll (+2 others)
Assets\Scripts\Core\GameManager.cs(20,39): warning CS0414: The field 'GameManager.grietaReparada' is assigned but its value is never used
[955/958    0s] ILPostProcess Library/Bee/artifacts/1900b0aE.dag/post-processed/Assembly-CSharp.dll (+pdb)
Processing assembly Library/Bee/artifacts/1900b0aE.dag/Assembly-CSharp.dll, with 150 defines and 350 references

processors: Unity.Jobs.CodeGen.JobsILPostProcessor, zzzUnity.Burst.CodeGen.BurstILPostProcessor

1 processor(s) skipped this assembly

running Unity.Jobs.CodeGen.JobsILPostProcessor
[956/958    0s] CopyFiles Library/ScriptAssemblies/Assembly-CSharp.pdb
[957/958    0s] CopyFiles Library/ScriptAssemblies/Assembly-CSharp.dll
*** Tundra build success (10.01 seconds), 5 items updated, 958 evaluated
Assets\Scripts\Core\GameManager.cs(20,39): warning CS0414: The field 'GameManager.grietaReparada' is assigned but its value is never used
Reloading assemblies after forced synchronous recompile.
Begin MonoManager ReloadAssembly
Total cache size 267849644
Total cache size after purge 267849644, took 00:00:02.8570585
Assembly reference Packages/com.unity.cinemachine/Editor/Samples/ExposeHDRPInternals/HDRP-Editor-ref.asmref has no target assembly definition
Refreshing native plugins compatible for Editor in 14.81 ms, found 5 plugins.
Native extension for WindowsStandalone target not found
Native extension for WebGL target not found
[MODES] ModeService[none].Initialize
[MODES] ModeService[none].LoadModes
ScheduleIndexationOnStartup MainProcess:True IndexOnStartup:True
Scripting: successfully reloaded assembly
- Finished resetting the current domain, in 12.332 seconds
Domain Reload Profiling: 34350ms
	BeginReloadAssembly (18871ms)
		ExecutionOrderSort (3ms)
		DisableScriptedObjects (3502ms)
		CreateAndSetChildDomain (12546ms)
	RebuildCommonClasses (85ms)
	RebuildNativeTypeToScriptingClass (122ms)
	initialDomainReloadingComplete (531ms)
	LoadAllAssembliesAndSetupDomain (2405ms)
		LoadAssemblies (1551ms)
		TypeCache.Refresh (83ms)
			TypeCache.ScanAssembly (5ms)
		AnalyzeDomain (1021ms)
			BuildScriptInfoCaches (910ms)
			ResolveRequiredComponents (39ms)
	FinalizeReload (12335ms)
		SetupLoadedEditorAssemblies (0ms)
			LogAssemblyErrors (15ms)
			InitializePlatformSupportModulesInManaged (10ms)
			BeforeProcessingInitializeOnLoad (2178ms)
			ProcessInitializeOnLoadAttributes (2746ms)
			ProcessInitializeOnLoadMethodAttributes (380ms)
			AfterProcessingInitializeOnLoad (51ms)
			EditorAssembliesLoaded (12ms)
		AwakeInstancesAfterBackupRestoration (4275ms)
Refreshing native plugins compatible for Editor in 8.89 ms, found 5 plugins.

Asset Pipeline Refresh (id=9355f47662a106c4689cae37dd2ebd9b): Total: 49.186 seconds - Initiated by RefreshV2(AllowForceSynchronousImport)
	(Values over 0.05ms)
	Summary:
		Imports: total=0 (actual=0, local cache=0, cache server=0)
		Asset DB Process Time: managed=0 ms, native=13324 ms
		Asset DB Callback time: managed=306 ms, native=33 ms
		Scripting: domain reloads=1, domain reload time=22469 ms, compile time=13052 ms, other=0 ms
		Project Asset Count: scripts=1214, non-scripts=1976
		Asset File Changes: new=0, changed=1, moved=0, deleted=0
		Scan Filter Count: 0
	InvokePackagesCallback: 9.190ms
	ApplyChangesToAssetFolders: 1.245ms
	Scan: 239.318ms
	Collect global state as custom dependencies: 6.190ms
	OnSourceAssetsModified: 47.546ms
	CategorizeScriptCompilationAssets: 0.875ms
	ProcessAssetsWithTransientArtifactChanges: 28.812ms
	CategorizeAssets: 338.501ms
	CompileScripts: 13051.948ms
	ImportOutOfDateAssets: 12388.185ms (12373.197ms without children)
		CollectScriptTypesHashes: 2.139ms
		ReloadNativeAssets: 1.415ms
		UnloadImportedAssets: 0.263ms
		EnsureUptoDateAssetsAreRegisteredWithGuidPM: 2.482ms
		ImportSchedulerStart: 10.506ms
	PostProcessAllAssets: 274.978ms
		XRBuildSystem.XRAssetImported 4.137ms
		PostProcessCallbackCreateDeferredMaterials 2.942ms
		VCAutoAddAssetPostprocess 0.595ms
		SpriteAtlasDatabase.OnAssetPostprocessCallback 0.465ms
		ShaderAssetModifiedCallback 0.455ms
		Canvas.OnAllAssetImport 0.275ms
		AssemblyValidation.PostprocessAllAssets 0.201ms
		MonoPostProcessAllAssets: 260.229ms
			SyncVS.PostprocessSyncProject 36.631ms
			WindowAssetPostprocessingWatcher.OnPostprocessAllAssets 35.156ms
			BuilderAssetPostprocessor.OnPostprocessAllAssets 34.198ms
			AssetChangedListener.OnPostprocessAllAssets 25.178ms
			AssetPostprocessor.OnPostprocessAllAssets 21.774ms
			SpriteSlicePostprocessor.OnPostprocessAllAssets 13.082ms
			RetainedModeAssetPostprocessor.OnPostprocessAllAssets 4.536ms
			ProjectSettingsPostprocessor.OnPostprocessAllAssets 4.211ms
			SpeedTree9Postprocessor.OnPostprocessAllAssets 3.568ms
			EditModeScopePostprocessor.OnPostprocessAllAssets 3.392ms
			TMPro_TexturePostProcessor.OnPostprocessAllAssets 2.592ms
			SpriteEditorTexturePostprocessor.OnPostprocessAllAssets 2.337ms
			ArtifactBrowserPostProcessor.OnPostprocessAllAssets 2.021ms
			AudioMixerPostprocessor.OnPostprocessAllAssets 1.735ms
			InputActionAssetPostprocessor.OnPostprocessAllAssets 1.674ms
			SpriteShapeAssetPostProcessor.OnPostprocessAllAssets 1.479ms
			TextAssetPostProcessor.OnPostprocessAllAssets 1.400ms
			ReferencedClipsPostProcessor.OnPostprocessAllAssets 1.367ms
			UVCSAssetPostprocessor.OnPostprocessAllAssets 1.317ms
			CinemachineSettings.OnPostprocessAllAssets 1.221ms
			InputActionJsonNameModifierAssetProcessor.OnPostprocessAllAssets 1.221ms
			AssetEvents.OnPostprocessAllAssets 1.198ms
			StyleCatalogPostProcessor.OnPostprocessAllAssets 0.911ms
			SpriteLibraryAssetPostprocessor.OnPostprocessAllAssets 0.838ms
			DomainReloadProcessor.OnPostprocessAllAssets 0.821ms
			ConfigAssetsTracker.OnPostprocessAllAssets 0.687ms
			TerrainToolbarOverlayPostProcessor.OnPostprocessAllAssets 0.669ms
			SpeedTreePostProcessor.OnPostprocessAllAssets 0.654ms
			AssetDatabaseCallbacks.OnPostprocessAllAssets 0.607ms
			ScenarioDriftAssetsTracker.OnPostprocessAllAssets 0.603ms
			SamplePostprocessor.OnPostprocessAllAssets 0.588ms
			PSDImportPostProcessor.OnPostprocessAllAssets 0.580ms
			ThemePostprocessor.OnPostprocessAllAssets 0.541ms
			AssetReloadNotifier.OnPostprocessAllAssets 0.465ms
			AudioContainerPostProcessor.OnPostprocessAllAssets 0.458ms
			PSDImporterAssetPostProcessor.OnPostprocessAllAssets 0.376ms
			RenderPipelineGlobalSettingsPostprocessor.OnPostprocessAllAssets 0.310ms
			AssetProcessor.OnPostprocessAllAssets 0.309ms
	PostAssetChangesProfiler: 16.263ms
	GatherAllCurrentPrimaryImportResultRevisions: 1.478ms
	PersistCurrentRevisions: 0.409ms
	GenerateScriptTypeHashes: 5.453ms
	GenerateScriptTypeSerializationHashes: 9.969ms
	Untracked: 22726.727ms

[Licensing::Client] Successfully resolved entitlement details
[Licensing::Client] Successfully resolved entitlement details
[Licensing::Client] Successfully resolved entitlement details
Importing 'GUID: 1e40d3baecb2d0a428f06b0aa53ed173 - Path: Assets/Scenes/Nivel_1.unity' with importer (DefaultImporter)
Imported 'GUID: 1e40d3baecb2d0a428f06b0aa53ed173' -> (Import Result ID: 'd106840d2dca16176e2a82a1694c6bab') in 0.099 seconds [static dependencies only]. Details - ImportResultOutputID=5bc3971975471fcdb989b951ef1e7e5d DependenciesID=9e5517f65f7487885d8741c1c6ee0dc4 StaticDependenciesID=6fa29f206edb20f2f74ced34f82f9de7 
Refreshing native plugins compatible for Editor in 19.69 ms, found 5 plugins.

Asset Pipeline Refresh (id=373236680553cf243a4602d6cfaa650c): Total: 0.436 seconds - Initiated by StopAssetImportingV2(NoUpdateAssetOptions)
	(Values over 0.05ms)
	Summary:
		Imports: total=1 (actual=1, local cache=0, cache server=0)
		Asset DB Process Time: managed=17 ms, native=338 ms
		Asset DB Callback time: managed=32 ms, native=46 ms
		Scripting: domain reloads=0, domain reload time=0 ms, compile time=0 ms, other=0 ms
		Project Asset Count: scripts=1214, non-scripts=1976
		Asset File Changes: new=0, changed=1, moved=0, deleted=0
		Scan Filter Count: 3
	InvokePackagesCallback: 0.136ms
	ApplyChangesToAssetFolders: 0.668ms
	Scan: 132.067ms
	Collect global state as custom dependencies: 2.119ms
	OnSourceAssetsModified: 7.570ms
	CategorizeScriptCompilationAssets: 0.546ms
	ProcessAssetsWithTransientArtifactChanges: 0.215ms
	CategorizeAssets: 12.336ms
	ImportOutOfDateAssets: 135.275ms (2.639ms without children)
		ImportManagerImport: 119.998ms (3.034ms without children)
			UpdateCategorizedAssets: 0.085ms
		ReloadNativeAssets: 0.391ms
		UnloadImportedAssets: 0.636ms
		EnsureUptoDateAssetsAreRegisteredWithGuidPM: 1.983ms
		ImportSchedulerStart: 9.586ms
	PostProcessAllAssets: 50.069ms
		XRBuildSystem.XRAssetImported 17.352ms
		SpriteAtlasDatabase.OnAssetPostprocessCallback 0.268ms
		PostProcessCallbackCreateDeferredMaterials 0.189ms
		AssemblyValidation.PostprocessAllAssets 0.186ms
		VCAutoAddAssetPostprocess 0.163ms
		MonoPostProcessAllAssets: 28.723ms
			SyncVS.PostprocessSyncProject 12.007ms
			AssetPostprocessor.OnPostprocessAllAssets 4.322ms
			ConfigAssetsTracker.OnPostprocessAllAssets 2.925ms
			AssetChangedListener.OnPostprocessAllAssets 1.390ms
			SpriteEditorTexturePostprocessor.OnPostprocessAllAssets 0.458ms
			SpriteSlicePostprocessor.OnPostprocessAllAssets 0.412ms
			SpriteShapeAssetPostProcessor.OnPostprocessAllAssets 0.325ms
			ProjectSettingsPostprocessor.OnPostprocessAllAssets 0.263ms
			PSDImporterAssetPostProcessor.OnPostprocessAllAssets 0.091ms
			TextAssetPostProcessor.OnPostprocessAllAssets 0.084ms
			TMPro_TexturePostProcessor.OnPostprocessAllAssets 0.072ms
	PostAssetChangesProfiler: 21.342ms
	GatherAllCurrentPrimaryImportResultRevisions: 0.602ms
	PersistCurrentRevisions: 0.663ms
	Untracked: 72.256ms

Asset Pipeline Refresh (id=47ba342041a352e469c6ba81940f9036): Total: 0.142 seconds - Initiated by RefreshV2(AllowForceSynchronousImport)
Asset Pipeline Refresh (id=a9d34d14a18bcd84db321fc81eab5815): Total: 0.013 seconds - Initiated by RefreshV2(AllowForceSynchronousImport)
Asset Pipeline Refresh (id=2e7780f02aee2dc4b8604d9436d57d9c): Total: 0.016 seconds - Initiated by RefreshV2(AllowForceSynchronousImport)
MonoPathRemapper: Attempts to remap: 474846; Successful remaps: 175776
Serialized file version minimum: 23, current 23
[LAYOUT] About to save layout C:\Users\kimji\Ingenieria_MisionKonstruir\UserSettings\Layouts\default-6000.dwlt
[LAYOUT] About to save layout C:/Users/kimji/AppData/Roaming/Unity/Editor-5.x/Preferences\Layouts\current\default-6000.dwlt
Input System module state changed to: ShutdownInProgress.
Input Polling Thread exited.
Input System module state changed to: Shutdown.
[Physics::Module] Cleanup current backend.
[Physics::Module] Id: 0xf2b8ea05
[Licensing::IpcConnector] LicenseClient-CAURFESA-notifications channel disconnected successfully.
[Licensing::IpcConnector] LicenseClient-CAURFESA channel disconnected successfully.
Lingering sessions upon destruction of worker manager
Unity Data Store service was successfully shut down
UDS shutting down local client system
Shut down UDS service system complete
AcceleratorClientConnectionCallback - disconnected - :0
Cleanup mono
CodeReloadManager destroyed
abort_threads: Failed aborting id: 00000000000080F4, mono_thread_manage will ignore it

abort_threads: Failed aborting id: 000000000000877C, mono_thread_manage will ignore it

abort_threads: Failed aborting id: 00000000000080F4, mono_thread_manage will ignore it

abort_threads: Failed aborting id: 000000000000877C, mono_thread_manage will ignore it

debugger-agent: Unable to listen on 3444
[main 2026-10-03T05:21:52.607Z] Extension host with pid 12504 exited with code: 0, signal: unknown.
down
##utp:{"type":"MemoryLeaks","version":2,"phase":"Immediate","time":1791004904881,"processId":21176,"allocatedMemory":28444333,"memoryLabels":[{"Default":279964},{"Permanent":15516},{"NewDelete":99673},{"Thread":4198024},{"Manager":32037},{"VertexData":8},{"Geometry":816},{"Shader":861268},{"Material":24},{"TextureCache":6080},{"GfxDevice":55968},{"Animation":12360},{"Font":350245},{"FreeType":6868},{"FontEngine":736},{"Physics":1970},{"Physics2D":16},{"Serialization":40472},{"Input":45280},{"JobScheduler":256},{"TextLib":17329},{"Mono":48},{"ScriptingNativeRuntime":1755016},{"BaseObject":43536},{"Resource":1208},{"Renderer":2376},{"Transform":4685},{"File":57882},{"WebCam":616},{"Culling":32},{"Terrain":11442},{"Wind":24},{"STL":40},{"String":8830907},{"StaticString":3808},{"Utility":2674083},{"Curl":48},{"PoolAlloc":2216},{"AI":80},{"TypeTree":2989472},{"ScriptManager":195920},{"CodeReload":448},{"RuntimeInitializeOnLoadManager":64},{"Sprites":102},{"SpriteAtlas":120},{"GI":7816},{"CloudService":8160},{"WebRequest":8602},{"VR":49650},{"SceneManager":608},{"Video":208},{"LazyScriptCache":32},{"NativeArray":158400},{"Camera":171025},{"Secure":265},{"SerializationCache":9256},{"APIUpdating":10320},{"Subsystems":336},{"VirtualTexturing":57888},{"StaticSafetyDebugInfo":278528},{"Analytics":768},{"Hierarchy":1188},{"UIElements":40},{"CoreStats":14456},{"Identifiers":7152},{"Gui":268215},{"EditorUtility":212713},{"VersionControl":8},{"Undo":931},{"AssetDatabase":4527300},{"AssetImporter":40},{"EditorGi":328},{"UnityConnect":36881},{"Upm":1988},{"UpmDiagnostics":8},{"AssetCompliance":96},{"DrivenProperties":72},{"LocalIPC":266},{"ProfilerEditor":9746},{"CoreBusinessMetrics":3600},{"Windowing":456},{"Licensing":12808},{"AssetReference":32},{"IPCStream":32}]}
